Copyright 1986-2022 Xilinx, Inc. All Rights Reserved. Copyright 2022-2025 Advanced Micro Devices, Inc. All Rights Reserved.
---------------------------------------------------------------------------------------------------------------------------------------------------------------------------------------------------------------------
| Tool Version : Vivado v.2025.1 (lin64) Build 6140274 Wed May 21 22:58:25 MDT 2025
| Date         : Fri Sep 11 14:40:20 2026
| Host         : k01-dt-0008.ad.oko.camera running 64-bit Ubuntu 24.04.4 LTS
| Command      : report_timing_summary -max_paths 10 -routable_nets -report_unconstrained -file alu_timing_summary_routed.rpt -pb alu_timing_summary_routed.pb -rpx alu_timing_summary_routed.rpx -warn_on_violation
| Design       : alu
| Device       : 7a100t-csg324
| Speed File   : -1  PRODUCTION 1.23 2018-06-13
| Design State : Routed
---------------------------------------------------------------------------------------------------------------------------------------------------------------------------------------------------------------------

Timing Summary Report

------------------------------------------------------------------------------------------------
| Timer Settings
| --------------
------------------------------------------------------------------------------------------------

  Enable Multi Corner Analysis               :  Yes
  Enable Pessimism Removal                   :  Yes
  Pessimism Removal Resolution               :  Nearest Common Node
  Enable Input Delay Default Clock           :  No
  Enable Preset / Clear Arcs                 :  No
  Disable Flight Delays                      :  No
  Ignore I/O Paths                           :  No
  Timing Early Launch at Borrowing Latches   :  No
  Borrow Time for Max Delay Exceptions       :  Yes
  Merge Timing Exceptions                    :  Yes
  Inter-SLR Compensation                     :  Conservative

  Corner  Analyze    Analyze    
  Name    Max Paths  Min Paths  
  ------  ---------  ---------  
  Slow    Yes        Yes        
  Fast    Yes        Yes        


------------------------------------------------------------------------------------------------
| Report Methodology
| ------------------
------------------------------------------------------------------------------------------------

Rule       Severity  Description                    Violations  
---------  --------  -----------------------------  ----------  
TIMING-18  Warning   Missing input or output delay  15          

Note: This report is based on the most recent report_methodology run and may not be up-to-date. Run report_methodology on the current design for the latest report.



check_timing report

Table of Contents
-----------------
1. checking no_clock (0)
2. checking constant_clock (0)
3. checking pulse_width_clock (0)
4. checking unconstrained_internal_endpoints (0)
5. checking no_input_delay (11)
6. checking no_output_delay (4)
7. checking multiple_clock (0)
8. checking generated_clocks (0)
9. checking loops (0)
10. checking partial_input_delay (0)
11. checking partial_output_delay (0)
12. checking latch_loops (0)

1. checking no_clock (0)
------------------------
 There are 0 register/latch pins with no clock.


2. checking constant_clock (0)
------------------------------
 There are 0 register/latch pins with constant_clock.


3. checking pulse_width_clock (0)
---------------------------------
 There are 0 register/latch pins which need pulse_width check


4. checking unconstrained_internal_endpoints (0)
------------------------------------------------
 There are 0 pins that are not constrained for maximum delay.

 There are 0 pins that are not constrained for maximum delay due to constant clock.


5. checking no_input_delay (11)
-------------------------------
 There are 11 input ports with no input delay specified. (HIGH)

 There are 0 input ports with no input delay but user has a false path constraint.


6. checking no_output_delay (4)
-------------------------------
 There are 4 ports with no output delay specified. (HIGH)

 There are 0 ports with no output delay but user has a false path constraint

 There are 0 ports with no output delay but with a timing clock defined on it or propagating through it


7. checking multiple_clock (0)
------------------------------
 There are 0 register/latch pins with multiple clocks.


8. checking generated_clocks (0)
--------------------------------
 There are 0 generated clocks that are not connected to a clock source.


9. checking loops (0)
---------------------
 There are 0 combinational loops in the design.


10. checking partial_input_delay (0)
------------------------------------
 There are 0 input ports with partial input delay specified.


11. checking partial_output_delay (0)
-------------------------------------
 There are 0 ports with partial output delay specified.


12. checking latch_loops (0)
----------------------------
 There are 0 combinational latch loops in the design through latch input



------------------------------------------------------------------------------------------------
| Design Timing Summary
| ---------------------
------------------------------------------------------------------------------------------------

    WNS(ns)      TNS(ns)  TNS Failing Endpoints  TNS Total Endpoints      WHS(ns)      THS(ns)  THS Failing Endpoints  THS Total Endpoints     WPWS(ns)     TPWS(ns)  TPWS Failing Endpoints  TPWS Total Endpoints  
    -------      -------  ---------------------  -------------------      -------      -------  ---------------------  -------------------     --------     --------  ----------------------  --------------------  
      7.071        0.000                      0                    4        0.165        0.000                      0                    4        4.500        0.000                       0                    15  


All user specified timing constraints are met.


------------------------------------------------------------------------------------------------
| Clock Summary
| -------------
------------------------------------------------------------------------------------------------

Clock    Waveform(ns)       Period(ns)      Frequency(MHz)
-----    ------------       ----------      --------------
sys_clk  {0.000 5.000}      10.000          100.000         


------------------------------------------------------------------------------------------------
| Intra Clock Table
| -----------------
------------------------------------------------------------------------------------------------

Clock             WNS(ns)      TNS(ns)  TNS Failing Endpoints  TNS Total Endpoints      WHS(ns)      THS(ns)  THS Failing Endpoints  THS Total Endpoints     WPWS(ns)     TPWS(ns)  TPWS Failing Endpoints  TPWS Total Endpoints  
-----             -------      -------  ---------------------  -------------------      -------      -------  ---------------------  -------------------     --------     --------  ----------------------  --------------------  
sys_clk             7.071        0.000                      0                    4        0.165        0.000                      0                    4        4.500        0.000                       0                    15  


------------------------------------------------------------------------------------------------
| Inter Clock Table
| -----------------
------------------------------------------------------------------------------------------------

From Clock    To Clock          WNS(ns)      TNS(ns)  TNS Failing Endpoints  TNS Total Endpoints      WHS(ns)      THS(ns)  THS Failing Endpoints  THS Total Endpoints  
----------    --------          -------      -------  ---------------------  -------------------      -------      -------  ---------------------  -------------------  


------------------------------------------------------------------------------------------------
| Other Path Groups Table
| -----------------------
------------------------------------------------------------------------------------------------

Path Group    From Clock    To Clock          WNS(ns)      TNS(ns)  TNS Failing Endpoints  TNS Total Endpoints      WHS(ns)      THS(ns)  THS Failing Endpoints  THS Total Endpoints  
----------    ----------    --------          -------      -------  ---------------------  -------------------      -------      -------  ---------------------  -------------------  


------------------------------------------------------------------------------------------------
| User Ignored Path Table
| -----------------------
------------------------------------------------------------------------------------------------

Path Group    From Clock    To Clock    
----------    ----------    --------    


------------------------------------------------------------------------------------------------
| Unconstrained Path Table
| ------------------------
------------------------------------------------------------------------------------------------

Path Group    From Clock    To Clock    
----------    ----------    --------    
(none)                                    
(none)        sys_clk                     
(none)                      sys_clk       


------------------------------------------------------------------------------------------------
| Timing Details
| --------------
------------------------------------------------------------------------------------------------


---------------------------------------------------------------------------------------------------
From Clock:  sys_clk
  To Clock:  sys_clk

Setup :            0  Failing Endpoints,  Worst Slack        7.071ns,  Total Violation        0.000ns
Hold  :            0  Failing Endpoints,  Worst Slack        0.165ns,  Total Violation        0.000ns
PW    :            0  Failing Endpoints,  Worst Slack        4.500ns,  Total Violation        0.000ns
---------------------------------------------------------------------------------------------------


Max Delay Paths
--------------------------------------------------------------------------------------
Slack (MET) :             7.071ns  (required time - arrival time)
  Source:                 a_reg_reg[2]/C
                            (rising edge-triggered cell FDCE clocked by sys_clk  {rise@0.000ns fall@5.000ns period=10.000ns})
  Destination:            result_reg_reg[3]/D
                            (rising edge-triggered cell FDCE clocked by sys_clk  {rise@0.000ns fall@5.000ns period=10.000ns})
  Path Group:             sys_clk
  Path Type:              Setup (Max at Slow Process Corner)
  Requirement:            10.000ns  (sys_clk rise@10.000ns - sys_clk rise@0.000ns)
  Data Path Delay:        2.901ns  (logic 0.840ns (28.956%)  route 2.061ns (71.044%))
  Logic Levels:           2  (LUT6=2)
  Clock Path Skew:        -0.022ns (DCD - SCD + CPR)
    Destination Clock Delay (DCD):    4.418ns = ( 14.418 - 10.000 ) 
    Source Clock Delay      (SCD):    4.782ns
    Clock Pessimism Removal (CPR):    0.342ns
  Clock Uncertainty:      0.035ns  ((TSJ^2 + TIJ^2)^1/2 + DJ) / 2 + PE
    Total System Jitter     (TSJ):    0.071ns
    Total Input Jitter      (TIJ):    0.000ns
    Discrete Jitter          (DJ):    0.000ns
    Phase Error              (PE):    0.000ns

    Location             Delay type                Incr(ns)  Path(ns)    Netlist Resource(s)
  -------------------------------------------------------------------    -------------------
                         (clock sys_clk rise edge)    0.000     0.000 r  
    N15                                               0.000     0.000 r  clk (IN)
                         net (fo=0)                   0.000     0.000    clk
    N15                  IBUF (Prop_ibuf_I_O)         0.948     0.948 r  clk_IBUF_inst/O
                         net (fo=1, routed)           2.016     2.963    clk_IBUF
    BUFGCTRL_X0Y0        BUFG (Prop_bufg_I_O)         0.096     3.059 r  clk_IBUF_BUFG_inst/O
                         net (fo=14, routed)          1.722     4.782    clk_IBUF_BUFG
    SLICE_X0Y58          FDCE                                         r  a_reg_reg[2]/C
  -------------------------------------------------------------------    -------------------
    SLICE_X0Y58          FDCE (Prop_fdce_C_Q)         0.419     5.201 r  a_reg_reg[2]/Q
                         net (fo=3, routed)           1.396     6.597    a_reg[2]
    SLICE_X1Y58          LUT6 (Prop_lut6_I1_O)        0.297     6.894 r  result_reg[3]_i_3/O
                         net (fo=1, routed)           0.665     7.558    result_reg[3]_i_3_n_0
    SLICE_X1Y58          LUT6 (Prop_lut6_I1_O)        0.124     7.682 r  result_reg[3]_i_1/O
                         net (fo=1, routed)           0.000     7.682    alu_result[3]
    SLICE_X1Y58          FDCE                                         r  result_reg_reg[3]/D
  -------------------------------------------------------------------    -------------------

                         (clock sys_clk rise edge)   10.000    10.000 r  
    N15                                               0.000    10.000 r  clk (IN)
                         net (fo=0)                   0.000    10.000    clk
    N15                  IBUF (Prop_ibuf_I_O)         0.814    10.814 r  clk_IBUF_inst/O
                         net (fo=1, routed)           1.911    12.725    clk_IBUF
    BUFGCTRL_X0Y0        BUFG (Prop_bufg_I_O)         0.091    12.816 r  clk_IBUF_BUFG_inst/O
                         net (fo=14, routed)          1.601    14.418    clk_IBUF_BUFG
    SLICE_X1Y58          FDCE                                         r  result_reg_reg[3]/C
                         clock pessimism              0.342    14.760    
                         clock uncertainty           -0.035    14.724    
    SLICE_X1Y58          FDCE (Setup_fdce_C_D)        0.029    14.753    result_reg_reg[3]
  -------------------------------------------------------------------
                         required time                         14.753    
                         arrival time                          -7.682    
  -------------------------------------------------------------------
                         slack                                  7.071    

Slack (MET) :             7.545ns  (required time - arrival time)
  Source:                 b_reg_reg[1]/C
                            (rising edge-triggered cell FDCE clocked by sys_clk  {rise@0.000ns fall@5.000ns period=10.000ns})
  Destination:            result_reg_reg[2]/D
                            (rising edge-triggered cell FDCE clocked by sys_clk  {rise@0.000ns fall@5.000ns period=10.000ns})
  Path Group:             sys_clk
  Path Type:              Setup (Max at Slow Process Corner)
  Requirement:            10.000ns  (sys_clk rise@10.000ns - sys_clk rise@0.000ns)
  Data Path Delay:        2.427ns  (logic 1.076ns (44.334%)  route 1.351ns (55.666%))
  Logic Levels:           2  (LUT4=1 LUT6=1)
  Clock Path Skew:        -0.022ns (DCD - SCD + CPR)
    Destination Clock Delay (DCD):    4.418ns = ( 14.418 - 10.000 ) 
    Source Clock Delay      (SCD):    4.782ns
    Clock Pessimism Removal (CPR):    0.342ns
  Clock Uncertainty:      0.035ns  ((TSJ^2 + TIJ^2)^1/2 + DJ) / 2 + PE
    Total System Jitter     (TSJ):    0.071ns
    Total Input Jitter      (TIJ):    0.000ns
    Discrete Jitter          (DJ):    0.000ns
    Phase Error              (PE):    0.000ns

    Location             Delay type                Incr(ns)  Path(ns)    Netlist Resource(s)
  -------------------------------------------------------------------    -------------------
                         (clock sys_clk rise edge)    0.000     0.000 r  
    N15                                               0.000     0.000 r  clk (IN)
                         net (fo=0)                   0.000     0.000    clk
    N15                  IBUF (Prop_ibuf_I_O)         0.948     0.948 r  clk_IBUF_inst/O
                         net (fo=1, routed)           2.016     2.963    clk_IBUF
    BUFGCTRL_X0Y0        BUFG (Prop_bufg_I_O)         0.096     3.059 r  clk_IBUF_BUFG_inst/O
                         net (fo=14, routed)          1.722     4.782    clk_IBUF_BUFG
    SLICE_X1Y58          FDCE                                         r  b_reg_reg[1]/C
  -------------------------------------------------------------------    -------------------
    SLICE_X1Y58          FDCE (Prop_fdce_C_Q)         0.419     5.201 f  b_reg_reg[1]/Q
                         net (fo=5, routed)           0.669     5.869    b_reg[1]
    SLICE_X0Y58          LUT4 (Prop_lut4_I0_O)        0.325     6.194 r  result_reg[2]_i_2/O
                         net (fo=1, routed)           0.682     6.877    result_reg[2]_i_2_n_0
    SLICE_X0Y58          LUT6 (Prop_lut6_I0_O)        0.332     7.209 r  result_reg[2]_i_1/O
                         net (fo=1, routed)           0.000     7.209    alu_result[2]
    SLICE_X0Y58          FDCE                                         r  result_reg_reg[2]/D
  -------------------------------------------------------------------    -------------------

                         (clock sys_clk rise edge)   10.000    10.000 r  
    N15                                               0.000    10.000 r  clk (IN)
                         net (fo=0)                   0.000    10.000    clk
    N15                  IBUF (Prop_ibuf_I_O)         0.814    10.814 r  clk_IBUF_inst/O
                         net (fo=1, routed)           1.911    12.725    clk_IBUF
    BUFGCTRL_X0Y0        BUFG (Prop_bufg_I_O)         0.091    12.816 r  clk_IBUF_BUFG_inst/O
                         net (fo=14, routed)          1.601    14.418    clk_IBUF_BUFG
    SLICE_X0Y58          FDCE                                         r  result_reg_reg[2]/C
                         clock pessimism              0.342    14.760    
                         clock uncertainty           -0.035    14.724    
    SLICE_X0Y58          FDCE (Setup_fdce_C_D)        0.029    14.753    result_reg_reg[2]
  -------------------------------------------------------------------
                         required time                         14.753    
                         arrival time                          -7.209    
  -------------------------------------------------------------------
                         slack                                  7.545    

Slack (MET) :             8.498ns  (required time - arrival time)
  Source:                 op_reg_reg[0]/C
                            (rising edge-triggered cell FDCE clocked by sys_clk  {rise@0.000ns fall@5.000ns period=10.000ns})
  Destination:            result_reg_reg[0]/D
                            (rising edge-triggered cell FDCE clocked by sys_clk  {rise@0.000ns fall@5.000ns period=10.000ns})
  Path Group:             sys_clk
  Path Type:              Setup (Max at Slow Process Corner)
  Requirement:            10.000ns  (sys_clk rise@10.000ns - sys_clk rise@0.000ns)
  Data Path Delay:        1.475ns  (logic 0.580ns (39.317%)  route 0.895ns (60.683%))
  Logic Levels:           1  (LUT4=1)
  Clock Path Skew:        -0.022ns (DCD - SCD + CPR)
    Destination Clock Delay (DCD):    4.418ns = ( 14.418 - 10.000 ) 
    Source Clock Delay      (SCD):    4.782ns
    Clock Pessimism Removal (CPR):    0.342ns
  Clock Uncertainty:      0.035ns  ((TSJ^2 + TIJ^2)^1/2 + DJ) / 2 + PE
    Total System Jitter     (TSJ):    0.071ns
    Total Input Jitter      (TIJ):    0.000ns
    Discrete Jitter          (DJ):    0.000ns
    Phase Error              (PE):    0.000ns

    Location             Delay type                Incr(ns)  Path(ns)    Netlist Resource(s)
  -------------------------------------------------------------------    -------------------
                         (clock sys_clk rise edge)    0.000     0.000 r  
    N15                                               0.000     0.000 r  clk (IN)
                         net (fo=0)                   0.000     0.000    clk
    N15                  IBUF (Prop_ibuf_I_O)         0.948     0.948 r  clk_IBUF_inst/O
                         net (fo=1, routed)           2.016     2.963    clk_IBUF
    BUFGCTRL_X0Y0        BUFG (Prop_bufg_I_O)         0.096     3.059 r  clk_IBUF_BUFG_inst/O
                         net (fo=14, routed)          1.722     4.782    clk_IBUF_BUFG
    SLICE_X1Y58          FDCE                                         r  op_reg_reg[0]/C
  -------------------------------------------------------------------    -------------------
    SLICE_X1Y58          FDCE (Prop_fdce_C_Q)         0.456     5.238 r  op_reg_reg[0]/Q
                         net (fo=4, routed)           0.895     6.133    op_reg[0]
    SLICE_X0Y58          LUT4 (Prop_lut4_I3_O)        0.124     6.257 r  result_reg[0]_i_1/O
                         net (fo=1, routed)           0.000     6.257    alu_result[0]
    SLICE_X0Y58          FDCE                                         r  result_reg_reg[0]/D
  -------------------------------------------------------------------    -------------------

                         (clock sys_clk rise edge)   10.000    10.000 r  
    N15                                               0.000    10.000 r  clk (IN)
                         net (fo=0)                   0.000    10.000    clk
    N15                  IBUF (Prop_ibuf_I_O)         0.814    10.814 r  clk_IBUF_inst/O
                         net (fo=1, routed)           1.911    12.725    clk_IBUF
    BUFGCTRL_X0Y0        BUFG (Prop_bufg_I_O)         0.091    12.816 r  clk_IBUF_BUFG_inst/O
                         net (fo=14, routed)          1.601    14.418    clk_IBUF_BUFG
    SLICE_X0Y58          FDCE                                         r  result_reg_reg[0]/C
                         clock pessimism              0.342    14.760    
                         clock uncertainty           -0.035    14.724    
    SLICE_X0Y58          FDCE (Setup_fdce_C_D)        0.031    14.755    result_reg_reg[0]
  -------------------------------------------------------------------
                         required time                         14.755    
                         arrival time                          -6.257    
  -------------------------------------------------------------------
                         slack                                  8.498    

Slack (MET) :             8.537ns  (required time - arrival time)
  Source:                 op_reg_reg[1]/C
                            (rising edge-triggered cell FDCE clocked by sys_clk  {rise@0.000ns fall@5.000ns period=10.000ns})
  Destination:            result_reg_reg[1]/D
                            (rising edge-triggered cell FDCE clocked by sys_clk  {rise@0.000ns fall@5.000ns period=10.000ns})
  Path Group:             sys_clk
  Path Type:              Setup (Max at Slow Process Corner)
  Requirement:            10.000ns  (sys_clk rise@10.000ns - sys_clk rise@0.000ns)
  Data Path Delay:        1.458ns  (logic 0.580ns (39.774%)  route 0.878ns (60.226%))
  Logic Levels:           1  (LUT6=1)
  Clock Path Skew:        0.000ns (DCD - SCD + CPR)
    Destination Clock Delay (DCD):    4.418ns = ( 14.418 - 10.000 ) 
    Source Clock Delay      (SCD):    4.782ns
    Clock Pessimism Removal (CPR):    0.364ns
  Clock Uncertainty:      0.035ns  ((TSJ^2 + TIJ^2)^1/2 + DJ) / 2 + PE
    Total System Jitter     (TSJ):    0.071ns
    Total Input Jitter      (TIJ):    0.000ns
    Discrete Jitter          (DJ):    0.000ns
    Phase Error              (PE):    0.000ns

    Location             Delay type                Incr(ns)  Path(ns)    Netlist Resource(s)
  -------------------------------------------------------------------    -------------------
                         (clock sys_clk rise edge)    0.000     0.000 r  
    N15                                               0.000     0.000 r  clk (IN)
                         net (fo=0)                   0.000     0.000    clk
    N15                  IBUF (Prop_ibuf_I_O)         0.948     0.948 r  clk_IBUF_inst/O
                         net (fo=1, routed)           2.016     2.963    clk_IBUF
    BUFGCTRL_X0Y0        BUFG (Prop_bufg_I_O)         0.096     3.059 r  clk_IBUF_BUFG_inst/O
                         net (fo=14, routed)          1.722     4.782    clk_IBUF_BUFG
    SLICE_X1Y58          FDCE                                         r  op_reg_reg[1]/C
  -------------------------------------------------------------------    -------------------
    SLICE_X1Y58          FDCE (Prop_fdce_C_Q)         0.456     5.238 r  op_reg_reg[1]/Q
                         net (fo=4, routed)           0.878     6.116    op_reg[1]
    SLICE_X1Y58          LUT6 (Prop_lut6_I4_O)        0.124     6.240 r  result_reg[1]_i_1/O
                         net (fo=1, routed)           0.000     6.240    alu_result[1]
    SLICE_X1Y58          FDCE                                         r  result_reg_reg[1]/D
  -------------------------------------------------------------------    -------------------

                         (clock sys_clk rise edge)   10.000    10.000 r  
    N15                                               0.000    10.000 r  clk (IN)
                         net (fo=0)                   0.000    10.000    clk
    N15                  IBUF (Prop_ibuf_I_O)         0.814    10.814 r  clk_IBUF_inst/O
                         net (fo=1, routed)           1.911    12.725    clk_IBUF
    BUFGCTRL_X0Y0        BUFG (Prop_bufg_I_O)         0.091    12.816 r  clk_IBUF_BUFG_inst/O
                         net (fo=14, routed)          1.601    14.418    clk_IBUF_BUFG
    SLICE_X1Y58          FDCE                                         r  result_reg_reg[1]/C
                         clock pessimism              0.364    14.782    
                         clock uncertainty           -0.035    14.746    
    SLICE_X1Y58          FDCE (Setup_fdce_C_D)        0.031    14.777    result_reg_reg[1]
  -------------------------------------------------------------------
                         required time                         14.777    
                         arrival time                          -6.240    
  -------------------------------------------------------------------
                         slack                                  8.537    





Min Delay Paths
--------------------------------------------------------------------------------------
Slack (MET) :             0.165ns  (arrival time - required time)
  Source:                 op_reg_reg[0]/C
                            (rising edge-triggered cell FDCE clocked by sys_clk  {rise@0.000ns fall@5.000ns period=10.000ns})
  Destination:            result_reg_reg[2]/D
                            (rising edge-triggered cell FDCE clocked by sys_clk  {rise@0.000ns fall@5.000ns period=10.000ns})
  Path Group:             sys_clk
  Path Type:              Hold (Min at Fast Process Corner)
  Requirement:            0.000ns  (sys_clk rise@0.000ns - sys_clk rise@0.000ns)
  Data Path Delay:        0.269ns  (logic 0.186ns (69.165%)  route 0.083ns (30.835%))
  Logic Levels:           1  (LUT6=1)
  Clock Path Skew:        0.013ns (DCD - SCD - CPR)
    Destination Clock Delay (DCD):    1.963ns
    Source Clock Delay      (SCD):    1.443ns
    Clock Pessimism Removal (CPR):    0.506ns

    Location             Delay type                Incr(ns)  Path(ns)    Netlist Resource(s)
  -------------------------------------------------------------------    -------------------
                         (clock sys_clk rise edge)    0.000     0.000 r  
    N15                                               0.000     0.000 r  clk (IN)
                         net (fo=0)                   0.000     0.000    clk
    N15                  IBUF (Prop_ibuf_I_O)         0.177     0.177 r  clk_IBUF_inst/O
                         net (fo=1, routed)           0.640     0.817    clk_IBUF
    BUFGCTRL_X0Y0        BUFG (Prop_bufg_I_O)         0.026     0.843 r  clk_IBUF_BUFG_inst/O
                         net (fo=14, routed)          0.601     1.443    clk_IBUF_BUFG
    SLICE_X1Y58          FDCE                                         r  op_reg_reg[0]/C
  -------------------------------------------------------------------    -------------------
    SLICE_X1Y58          FDCE (Prop_fdce_C_Q)         0.141     1.584 r  op_reg_reg[0]/Q
                         net (fo=4, routed)           0.083     1.667    op_reg[0]
    SLICE_X0Y58          LUT6 (Prop_lut6_I5_O)        0.045     1.712 r  result_reg[2]_i_1/O
                         net (fo=1, routed)           0.000     1.712    alu_result[2]
    SLICE_X0Y58          FDCE                                         r  result_reg_reg[2]/D
  -------------------------------------------------------------------    -------------------

                         (clock sys_clk rise edge)    0.000     0.000 r  
    N15                                               0.000     0.000 r  clk (IN)
                         net (fo=0)                   0.000     0.000    clk
    N15                  IBUF (Prop_ibuf_I_O)         0.365     0.365 r  clk_IBUF_inst/O
                         net (fo=1, routed)           0.695     1.060    clk_IBUF
    BUFGCTRL_X0Y0        BUFG (Prop_bufg_I_O)         0.029     1.089 r  clk_IBUF_BUFG_inst/O
                         net (fo=14, routed)          0.874     1.963    clk_IBUF_BUFG
    SLICE_X0Y58          FDCE                                         r  result_reg_reg[2]/C
                         clock pessimism             -0.506     1.456    
    SLICE_X0Y58          FDCE (Hold_fdce_C_D)         0.091     1.547    result_reg_reg[2]
  -------------------------------------------------------------------
                         required time                         -1.547    
                         arrival time                           1.712    
  -------------------------------------------------------------------
                         slack                                  0.165    

Slack (MET) :             0.191ns  (arrival time - required time)
  Source:                 op_reg_reg[1]/C
                            (rising edge-triggered cell FDCE clocked by sys_clk  {rise@0.000ns fall@5.000ns period=10.000ns})
  Destination:            result_reg_reg[0]/D
                            (rising edge-triggered cell FDCE clocked by sys_clk  {rise@0.000ns fall@5.000ns period=10.000ns})
  Path Group:             sys_clk
  Path Type:              Hold (Min at Fast Process Corner)
  Requirement:            0.000ns  (sys_clk rise@0.000ns - sys_clk rise@0.000ns)
  Data Path Delay:        0.296ns  (logic 0.186ns (62.921%)  route 0.110ns (37.079%))
  Logic Levels:           1  (LUT4=1)
  Clock Path Skew:        0.013ns (DCD - SCD - CPR)
    Destination Clock Delay (DCD):    1.963ns
    Source Clock Delay      (SCD):    1.443ns
    Clock Pessimism Removal (CPR):    0.506ns

    Location             Delay type                Incr(ns)  Path(ns)    Netlist Resource(s)
  -------------------------------------------------------------------    -------------------
                         (clock sys_clk rise edge)    0.000     0.000 r  
    N15                                               0.000     0.000 r  clk (IN)
                         net (fo=0)                   0.000     0.000    clk
    N15                  IBUF (Prop_ibuf_I_O)         0.177     0.177 r  clk_IBUF_inst/O
                         net (fo=1, routed)           0.640     0.817    clk_IBUF
    BUFGCTRL_X0Y0        BUFG (Prop_bufg_I_O)         0.026     0.843 r  clk_IBUF_BUFG_inst/O
                         net (fo=14, routed)          0.601     1.443    clk_IBUF_BUFG
    SLICE_X1Y58          FDCE                                         r  op_reg_reg[1]/C
  -------------------------------------------------------------------    -------------------
    SLICE_X1Y58          FDCE (Prop_fdce_C_Q)         0.141     1.584 r  op_reg_reg[1]/Q
                         net (fo=4, routed)           0.110     1.694    op_reg[1]
    SLICE_X0Y58          LUT4 (Prop_lut4_I2_O)        0.045     1.739 r  result_reg[0]_i_1/O
                         net (fo=1, routed)           0.000     1.739    alu_result[0]
    SLICE_X0Y58          FDCE                                         r  result_reg_reg[0]/D
  -------------------------------------------------------------------    -------------------

                         (clock sys_clk rise edge)    0.000     0.000 r  
    N15                                               0.000     0.000 r  clk (IN)
                         net (fo=0)                   0.000     0.000    clk
    N15                  IBUF (Prop_ibuf_I_O)         0.365     0.365 r  clk_IBUF_inst/O
                         net (fo=1, routed)           0.695     1.060    clk_IBUF
    BUFGCTRL_X0Y0        BUFG (Prop_bufg_I_O)         0.029     1.089 r  clk_IBUF_BUFG_inst/O
                         net (fo=14, routed)          0.874     1.963    clk_IBUF_BUFG
    SLICE_X0Y58          FDCE                                         r  result_reg_reg[0]/C
                         clock pessimism             -0.506     1.456    
    SLICE_X0Y58          FDCE (Hold_fdce_C_D)         0.092     1.548    result_reg_reg[0]
  -------------------------------------------------------------------
                         required time                         -1.548    
                         arrival time                           1.739    
  -------------------------------------------------------------------
                         slack                                  0.191    

Slack (MET) :             0.231ns  (arrival time - required time)
  Source:                 b_reg_reg[1]/C
                            (rising edge-triggered cell FDCE clocked by sys_clk  {rise@0.000ns fall@5.000ns period=10.000ns})
  Destination:            result_reg_reg[1]/D
                            (rising edge-triggered cell FDCE clocked by sys_clk  {rise@0.000ns fall@5.000ns period=10.000ns})
  Path Group:             sys_clk
  Path Type:              Hold (Min at Fast Process Corner)
  Requirement:            0.000ns  (sys_clk rise@0.000ns - sys_clk rise@0.000ns)
  Data Path Delay:        0.323ns  (logic 0.227ns (70.198%)  route 0.096ns (29.802%))
  Logic Levels:           1  (LUT6=1)
  Clock Path Skew:        0.000ns (DCD - SCD - CPR)
    Destination Clock Delay (DCD):    1.963ns
    Source Clock Delay      (SCD):    1.443ns
    Clock Pessimism Removal (CPR):    0.519ns

    Location             Delay type                Incr(ns)  Path(ns)    Netlist Resource(s)
  -------------------------------------------------------------------    -------------------
                         (clock sys_clk rise edge)    0.000     0.000 r  
    N15                                               0.000     0.000 r  clk (IN)
                         net (fo=0)                   0.000     0.000    clk
    N15                  IBUF (Prop_ibuf_I_O)         0.177     0.177 r  clk_IBUF_inst/O
                         net (fo=1, routed)           0.640     0.817    clk_IBUF
    BUFGCTRL_X0Y0        BUFG (Prop_bufg_I_O)         0.026     0.843 r  clk_IBUF_BUFG_inst/O
                         net (fo=14, routed)          0.601     1.443    clk_IBUF_BUFG
    SLICE_X1Y58          FDCE                                         r  b_reg_reg[1]/C
  -------------------------------------------------------------------    -------------------
    SLICE_X1Y58          FDCE (Prop_fdce_C_Q)         0.128     1.571 r  b_reg_reg[1]/Q
                         net (fo=5, routed)           0.096     1.668    b_reg[1]
    SLICE_X1Y58          LUT6 (Prop_lut6_I2_O)        0.099     1.767 r  result_reg[1]_i_1/O
                         net (fo=1, routed)           0.000     1.767    alu_result[1]
    SLICE_X1Y58          FDCE                                         r  result_reg_reg[1]/D
  -------------------------------------------------------------------    -------------------

                         (clock sys_clk rise edge)    0.000     0.000 r  
    N15                                               0.000     0.000 r  clk (IN)
                         net (fo=0)                   0.000     0.000    clk
    N15                  IBUF (Prop_ibuf_I_O)         0.365     0.365 r  clk_IBUF_inst/O
                         net (fo=1, routed)           0.695     1.060    clk_IBUF
    BUFGCTRL_X0Y0        BUFG (Prop_bufg_I_O)         0.029     1.089 r  clk_IBUF_BUFG_inst/O
                         net (fo=14, routed)          0.874     1.963    clk_IBUF_BUFG
    SLICE_X1Y58          FDCE                                         r  result_reg_reg[1]/C
                         clock pessimism             -0.519     1.443    
    SLICE_X1Y58          FDCE (Hold_fdce_C_D)         0.092     1.535    result_reg_reg[1]
  -------------------------------------------------------------------
                         required time                         -1.535    
                         arrival time                           1.767    
  -------------------------------------------------------------------
                         slack                                  0.231    

Slack (MET) :             0.263ns  (arrival time - required time)
  Source:                 a_reg_reg[1]/C
                            (rising edge-triggered cell FDCE clocked by sys_clk  {rise@0.000ns fall@5.000ns period=10.000ns})
  Destination:            result_reg_reg[3]/D
                            (rising edge-triggered cell FDCE clocked by sys_clk  {rise@0.000ns fall@5.000ns period=10.000ns})
  Path Group:             sys_clk
  Path Type:              Hold (Min at Fast Process Corner)
  Requirement:            0.000ns  (sys_clk rise@0.000ns - sys_clk rise@0.000ns)
  Data Path Delay:        0.367ns  (logic 0.231ns (63.021%)  route 0.136ns (36.979%))
  Logic Levels:           2  (LUT6=2)
  Clock Path Skew:        0.013ns (DCD - SCD - CPR)
    Destination Clock Delay (DCD):    1.963ns
    Source Clock Delay      (SCD):    1.443ns
    Clock Pessimism Removal (CPR):    0.506ns

    Location             Delay type                Incr(ns)  Path(ns)    Netlist Resource(s)
  -------------------------------------------------------------------    -------------------
                         (clock sys_clk rise edge)    0.000     0.000 r  
    N15                                               0.000     0.000 r  clk (IN)
                         net (fo=0)                   0.000     0.000    clk
    N15                  IBUF (Prop_ibuf_I_O)         0.177     0.177 r  clk_IBUF_inst/O
                         net (fo=1, routed)           0.640     0.817    clk_IBUF
    BUFGCTRL_X0Y0        BUFG (Prop_bufg_I_O)         0.026     0.843 r  clk_IBUF_BUFG_inst/O
                         net (fo=14, routed)          0.601     1.443    clk_IBUF_BUFG
    SLICE_X0Y58          FDCE                                         r  a_reg_reg[1]/C
  -------------------------------------------------------------------    -------------------
    SLICE_X0Y58          FDCE (Prop_fdce_C_Q)         0.141     1.584 r  a_reg_reg[1]/Q
                         net (fo=5, routed)           0.084     1.669    a_reg[1]
    SLICE_X1Y58          LUT6 (Prop_lut6_I4_O)        0.045     1.714 r  result_reg[3]_i_2/O
                         net (fo=1, routed)           0.051     1.765    result_reg[3]_i_2_n_0
    SLICE_X1Y58          LUT6 (Prop_lut6_I0_O)        0.045     1.810 r  result_reg[3]_i_1/O
                         net (fo=1, routed)           0.000     1.810    alu_result[3]
    SLICE_X1Y58          FDCE                                         r  result_reg_reg[3]/D
  -------------------------------------------------------------------    -------------------

                         (clock sys_clk rise edge)    0.000     0.000 r  
    N15                                               0.000     0.000 r  clk (IN)
                         net (fo=0)                   0.000     0.000    clk
    N15                  IBUF (Prop_ibuf_I_O)         0.365     0.365 r  clk_IBUF_inst/O
                         net (fo=1, routed)           0.695     1.060    clk_IBUF
    BUFGCTRL_X0Y0        BUFG (Prop_bufg_I_O)         0.029     1.089 r  clk_IBUF_BUFG_inst/O
                         net (fo=14, routed)          0.874     1.963    clk_IBUF_BUFG
    SLICE_X1Y58          FDCE                                         r  result_reg_reg[3]/C
                         clock pessimism             -0.506     1.456    
    SLICE_X1Y58          FDCE (Hold_fdce_C_D)         0.091     1.547    result_reg_reg[3]
  -------------------------------------------------------------------
                         required time                         -1.547    
                         arrival time                           1.810    
  -------------------------------------------------------------------
                         slack                                  0.263    





Pulse Width Checks
--------------------------------------------------------------------------------------
Clock Name:         sys_clk
Waveform(ns):       { 0.000 5.000 }
Period(ns):         10.000
Sources:            { clk }

Check Type        Corner  Lib Pin  Reference Pin  Required(ns)  Actual(ns)  Slack(ns)  Location       Pin
Min Period        n/a     BUFG/I   n/a            2.155         10.000      7.845      BUFGCTRL_X0Y0  clk_IBUF_BUFG_inst/I
Min Period        n/a     FDCE/C   n/a            1.000         10.000      9.000      SLICE_X0Y58    a_reg_reg[0]/C
Min Period        n/a     FDCE/C   n/a            1.000         10.000      9.000      SLICE_X0Y58    a_reg_reg[1]/C
Min Period        n/a     FDCE/C   n/a            1.000         10.000      9.000      SLICE_X0Y58    a_reg_reg[2]/C
Min Period        n/a     FDCE/C   n/a            1.000         10.000      9.000      SLICE_X0Y57    a_reg_reg[3]/C
Min Period        n/a     FDCE/C   n/a            1.000         10.000      9.000      SLICE_X0Y58    b_reg_reg[0]/C
Min Period        n/a     FDCE/C   n/a            1.000         10.000      9.000      SLICE_X1Y58    b_reg_reg[1]/C
Min Period        n/a     FDCE/C   n/a            1.000         10.000      9.000      SLICE_X0Y58    b_reg_reg[2]/C
Min Period        n/a     FDCE/C   n/a            1.000         10.000      9.000      SLICE_X1Y58    b_reg_reg[3]/C
Min Period        n/a     FDCE/C   n/a            1.000         10.000      9.000      SLICE_X1Y58    op_reg_reg[0]/C
Low Pulse Width   Slow    FDCE/C   n/a            0.500         5.000       4.500      SLICE_X0Y58    a_reg_reg[0]/C
Low Pulse Width   Fast    FDCE/C   n/a            0.500         5.000       4.500      SLICE_X0Y58    a_reg_reg[0]/C
Low Pulse Width   Slow    FDCE/C   n/a            0.500         5.000       4.500      SLICE_X0Y58    a_reg_reg[1]/C
Low Pulse Width   Fast    FDCE/C   n/a            0.500         5.000       4.500      SLICE_X0Y58    a_reg_reg[1]/C
Low Pulse Width   Slow    FDCE/C   n/a            0.500         5.000       4.500      SLICE_X0Y58    a_reg_reg[2]/C
Low Pulse Width   Fast    FDCE/C   n/a            0.500         5.000       4.500      SLICE_X0Y58    a_reg_reg[2]/C
Low Pulse Width   Slow    FDCE/C   n/a            0.500         5.000       4.500      SLICE_X0Y57    a_reg_reg[3]/C
Low Pulse Width   Fast    FDCE/C   n/a            0.500         5.000       4.500      SLICE_X0Y57    a_reg_reg[3]/C
Low Pulse Width   Slow    FDCE/C   n/a            0.500         5.000       4.500      SLICE_X0Y58    b_reg_reg[0]/C
Low Pulse Width   Fast    FDCE/C   n/a            0.500         5.000       4.500      SLICE_X0Y58    b_reg_reg[0]/C
High Pulse Width  Slow    FDCE/C   n/a            0.500         5.000       4.500      SLICE_X0Y58    a_reg_reg[0]/C
High Pulse Width  Fast    FDCE/C   n/a            0.500         5.000       4.500      SLICE_X0Y58    a_reg_reg[0]/C
High Pulse Width  Slow    FDCE/C   n/a            0.500         5.000       4.500      SLICE_X0Y58    a_reg_reg[1]/C
High Pulse Width  Fast    FDCE/C   n/a            0.500         5.000       4.500      SLICE_X0Y58    a_reg_reg[1]/C
High Pulse Width  Slow    FDCE/C   n/a            0.500         5.000       4.500      SLICE_X0Y58    a_reg_reg[2]/C
High Pulse Width  Fast    FDCE/C   n/a            0.500         5.000       4.500      SLICE_X0Y58    a_reg_reg[2]/C
High Pulse Width  Slow    FDCE/C   n/a            0.500         5.000       4.500      SLICE_X0Y57    a_reg_reg[3]/C
High Pulse Width  Fast    FDCE/C   n/a            0.500         5.000       4.500      SLICE_X0Y57    a_reg_reg[3]/C
High Pulse Width  Slow    FDCE/C   n/a            0.500         5.000       4.500      SLICE_X0Y58    b_reg_reg[0]/C
High Pulse Width  Fast    FDCE/C   n/a            0.500         5.000       4.500      SLICE_X0Y58    b_reg_reg[0]/C



--------------------------------------------------------------------------------------
Path Group:  (none)
From Clock:  
  To Clock:  

Max Delay             4 Endpoints
Min Delay             4 Endpoints
--------------------------------------------------------------------------------------


Max Delay Paths
--------------------------------------------------------------------------------------
Slack:                    inf
  Source:                 oe
                            (input port)
  Destination:            result[3]
                            (output port)
  Path Group:             (none)
  Path Type:              Max at Slow Process Corner
  Data Path Delay:        7.221ns  (logic 3.790ns (52.477%)  route 3.432ns (47.523%))
  Logic Levels:           3  (IBUF=1 LUT1=1 OBUFT=1)

    Location             Delay type                Incr(ns)  Path(ns)    Netlist Resource(s)
  -------------------------------------------------------------------    -------------------
    U12                                               0.000     0.000 r  oe (IN)
                         net (fo=0)                   0.000     0.000    oe
    U12                  IBUF (Prop_ibuf_I_O)         1.008     1.008 r  oe_IBUF_inst/O
                         net (fo=1, routed)           1.212     2.220    oe_IBUF
    SLICE_X0Y61          LUT1 (Prop_lut1_I0_O)        0.124     2.344 f  result_OBUFT[3]_inst_i_1/O
                         net (fo=4, routed)           2.220     4.564    result_TRI[0]
    U18                  OBUFT (TriStatE_obuft_T_O)
                                                      2.657     7.221 r  result_OBUFT[3]_inst/O
                         net (fo=0)                   0.000     7.221    result[3]
    U18                                                               r  result[3] (OUT)
  -------------------------------------------------------------------    -------------------

Slack:                    inf
  Source:                 oe
                            (input port)
  Destination:            result[2]
                            (output port)
  Path Group:             (none)
  Path Type:              Max at Slow Process Corner
  Data Path Delay:        7.088ns  (logic 3.796ns (53.557%)  route 3.292ns (46.443%))
  Logic Levels:           3  (IBUF=1 LUT1=1 OBUFT=1)

    Location             Delay type                Incr(ns)  Path(ns)    Netlist Resource(s)
  -------------------------------------------------------------------    -------------------
    U12                                               0.000     0.000 r  oe (IN)
                         net (fo=0)                   0.000     0.000    oe
    U12                  IBUF (Prop_ibuf_I_O)         1.008     1.008 r  oe_IBUF_inst/O
                         net (fo=1, routed)           1.212     2.220    oe_IBUF
    SLICE_X0Y61          LUT1 (Prop_lut1_I0_O)        0.124     2.344 f  result_OBUFT[3]_inst_i_1/O
                         net (fo=4, routed)           2.080     4.424    result_TRI[0]
    U16                  OBUFT (TriStatE_obuft_T_O)
                                                      2.664     7.088 r  result_OBUFT[2]_inst/O
                         net (fo=0)                   0.000     7.088    result[2]
    U16                                                               r  result[2] (OUT)
  -------------------------------------------------------------------    -------------------

Slack:                    inf
  Source:                 oe
                            (input port)
  Destination:            result[1]
                            (output port)
  Path Group:             (none)
  Path Type:              Max at Slow Process Corner
  Data Path Delay:        6.934ns  (logic 3.793ns (54.691%)  route 3.142ns (45.309%))
  Logic Levels:           3  (IBUF=1 LUT1=1 OBUFT=1)

    Location             Delay type                Incr(ns)  Path(ns)    Netlist Resource(s)
  -------------------------------------------------------------------    -------------------
    U12                                               0.000     0.000 r  oe (IN)
                         net (fo=0)                   0.000     0.000    oe
    U12                  IBUF (Prop_ibuf_I_O)         1.008     1.008 r  oe_IBUF_inst/O
                         net (fo=1, routed)           1.212     2.220    oe_IBUF
    SLICE_X0Y61          LUT1 (Prop_lut1_I0_O)        0.124     2.344 f  result_OBUFT[3]_inst_i_1/O
                         net (fo=4, routed)           1.930     4.274    result_TRI[0]
    V17                  OBUFT (TriStatE_obuft_T_O)
                                                      2.660     6.934 r  result_OBUFT[1]_inst/O
                         net (fo=0)                   0.000     6.934    result[1]
    V17                                                               r  result[1] (OUT)
  -------------------------------------------------------------------    -------------------

Slack:                    inf
  Source:                 oe
                            (input port)
  Destination:            result[0]
                            (output port)
  Path Group:             (none)
  Path Type:              Max at Slow Process Corner
  Data Path Delay:        6.793ns  (logic 3.801ns (55.958%)  route 2.992ns (44.042%))
  Logic Levels:           3  (IBUF=1 LUT1=1 OBUFT=1)

    Location             Delay type                Incr(ns)  Path(ns)    Netlist Resource(s)
  -------------------------------------------------------------------    -------------------
    U12                                               0.000     0.000 r  oe (IN)
                         net (fo=0)                   0.000     0.000    oe
    U12                  IBUF (Prop_ibuf_I_O)         1.008     1.008 r  oe_IBUF_inst/O
                         net (fo=1, routed)           1.212     2.220    oe_IBUF
    SLICE_X0Y61          LUT1 (Prop_lut1_I0_O)        0.124     2.344 f  result_OBUFT[3]_inst_i_1/O
                         net (fo=4, routed)           1.780     4.124    result_TRI[0]
    T11                  OBUFT (TriStatE_obuft_T_O)
                                                      2.669     6.793 r  result_OBUFT[0]_inst/O
                         net (fo=0)                   0.000     6.793    result[0]
    T11                                                               r  result[0] (OUT)
  -------------------------------------------------------------------    -------------------





Min Delay Paths
--------------------------------------------------------------------------------------
Slack:                    inf
  Source:                 oe
                            (input port)
  Destination:            result[0]
                            (output port)
  Path Group:             (none)
  Path Type:              Min at Fast Process Corner
  Data Path Delay:        2.198ns  (logic 1.106ns (50.315%)  route 1.092ns (49.685%))
  Logic Levels:           3  (IBUF=1 LUT1=1 OBUFT=1)

    Location             Delay type                Incr(ns)  Path(ns)    Netlist Resource(s)
  -------------------------------------------------------------------    -------------------
    U12                                               0.000     0.000 f  oe (IN)
                         net (fo=0)                   0.000     0.000    oe
    U12                  IBUF (Prop_ibuf_I_O)         0.237     0.237 f  oe_IBUF_inst/O
                         net (fo=1, routed)           0.463     0.700    oe_IBUF
    SLICE_X0Y61          LUT1 (Prop_lut1_I0_O)        0.045     0.745 r  result_OBUFT[3]_inst_i_1/O
                         net (fo=4, routed)           0.629     1.374    result_TRI[0]
    T11                  OBUFT (TriStatD_obuft_T_O)
                                                      0.824     2.198 r  result_OBUFT[0]_inst/O
                         net (fo=0)                   0.000     2.198    result[0]
    T11                                                               r  result[0] (OUT)
  -------------------------------------------------------------------    -------------------

Slack:                    inf
  Source:                 oe
                            (input port)
  Destination:            result[1]
                            (output port)
  Path Group:             (none)
  Path Type:              Min at Fast Process Corner
  Data Path Delay:        2.263ns  (logic 1.106ns (48.872%)  route 1.157ns (51.128%))
  Logic Levels:           3  (IBUF=1 LUT1=1 OBUFT=1)

    Location             Delay type                Incr(ns)  Path(ns)    Netlist Resource(s)
  -------------------------------------------------------------------    -------------------
    U12                                               0.000     0.000 f  oe (IN)
                         net (fo=0)                   0.000     0.000    oe
    U12                  IBUF (Prop_ibuf_I_O)         0.237     0.237 f  oe_IBUF_inst/O
                         net (fo=1, routed)           0.463     0.700    oe_IBUF
    SLICE_X0Y61          LUT1 (Prop_lut1_I0_O)        0.045     0.745 r  result_OBUFT[3]_inst_i_1/O
                         net (fo=4, routed)           0.694     1.439    result_TRI[0]
    V17                  OBUFT (TriStatD_obuft_T_O)
                                                      0.824     2.263 r  result_OBUFT[1]_inst/O
                         net (fo=0)                   0.000     2.263    result[1]
    V17                                                               r  result[1] (OUT)
  -------------------------------------------------------------------    -------------------

Slack:                    inf
  Source:                 oe
                            (input port)
  Destination:            result[2]
                            (output port)
  Path Group:             (none)
  Path Type:              Min at Fast Process Corner
  Data Path Delay:        2.328ns  (logic 1.106ns (47.509%)  route 1.222ns (52.491%))
  Logic Levels:           3  (IBUF=1 LUT1=1 OBUFT=1)

    Location             Delay type                Incr(ns)  Path(ns)    Netlist Resource(s)
  -------------------------------------------------------------------    -------------------
    U12                                               0.000     0.000 f  oe (IN)
                         net (fo=0)                   0.000     0.000    oe
    U12                  IBUF (Prop_ibuf_I_O)         0.237     0.237 f  oe_IBUF_inst/O
                         net (fo=1, routed)           0.463     0.700    oe_IBUF
    SLICE_X0Y61          LUT1 (Prop_lut1_I0_O)        0.045     0.745 r  result_OBUFT[3]_inst_i_1/O
                         net (fo=4, routed)           0.759     1.504    result_TRI[0]
    U16                  OBUFT (TriStatD_obuft_T_O)
                                                      0.824     2.328 r  result_OBUFT[2]_inst/O
                         net (fo=0)                   0.000     2.328    result[2]
    U16                                                               r  result[2] (OUT)
  -------------------------------------------------------------------    -------------------

Slack:                    inf
  Source:                 oe
                            (input port)
  Destination:            result[3]
                            (output port)
  Path Group:             (none)
  Path Type:              Min at Fast Process Corner
  Data Path Delay:        2.383ns  (logic 1.106ns (46.411%)  route 1.277ns (53.589%))
  Logic Levels:           3  (IBUF=1 LUT1=1 OBUFT=1)

    Location             Delay type                Incr(ns)  Path(ns)    Netlist Resource(s)
  -------------------------------------------------------------------    -------------------
    U12                                               0.000     0.000 f  oe (IN)
                         net (fo=0)                   0.000     0.000    oe
    U12                  IBUF (Prop_ibuf_I_O)         0.237     0.237 f  oe_IBUF_inst/O
                         net (fo=1, routed)           0.463     0.700    oe_IBUF
    SLICE_X0Y61          LUT1 (Prop_lut1_I0_O)        0.045     0.745 r  result_OBUFT[3]_inst_i_1/O
                         net (fo=4, routed)           0.814     1.559    result_TRI[0]
    U18                  OBUFT (TriStatD_obuft_T_O)
                                                      0.824     2.383 r  result_OBUFT[3]_inst/O
                         net (fo=0)                   0.000     2.383    result[3]
    U18                                                               r  result[3] (OUT)
  -------------------------------------------------------------------    -------------------





--------------------------------------------------------------------------------------
Path Group:  (none)
From Clock:  sys_clk
  To Clock:  

Max Delay             4 Endpoints
Min Delay             4 Endpoints
--------------------------------------------------------------------------------------


Max Delay Paths
--------------------------------------------------------------------------------------
Slack:                    inf
  Source:                 result_reg_reg[0]/C
                            (rising edge-triggered cell FDCE clocked by sys_clk  {rise@0.000ns fall@5.000ns period=10.000ns})
  Destination:            result[0]
                            (output port)
  Path Group:             (none)
  Path Type:              Max at Slow Process Corner
  Data Path Delay:        4.976ns  (logic 3.110ns (62.494%)  route 1.866ns (37.506%))
  Logic Levels:           1  (OBUFT=1)
  Clock Uncertainty:      0.025ns  ((TSJ^2 + TIJ^2)^1/2 + DJ) / 2 + PE
    Total System Jitter     (TSJ):    0.050ns
    Total Input Jitter      (TIJ):    0.000ns
    Discrete Jitter          (DJ):    0.000ns
    Phase Error              (PE):    0.000ns

    Location             Delay type                Incr(ns)  Path(ns)    Netlist Resource(s)
  -------------------------------------------------------------------    -------------------
                         (clock sys_clk rise edge)    0.000     0.000 r  
    N15                                               0.000     0.000 r  clk (IN)
                         net (fo=0)                   0.000     0.000    clk
    N15                  IBUF (Prop_ibuf_I_O)         0.948     0.948 r  clk_IBUF_inst/O
                         net (fo=1, routed)           2.016     2.963    clk_IBUF
    BUFGCTRL_X0Y0        BUFG (Prop_bufg_I_O)         0.096     3.059 r  clk_IBUF_BUFG_inst/O
                         net (fo=14, routed)          1.722     4.782    clk_IBUF_BUFG
    SLICE_X0Y58          FDCE                                         r  result_reg_reg[0]/C
  -------------------------------------------------------------------    -------------------
    SLICE_X0Y58          FDCE (Prop_fdce_C_Q)         0.456     5.238 r  result_reg_reg[0]/Q
                         net (fo=1, routed)           1.866     7.104    result_OBUF[0]
    T11                  OBUFT (Prop_obuft_I_O)       2.654     9.758 r  result_OBUFT[0]_inst/O
                         net (fo=0)                   0.000     9.758    result[0]
    T11                                                               r  result[0] (OUT)
  -------------------------------------------------------------------    -------------------

Slack:                    inf
  Source:                 result_reg_reg[3]/C
                            (rising edge-triggered cell FDCE clocked by sys_clk  {rise@0.000ns fall@5.000ns period=10.000ns})
  Destination:            result[3]
                            (output port)
  Path Group:             (none)
  Path Type:              Max at Slow Process Corner
  Data Path Delay:        4.962ns  (logic 3.098ns (62.432%)  route 1.864ns (37.568%))
  Logic Levels:           1  (OBUFT=1)
  Clock Uncertainty:      0.025ns  ((TSJ^2 + TIJ^2)^1/2 + DJ) / 2 + PE
    Total System Jitter     (TSJ):    0.050ns
    Total Input Jitter      (TIJ):    0.000ns
    Discrete Jitter          (DJ):    0.000ns
    Phase Error              (PE):    0.000ns

    Location             Delay type                Incr(ns)  Path(ns)    Netlist Resource(s)
  -------------------------------------------------------------------    -------------------
                         (clock sys_clk rise edge)    0.000     0.000 r  
    N15                                               0.000     0.000 r  clk (IN)
                         net (fo=0)                   0.000     0.000    clk
    N15                  IBUF (Prop_ibuf_I_O)         0.948     0.948 r  clk_IBUF_inst/O
                         net (fo=1, routed)           2.016     2.963    clk_IBUF
    BUFGCTRL_X0Y0        BUFG (Prop_bufg_I_O)         0.096     3.059 r  clk_IBUF_BUFG_inst/O
                         net (fo=14, routed)          1.722     4.782    clk_IBUF_BUFG
    SLICE_X1Y58          FDCE                                         r  result_reg_reg[3]/C
  -------------------------------------------------------------------    -------------------
    SLICE_X1Y58          FDCE (Prop_fdce_C_Q)         0.456     5.238 r  result_reg_reg[3]/Q
                         net (fo=1, routed)           1.864     7.102    result_OBUF[3]
    U18                  OBUFT (Prop_obuft_I_O)       2.642     9.744 r  result_OBUFT[3]_inst/O
                         net (fo=0)                   0.000     9.744    result[3]
    U18                                                               r  result[3] (OUT)
  -------------------------------------------------------------------    -------------------

Slack:                    inf
  Source:                 result_reg_reg[2]/C
                            (rising edge-triggered cell FDCE clocked by sys_clk  {rise@0.000ns fall@5.000ns period=10.000ns})
  Destination:            result[2]
                            (output port)
  Path Group:             (none)
  Path Type:              Max at Slow Process Corner
  Data Path Delay:        4.960ns  (logic 3.104ns (62.584%)  route 1.856ns (37.416%))
  Logic Levels:           1  (OBUFT=1)
  Clock Uncertainty:      0.025ns  ((TSJ^2 + TIJ^2)^1/2 + DJ) / 2 + PE
    Total System Jitter     (TSJ):    0.050ns
    Total Input Jitter      (TIJ):    0.000ns
    Discrete Jitter          (DJ):    0.000ns
    Phase Error              (PE):    0.000ns

    Location             Delay type                Incr(ns)  Path(ns)    Netlist Resource(s)
  -------------------------------------------------------------------    -------------------
                         (clock sys_clk rise edge)    0.000     0.000 r  
    N15                                               0.000     0.000 r  clk (IN)
                         net (fo=0)                   0.000     0.000    clk
    N15                  IBUF (Prop_ibuf_I_O)         0.948     0.948 r  clk_IBUF_inst/O
                         net (fo=1, routed)           2.016     2.963    clk_IBUF
    BUFGCTRL_X0Y0        BUFG (Prop_bufg_I_O)         0.096     3.059 r  clk_IBUF_BUFG_inst/O
                         net (fo=14, routed)          1.722     4.782    clk_IBUF_BUFG
    SLICE_X0Y58          FDCE                                         r  result_reg_reg[2]/C
  -------------------------------------------------------------------    -------------------
    SLICE_X0Y58          FDCE (Prop_fdce_C_Q)         0.456     5.238 r  result_reg_reg[2]/Q
                         net (fo=1, routed)           1.856     7.093    result_OBUF[2]
    U16                  OBUFT (Prop_obuft_I_O)       2.648     9.742 r  result_OBUFT[2]_inst/O
                         net (fo=0)                   0.000     9.742    result[2]
    U16                                                               r  result[2] (OUT)
  -------------------------------------------------------------------    -------------------

Slack:                    inf
  Source:                 result_reg_reg[1]/C
                            (rising edge-triggered cell FDCE clocked by sys_clk  {rise@0.000ns fall@5.000ns period=10.000ns})
  Destination:            result[1]
                            (output port)
  Path Group:             (none)
  Path Type:              Max at Slow Process Corner
  Data Path Delay:        4.824ns  (logic 3.101ns (64.274%)  route 1.724ns (35.726%))
  Logic Levels:           1  (OBUFT=1)
  Clock Uncertainty:      0.025ns  ((TSJ^2 + TIJ^2)^1/2 + DJ) / 2 + PE
    Total System Jitter     (TSJ):    0.050ns
    Total Input Jitter      (TIJ):    0.000ns
    Discrete Jitter          (DJ):    0.000ns
    Phase Error              (PE):    0.000ns

    Location             Delay type                Incr(ns)  Path(ns)    Netlist Resource(s)
  -------------------------------------------------------------------    -------------------
                         (clock sys_clk rise edge)    0.000     0.000 r  
    N15                                               0.000     0.000 r  clk (IN)
                         net (fo=0)                   0.000     0.000    clk
    N15                  IBUF (Prop_ibuf_I_O)         0.948     0.948 r  clk_IBUF_inst/O
                         net (fo=1, routed)           2.016     2.963    clk_IBUF
    BUFGCTRL_X0Y0        BUFG (Prop_bufg_I_O)         0.096     3.059 r  clk_IBUF_BUFG_inst/O
                         net (fo=14, routed)          1.722     4.782    clk_IBUF_BUFG
    SLICE_X1Y58          FDCE                                         r  result_reg_reg[1]/C
  -------------------------------------------------------------------    -------------------
    SLICE_X1Y58          FDCE (Prop_fdce_C_Q)         0.456     5.238 r  result_reg_reg[1]/Q
                         net (fo=1, routed)           1.724     6.961    result_OBUF[1]
    V17                  OBUFT (Prop_obuft_I_O)       2.645     9.606 r  result_OBUFT[1]_inst/O
                         net (fo=0)                   0.000     9.606    result[1]
    V17                                                               r  result[1] (OUT)
  -------------------------------------------------------------------    -------------------





Min Delay Paths
--------------------------------------------------------------------------------------
Slack:                    inf
  Source:                 result_reg_reg[1]/C
                            (rising edge-triggered cell FDCE clocked by sys_clk  {rise@0.000ns fall@5.000ns period=10.000ns})
  Destination:            result[1]
                            (output port)
  Path Group:             (none)
  Path Type:              Min at Fast Process Corner
  Data Path Delay:        1.653ns  (logic 1.302ns (78.795%)  route 0.351ns (21.205%))
  Logic Levels:           1  (OBUFT=1)
  Clock Uncertainty:      0.025ns  ((TSJ^2 + TIJ^2)^1/2 + DJ) / 2 + PE
    Total System Jitter     (TSJ):    0.050ns
    Total Input Jitter      (TIJ):    0.000ns
    Discrete Jitter          (DJ):    0.000ns
    Phase Error              (PE):    0.000ns

    Location             Delay type                Incr(ns)  Path(ns)    Netlist Resource(s)
  -------------------------------------------------------------------    -------------------
                         (clock sys_clk rise edge)    0.000     0.000 r  
    N15                                               0.000     0.000 r  clk (IN)
                         net (fo=0)                   0.000     0.000    clk
    N15                  IBUF (Prop_ibuf_I_O)         0.177     0.177 r  clk_IBUF_inst/O
                         net (fo=1, routed)           0.640     0.817    clk_IBUF
    BUFGCTRL_X0Y0        BUFG (Prop_bufg_I_O)         0.026     0.843 r  clk_IBUF_BUFG_inst/O
                         net (fo=14, routed)          0.601     1.443    clk_IBUF_BUFG
    SLICE_X1Y58          FDCE                                         r  result_reg_reg[1]/C
  -------------------------------------------------------------------    -------------------
    SLICE_X1Y58          FDCE (Prop_fdce_C_Q)         0.141     1.584 r  result_reg_reg[1]/Q
                         net (fo=1, routed)           0.351     1.935    result_OBUF[1]
    V17                  OBUFT (Prop_obuft_I_O)       1.161     3.096 r  result_OBUFT[1]_inst/O
                         net (fo=0)                   0.000     3.096    result[1]
    V17                                                               r  result[1] (OUT)
  -------------------------------------------------------------------    -------------------

Slack:                    inf
  Source:                 result_reg_reg[3]/C
                            (rising edge-triggered cell FDCE clocked by sys_clk  {rise@0.000ns fall@5.000ns period=10.000ns})
  Destination:            result[3]
                            (output port)
  Path Group:             (none)
  Path Type:              Min at Fast Process Corner
  Data Path Delay:        1.702ns  (logic 1.300ns (76.370%)  route 0.402ns (23.630%))
  Logic Levels:           1  (OBUFT=1)
  Clock Uncertainty:      0.025ns  ((TSJ^2 + TIJ^2)^1/2 + DJ) / 2 + PE
    Total System Jitter     (TSJ):    0.050ns
    Total Input Jitter      (TIJ):    0.000ns
    Discrete Jitter          (DJ):    0.000ns
    Phase Error              (PE):    0.000ns

    Location             Delay type                Incr(ns)  Path(ns)    Netlist Resource(s)
  -------------------------------------------------------------------    -------------------
                         (clock sys_clk rise edge)    0.000     0.000 r  
    N15                                               0.000     0.000 r  clk (IN)
                         net (fo=0)                   0.000     0.000    clk
    N15                  IBUF (Prop_ibuf_I_O)         0.177     0.177 r  clk_IBUF_inst/O
                         net (fo=1, routed)           0.640     0.817    clk_IBUF
    BUFGCTRL_X0Y0        BUFG (Prop_bufg_I_O)         0.026     0.843 r  clk_IBUF_BUFG_inst/O
                         net (fo=14, routed)          0.601     1.443    clk_IBUF_BUFG
    SLICE_X1Y58          FDCE                                         r  result_reg_reg[3]/C
  -------------------------------------------------------------------    -------------------
    SLICE_X1Y58          FDCE (Prop_fdce_C_Q)         0.141     1.584 r  result_reg_reg[3]/Q
                         net (fo=1, routed)           0.402     1.986    result_OBUF[3]
    U18                  OBUFT (Prop_obuft_I_O)       1.159     3.145 r  result_OBUFT[3]_inst/O
                         net (fo=0)                   0.000     3.145    result[3]
    U18                                                               r  result[3] (OUT)
  -------------------------------------------------------------------    -------------------

Slack:                    inf
  Source:                 result_reg_reg[2]/C
                            (rising edge-triggered cell FDCE clocked by sys_clk  {rise@0.000ns fall@5.000ns period=10.000ns})
  Destination:            result[2]
                            (output port)
  Path Group:             (none)
  Path Type:              Min at Fast Process Corner
  Data Path Delay:        1.722ns  (logic 1.306ns (75.845%)  route 0.416ns (24.155%))
  Logic Levels:           1  (OBUFT=1)
  Clock Uncertainty:      0.025ns  ((TSJ^2 + TIJ^2)^1/2 + DJ) / 2 + PE
    Total System Jitter     (TSJ):    0.050ns
    Total Input Jitter      (TIJ):    0.000ns
    Discrete Jitter          (DJ):    0.000ns
    Phase Error              (PE):    0.000ns

    Location             Delay type                Incr(ns)  Path(ns)    Netlist Resource(s)
  -------------------------------------------------------------------    -------------------
                         (clock sys_clk rise edge)    0.000     0.000 r  
    N15                                               0.000     0.000 r  clk (IN)
                         net (fo=0)                   0.000     0.000    clk
    N15                  IBUF (Prop_ibuf_I_O)         0.177     0.177 r  clk_IBUF_inst/O
                         net (fo=1, routed)           0.640     0.817    clk_IBUF
    BUFGCTRL_X0Y0        BUFG (Prop_bufg_I_O)         0.026     0.843 r  clk_IBUF_BUFG_inst/O
                         net (fo=14, routed)          0.601     1.443    clk_IBUF_BUFG
    SLICE_X0Y58          FDCE                                         r  result_reg_reg[2]/C
  -------------------------------------------------------------------    -------------------
    SLICE_X0Y58          FDCE (Prop_fdce_C_Q)         0.141     1.584 r  result_reg_reg[2]/Q
                         net (fo=1, routed)           0.416     2.000    result_OBUF[2]
    U16                  OBUFT (Prop_obuft_I_O)       1.165     3.165 r  result_OBUFT[2]_inst/O
                         net (fo=0)                   0.000     3.165    result[2]
    U16                                                               r  result[2] (OUT)
  -------------------------------------------------------------------    -------------------

Slack:                    inf
  Source:                 result_reg_reg[0]/C
                            (rising edge-triggered cell FDCE clocked by sys_clk  {rise@0.000ns fall@5.000ns period=10.000ns})
  Destination:            result[0]
                            (output port)
  Path Group:             (none)
  Path Type:              Min at Fast Process Corner
  Data Path Delay:        1.723ns  (logic 1.311ns (76.122%)  route 0.411ns (23.878%))
  Logic Levels:           1  (OBUFT=1)
  Clock Uncertainty:      0.025ns  ((TSJ^2 + TIJ^2)^1/2 + DJ) / 2 + PE
    Total System Jitter     (TSJ):    0.050ns
    Total Input Jitter      (TIJ):    0.000ns
    Discrete Jitter          (DJ):    0.000ns
    Phase Error              (PE):    0.000ns

    Location             Delay type                Incr(ns)  Path(ns)    Netlist Resource(s)
  -------------------------------------------------------------------    -------------------
                         (clock sys_clk rise edge)    0.000     0.000 r  
    N15                                               0.000     0.000 r  clk (IN)
                         net (fo=0)                   0.000     0.000    clk
    N15                  IBUF (Prop_ibuf_I_O)         0.177     0.177 r  clk_IBUF_inst/O
                         net (fo=1, routed)           0.640     0.817    clk_IBUF
    BUFGCTRL_X0Y0        BUFG (Prop_bufg_I_O)         0.026     0.843 r  clk_IBUF_BUFG_inst/O
                         net (fo=14, routed)          0.601     1.443    clk_IBUF_BUFG
    SLICE_X0Y58          FDCE                                         r  result_reg_reg[0]/C
  -------------------------------------------------------------------    -------------------
    SLICE_X0Y58          FDCE (Prop_fdce_C_Q)         0.141     1.584 r  result_reg_reg[0]/Q
                         net (fo=1, routed)           0.411     1.996    result_OBUF[0]
    T11                  OBUFT (Prop_obuft_I_O)       1.170     3.166 r  result_OBUFT[0]_inst/O
                         net (fo=0)                   0.000     3.166    result[0]
    T11                                                               r  result[0] (OUT)
  -------------------------------------------------------------------    -------------------





--------------------------------------------------------------------------------------
Path Group:  (none)
From Clock:  
  To Clock:  sys_clk

Max Delay            24 Endpoints
Min Delay            24 Endpoints
--------------------------------------------------------------------------------------


Max Delay Paths
--------------------------------------------------------------------------------------
Slack:                    inf
  Source:                 rst
                            (input port)
  Destination:            a_reg_reg[3]/CLR
                            (recovery check against rising-edge clock sys_clk  {rise@0.000ns fall@5.000ns period=10.000ns})
  Path Group:             (none)
  Path Type:              Recovery (Max at Slow Process Corner)
  Data Path Delay:        2.331ns  (logic 0.995ns (42.687%)  route 1.336ns (57.313%))
  Logic Levels:           1  (IBUF=1)
  Clock Path Skew:        4.418ns (DCD - SCD + CPR)
    Destination Clock Delay (DCD):    4.418ns
    Source Clock Delay      (SCD):    0.000ns
    Clock Pessimism Removal (CPR):    0.000ns
  Clock Uncertainty:      0.025ns  ((TSJ^2 + TIJ^2)^1/2 + DJ) / 2 + PE
    Total System Jitter     (TSJ):    0.050ns
    Total Input Jitter      (TIJ):    0.000ns
    Discrete Jitter          (DJ):    0.000ns
    Phase Error              (PE):    0.000ns

    Location             Delay type                Incr(ns)  Path(ns)    Netlist Resource(s)
  -------------------------------------------------------------------    -------------------
    U11                                               0.000     0.000 f  rst (IN)
                         net (fo=0)                   0.000     0.000    rst
    U11                  IBUF (Prop_ibuf_I_O)         0.995     0.995 f  rst_IBUF_inst/O
                         net (fo=14, routed)          1.336     2.331    rst_IBUF
    SLICE_X0Y57          FDCE                                         f  a_reg_reg[3]/CLR
  -------------------------------------------------------------------    -------------------

                         (clock sys_clk rise edge)    0.000     0.000 r  
    N15                                               0.000     0.000 r  clk (IN)
                         net (fo=0)                   0.000     0.000    clk
    N15                  IBUF (Prop_ibuf_I_O)         0.814     0.814 r  clk_IBUF_inst/O
                         net (fo=1, routed)           1.911     2.725    clk_IBUF
    BUFGCTRL_X0Y0        BUFG (Prop_bufg_I_O)         0.091     2.816 r  clk_IBUF_BUFG_inst/O
                         net (fo=14, routed)          1.601     4.418    clk_IBUF_BUFG
    SLICE_X0Y57          FDCE                                         r  a_reg_reg[3]/C

Slack:                    inf
  Source:                 a[1]
                            (input port)
  Destination:            a_reg_reg[1]/D
                            (rising edge-triggered cell FDCE clocked by sys_clk  {rise@0.000ns fall@5.000ns period=10.000ns})
  Path Group:             (none)
  Path Type:              Setup (Max at Slow Process Corner)
  Data Path Delay:        2.238ns  (logic 1.007ns (45.009%)  route 1.231ns (54.991%))
  Logic Levels:           1  (IBUF=1)
  Clock Path Skew:        4.418ns (DCD - SCD + CPR)
    Destination Clock Delay (DCD):    4.418ns
    Source Clock Delay      (SCD):    0.000ns
    Clock Pessimism Removal (CPR):    0.000ns
  Clock Uncertainty:      0.025ns  ((TSJ^2 + TIJ^2)^1/2 + DJ) / 2 + PE
    Total System Jitter     (TSJ):    0.050ns
    Total Input Jitter      (TIJ):    0.000ns
    Discrete Jitter          (DJ):    0.000ns
    Phase Error              (PE):    0.000ns

    Location             Delay type                Incr(ns)  Path(ns)    Netlist Resource(s)
  -------------------------------------------------------------------    -------------------
    T10                                               0.000     0.000 r  a[1] (IN)
                         net (fo=0)                   0.000     0.000    a[1]
    T10                  IBUF (Prop_ibuf_I_O)         1.007     1.007 r  a_IBUF[1]_inst/O
                         net (fo=1, routed)           1.231     2.238    a_IBUF[1]
    SLICE_X0Y58          FDCE                                         r  a_reg_reg[1]/D
  -------------------------------------------------------------------    -------------------

                         (clock sys_clk rise edge)    0.000     0.000 r  
    N15                                               0.000     0.000 r  clk (IN)
                         net (fo=0)                   0.000     0.000    clk
    N15                  IBUF (Prop_ibuf_I_O)         0.814     0.814 r  clk_IBUF_inst/O
                         net (fo=1, routed)           1.911     2.725    clk_IBUF
    BUFGCTRL_X0Y0        BUFG (Prop_bufg_I_O)         0.091     2.816 r  clk_IBUF_BUFG_inst/O
                         net (fo=14, routed)          1.601     4.418    clk_IBUF_BUFG
    SLICE_X0Y58          FDCE                                         r  a_reg_reg[1]/C

Slack:                    inf
  Source:                 rst
                            (input port)
  Destination:            a_reg_reg[0]/CLR
                            (recovery check against rising-edge clock sys_clk  {rise@0.000ns fall@5.000ns period=10.000ns})
  Path Group:             (none)
  Path Type:              Recovery (Max at Slow Process Corner)
  Data Path Delay:        2.200ns  (logic 0.995ns (45.214%)  route 1.206ns (54.786%))
  Logic Levels:           1  (IBUF=1)
  Clock Path Skew:        4.418ns (DCD - SCD + CPR)
    Destination Clock Delay (DCD):    4.418ns
    Source Clock Delay      (SCD):    0.000ns
    Clock Pessimism Removal (CPR):    0.000ns
  Clock Uncertainty:      0.025ns  ((TSJ^2 + TIJ^2)^1/2 + DJ) / 2 + PE
    Total System Jitter     (TSJ):    0.050ns
    Total Input Jitter      (TIJ):    0.000ns
    Discrete Jitter          (DJ):    0.000ns
    Phase Error              (PE):    0.000ns

    Location             Delay type                Incr(ns)  Path(ns)    Netlist Resource(s)
  -------------------------------------------------------------------    -------------------
    U11                                               0.000     0.000 f  rst (IN)
                         net (fo=0)                   0.000     0.000    rst
    U11                  IBUF (Prop_ibuf_I_O)         0.995     0.995 f  rst_IBUF_inst/O
                         net (fo=14, routed)          1.206     2.200    rst_IBUF
    SLICE_X0Y58          FDCE                                         f  a_reg_reg[0]/CLR
  -------------------------------------------------------------------    -------------------

                         (clock sys_clk rise edge)    0.000     0.000 r  
    N15                                               0.000     0.000 r  clk (IN)
                         net (fo=0)                   0.000     0.000    clk
    N15                  IBUF (Prop_ibuf_I_O)         0.814     0.814 r  clk_IBUF_inst/O
                         net (fo=1, routed)           1.911     2.725    clk_IBUF
    BUFGCTRL_X0Y0        BUFG (Prop_bufg_I_O)         0.091     2.816 r  clk_IBUF_BUFG_inst/O
                         net (fo=14, routed)          1.601     4.418    clk_IBUF_BUFG
    SLICE_X0Y58          FDCE                                         r  a_reg_reg[0]/C

Slack:                    inf
  Source:                 rst
                            (input port)
  Destination:            a_reg_reg[1]/CLR
                            (recovery check against rising-edge clock sys_clk  {rise@0.000ns fall@5.000ns period=10.000ns})
  Path Group:             (none)
  Path Type:              Recovery (Max at Slow Process Corner)
  Data Path Delay:        2.200ns  (logic 0.995ns (45.214%)  route 1.206ns (54.786%))
  Logic Levels:           1  (IBUF=1)
  Clock Path Skew:        4.418ns (DCD - SCD + CPR)
    Destination Clock Delay (DCD):    4.418ns
    Source Clock Delay      (SCD):    0.000ns
    Clock Pessimism Removal (CPR):    0.000ns
  Clock Uncertainty:      0.025ns  ((TSJ^2 + TIJ^2)^1/2 + DJ) / 2 + PE
    Total System Jitter     (TSJ):    0.050ns
    Total Input Jitter      (TIJ):    0.000ns
    Discrete Jitter          (DJ):    0.000ns
    Phase Error              (PE):    0.000ns

    Location             Delay type                Incr(ns)  Path(ns)    Netlist Resource(s)
  -------------------------------------------------------------------    -------------------
    U11                                               0.000     0.000 f  rst (IN)
                         net (fo=0)                   0.000     0.000    rst
    U11                  IBUF (Prop_ibuf_I_O)         0.995     0.995 f  rst_IBUF_inst/O
                         net (fo=14, routed)          1.206     2.200    rst_IBUF
    SLICE_X0Y58          FDCE                                         f  a_reg_reg[1]/CLR
  -------------------------------------------------------------------    -------------------

                         (clock sys_clk rise edge)    0.000     0.000 r  
    N15                                               0.000     0.000 r  clk (IN)
                         net (fo=0)                   0.000     0.000    clk
    N15                  IBUF (Prop_ibuf_I_O)         0.814     0.814 r  clk_IBUF_inst/O
                         net (fo=1, routed)           1.911     2.725    clk_IBUF
    BUFGCTRL_X0Y0        BUFG (Prop_bufg_I_O)         0.091     2.816 r  clk_IBUF_BUFG_inst/O
                         net (fo=14, routed)          1.601     4.418    clk_IBUF_BUFG
    SLICE_X0Y58          FDCE                                         r  a_reg_reg[1]/C

Slack:                    inf
  Source:                 rst
                            (input port)
  Destination:            a_reg_reg[2]/CLR
                            (recovery check against rising-edge clock sys_clk  {rise@0.000ns fall@5.000ns period=10.000ns})
  Path Group:             (none)
  Path Type:              Recovery (Max at Slow Process Corner)
  Data Path Delay:        2.200ns  (logic 0.995ns (45.214%)  route 1.206ns (54.786%))
  Logic Levels:           1  (IBUF=1)
  Clock Path Skew:        4.418ns (DCD - SCD + CPR)
    Destination Clock Delay (DCD):    4.418ns
    Source Clock Delay      (SCD):    0.000ns
    Clock Pessimism Removal (CPR):    0.000ns
  Clock Uncertainty:      0.025ns  ((TSJ^2 + TIJ^2)^1/2 + DJ) / 2 + PE
    Total System Jitter     (TSJ):    0.050ns
    Total Input Jitter      (TIJ):    0.000ns
    Discrete Jitter          (DJ):    0.000ns
    Phase Error              (PE):    0.000ns

    Location             Delay type                Incr(ns)  Path(ns)    Netlist Resource(s)
  -------------------------------------------------------------------    -------------------
    U11                                               0.000     0.000 f  rst (IN)
                         net (fo=0)                   0.000     0.000    rst
    U11                  IBUF (Prop_ibuf_I_O)         0.995     0.995 f  rst_IBUF_inst/O
                         net (fo=14, routed)          1.206     2.200    rst_IBUF
    SLICE_X0Y58          FDCE                                         f  a_reg_reg[2]/CLR
  -------------------------------------------------------------------    -------------------

                         (clock sys_clk rise edge)    0.000     0.000 r  
    N15                                               0.000     0.000 r  clk (IN)
                         net (fo=0)                   0.000     0.000    clk
    N15                  IBUF (Prop_ibuf_I_O)         0.814     0.814 r  clk_IBUF_inst/O
                         net (fo=1, routed)           1.911     2.725    clk_IBUF
    BUFGCTRL_X0Y0        BUFG (Prop_bufg_I_O)         0.091     2.816 r  clk_IBUF_BUFG_inst/O
                         net (fo=14, routed)          1.601     4.418    clk_IBUF_BUFG
    SLICE_X0Y58          FDCE                                         r  a_reg_reg[2]/C

Slack:                    inf
  Source:                 rst
                            (input port)
  Destination:            b_reg_reg[0]/CLR
                            (recovery check against rising-edge clock sys_clk  {rise@0.000ns fall@5.000ns period=10.000ns})
  Path Group:             (none)
  Path Type:              Recovery (Max at Slow Process Corner)
  Data Path Delay:        2.200ns  (logic 0.995ns (45.214%)  route 1.206ns (54.786%))
  Logic Levels:           1  (IBUF=1)
  Clock Path Skew:        4.418ns (DCD - SCD + CPR)
    Destination Clock Delay (DCD):    4.418ns
    Source Clock Delay      (SCD):    0.000ns
    Clock Pessimism Removal (CPR):    0.000ns
  Clock Uncertainty:      0.025ns  ((TSJ^2 + TIJ^2)^1/2 + DJ) / 2 + PE
    Total System Jitter     (TSJ):    0.050ns
    Total Input Jitter      (TIJ):    0.000ns
    Discrete Jitter          (DJ):    0.000ns
    Phase Error              (PE):    0.000ns

    Location             Delay type                Incr(ns)  Path(ns)    Netlist Resource(s)
  -------------------------------------------------------------------    -------------------
    U11                                               0.000     0.000 f  rst (IN)
                         net (fo=0)                   0.000     0.000    rst
    U11                  IBUF (Prop_ibuf_I_O)         0.995     0.995 f  rst_IBUF_inst/O
                         net (fo=14, routed)          1.206     2.200    rst_IBUF
    SLICE_X0Y58          FDCE                                         f  b_reg_reg[0]/CLR
  -------------------------------------------------------------------    -------------------

                         (clock sys_clk rise edge)    0.000     0.000 r  
    N15                                               0.000     0.000 r  clk (IN)
                         net (fo=0)                   0.000     0.000    clk
    N15                  IBUF (Prop_ibuf_I_O)         0.814     0.814 r  clk_IBUF_inst/O
                         net (fo=1, routed)           1.911     2.725    clk_IBUF
    BUFGCTRL_X0Y0        BUFG (Prop_bufg_I_O)         0.091     2.816 r  clk_IBUF_BUFG_inst/O
                         net (fo=14, routed)          1.601     4.418    clk_IBUF_BUFG
    SLICE_X0Y58          FDCE                                         r  b_reg_reg[0]/C

Slack:                    inf
  Source:                 rst
                            (input port)
  Destination:            b_reg_reg[2]/CLR
                            (recovery check against rising-edge clock sys_clk  {rise@0.000ns fall@5.000ns period=10.000ns})
  Path Group:             (none)
  Path Type:              Recovery (Max at Slow Process Corner)
  Data Path Delay:        2.200ns  (logic 0.995ns (45.214%)  route 1.206ns (54.786%))
  Logic Levels:           1  (IBUF=1)
  Clock Path Skew:        4.418ns (DCD - SCD + CPR)
    Destination Clock Delay (DCD):    4.418ns
    Source Clock Delay      (SCD):    0.000ns
    Clock Pessimism Removal (CPR):    0.000ns
  Clock Uncertainty:      0.025ns  ((TSJ^2 + TIJ^2)^1/2 + DJ) / 2 + PE
    Total System Jitter     (TSJ):    0.050ns
    Total Input Jitter      (TIJ):    0.000ns
    Discrete Jitter          (DJ):    0.000ns
    Phase Error              (PE):    0.000ns

    Location             Delay type                Incr(ns)  Path(ns)    Netlist Resource(s)
  -------------------------------------------------------------------    -------------------
    U11                                               0.000     0.000 f  rst (IN)
                         net (fo=0)                   0.000     0.000    rst
    U11                  IBUF (Prop_ibuf_I_O)         0.995     0.995 f  rst_IBUF_inst/O
                         net (fo=14, routed)          1.206     2.200    rst_IBUF
    SLICE_X0Y58          FDCE                                         f  b_reg_reg[2]/CLR
  -------------------------------------------------------------------    -------------------

                         (clock sys_clk rise edge)    0.000     0.000 r  
    N15                                               0.000     0.000 r  clk (IN)
                         net (fo=0)                   0.000     0.000    clk
    N15                  IBUF (Prop_ibuf_I_O)         0.814     0.814 r  clk_IBUF_inst/O
                         net (fo=1, routed)           1.911     2.725    clk_IBUF
    BUFGCTRL_X0Y0        BUFG (Prop_bufg_I_O)         0.091     2.816 r  clk_IBUF_BUFG_inst/O
                         net (fo=14, routed)          1.601     4.418    clk_IBUF_BUFG
    SLICE_X0Y58          FDCE                                         r  b_reg_reg[2]/C

Slack:                    inf
  Source:                 rst
                            (input port)
  Destination:            result_reg_reg[0]/CLR
                            (recovery check against rising-edge clock sys_clk  {rise@0.000ns fall@5.000ns period=10.000ns})
  Path Group:             (none)
  Path Type:              Recovery (Max at Slow Process Corner)
  Data Path Delay:        2.200ns  (logic 0.995ns (45.214%)  route 1.206ns (54.786%))
  Logic Levels:           1  (IBUF=1)
  Clock Path Skew:        4.418ns (DCD - SCD + CPR)
    Destination Clock Delay (DCD):    4.418ns
    Source Clock Delay      (SCD):    0.000ns
    Clock Pessimism Removal (CPR):    0.000ns
  Clock Uncertainty:      0.025ns  ((TSJ^2 + TIJ^2)^1/2 + DJ) / 2 + PE
    Total System Jitter     (TSJ):    0.050ns
    Total Input Jitter      (TIJ):    0.000ns
    Discrete Jitter          (DJ):    0.000ns
    Phase Error              (PE):    0.000ns

    Location             Delay type                Incr(ns)  Path(ns)    Netlist Resource(s)
  -------------------------------------------------------------------    -------------------
    U11                                               0.000     0.000 f  rst (IN)
                         net (fo=0)                   0.000     0.000    rst
    U11                  IBUF (Prop_ibuf_I_O)         0.995     0.995 f  rst_IBUF_inst/O
                         net (fo=14, routed)          1.206     2.200    rst_IBUF
    SLICE_X0Y58          FDCE                                         f  result_reg_reg[0]/CLR
  -------------------------------------------------------------------    -------------------

                         (clock sys_clk rise edge)    0.000     0.000 r  
    N15                                               0.000     0.000 r  clk (IN)
                         net (fo=0)                   0.000     0.000    clk
    N15                  IBUF (Prop_ibuf_I_O)         0.814     0.814 r  clk_IBUF_inst/O
                         net (fo=1, routed)           1.911     2.725    clk_IBUF
    BUFGCTRL_X0Y0        BUFG (Prop_bufg_I_O)         0.091     2.816 r  clk_IBUF_BUFG_inst/O
                         net (fo=14, routed)          1.601     4.418    clk_IBUF_BUFG
    SLICE_X0Y58          FDCE                                         r  result_reg_reg[0]/C

Slack:                    inf
  Source:                 rst
                            (input port)
  Destination:            result_reg_reg[2]/CLR
                            (recovery check against rising-edge clock sys_clk  {rise@0.000ns fall@5.000ns period=10.000ns})
  Path Group:             (none)
  Path Type:              Recovery (Max at Slow Process Corner)
  Data Path Delay:        2.200ns  (logic 0.995ns (45.214%)  route 1.206ns (54.786%))
  Logic Levels:           1  (IBUF=1)
  Clock Path Skew:        4.418ns (DCD - SCD + CPR)
    Destination Clock Delay (DCD):    4.418ns
    Source Clock Delay      (SCD):    0.000ns
    Clock Pessimism Removal (CPR):    0.000ns
  Clock Uncertainty:      0.025ns  ((TSJ^2 + TIJ^2)^1/2 + DJ) / 2 + PE
    Total System Jitter     (TSJ):    0.050ns
    Total Input Jitter      (TIJ):    0.000ns
    Discrete Jitter          (DJ):    0.000ns
    Phase Error              (PE):    0.000ns

    Location             Delay type                Incr(ns)  Path(ns)    Netlist Resource(s)
  -------------------------------------------------------------------    -------------------
    U11                                               0.000     0.000 f  rst (IN)
                         net (fo=0)                   0.000     0.000    rst
    U11                  IBUF (Prop_ibuf_I_O)         0.995     0.995 f  rst_IBUF_inst/O
                         net (fo=14, routed)          1.206     2.200    rst_IBUF
    SLICE_X0Y58          FDCE                                         f  result_reg_reg[2]/CLR
  -------------------------------------------------------------------    -------------------

                         (clock sys_clk rise edge)    0.000     0.000 r  
    N15                                               0.000     0.000 r  clk (IN)
                         net (fo=0)                   0.000     0.000    clk
    N15                  IBUF (Prop_ibuf_I_O)         0.814     0.814 r  clk_IBUF_inst/O
                         net (fo=1, routed)           1.911     2.725    clk_IBUF
    BUFGCTRL_X0Y0        BUFG (Prop_bufg_I_O)         0.091     2.816 r  clk_IBUF_BUFG_inst/O
                         net (fo=14, routed)          1.601     4.418    clk_IBUF_BUFG
    SLICE_X0Y58          FDCE                                         r  result_reg_reg[2]/C

Slack:                    inf
  Source:                 rst
                            (input port)
  Destination:            b_reg_reg[1]/CLR
                            (recovery check against rising-edge clock sys_clk  {rise@0.000ns fall@5.000ns period=10.000ns})
  Path Group:             (none)
  Path Type:              Recovery (Max at Slow Process Corner)
  Data Path Delay:        2.196ns  (logic 0.995ns (45.304%)  route 1.201ns (54.696%))
  Logic Levels:           1  (IBUF=1)
  Clock Path Skew:        4.418ns (DCD - SCD + CPR)
    Destination Clock Delay (DCD):    4.418ns
    Source Clock Delay      (SCD):    0.000ns
    Clock Pessimism Removal (CPR):    0.000ns
  Clock Uncertainty:      0.025ns  ((TSJ^2 + TIJ^2)^1/2 + DJ) / 2 + PE
    Total System Jitter     (TSJ):    0.050ns
    Total Input Jitter      (TIJ):    0.000ns
    Discrete Jitter          (DJ):    0.000ns
    Phase Error              (PE):    0.000ns

    Location             Delay type                Incr(ns)  Path(ns)    Netlist Resource(s)
  -------------------------------------------------------------------    -------------------
    U11                                               0.000     0.000 f  rst (IN)
                         net (fo=0)                   0.000     0.000    rst
    U11                  IBUF (Prop_ibuf_I_O)         0.995     0.995 f  rst_IBUF_inst/O
                         net (fo=14, routed)          1.201     2.196    rst_IBUF
    SLICE_X1Y58          FDCE                                         f  b_reg_reg[1]/CLR
  -------------------------------------------------------------------    -------------------

                         (clock sys_clk rise edge)    0.000     0.000 r  
    N15                                               0.000     0.000 r  clk (IN)
                         net (fo=0)                   0.000     0.000    clk
    N15                  IBUF (Prop_ibuf_I_O)         0.814     0.814 r  clk_IBUF_inst/O
                         net (fo=1, routed)           1.911     2.725    clk_IBUF
    BUFGCTRL_X0Y0        BUFG (Prop_bufg_I_O)         0.091     2.816 r  clk_IBUF_BUFG_inst/O
                         net (fo=14, routed)          1.601     4.418    clk_IBUF_BUFG
    SLICE_X1Y58          FDCE                                         r  b_reg_reg[1]/C





Min Delay Paths
--------------------------------------------------------------------------------------
Slack:                    inf
  Source:                 op[1]
                            (input port)
  Destination:            op_reg_reg[1]/D
                            (rising edge-triggered cell FDCE clocked by sys_clk  {rise@0.000ns fall@5.000ns period=10.000ns})
  Path Group:             (none)
  Path Type:              Hold (Min at Fast Process Corner)
  Data Path Delay:        0.572ns  (logic 0.229ns (40.025%)  route 0.343ns (59.975%))
  Logic Levels:           1  (IBUF=1)
  Clock Path Skew:        1.963ns (DCD - SCD - CPR)
    Destination Clock Delay (DCD):    1.963ns
    Source Clock Delay      (SCD):    0.000ns
    Clock Pessimism Removal (CPR):    -0.000ns

    Location             Delay type                Incr(ns)  Path(ns)    Netlist Resource(s)
  -------------------------------------------------------------------    -------------------
    V12                                               0.000     0.000 r  op[1] (IN)
                         net (fo=0)                   0.000     0.000    op[1]
    V12                  IBUF (Prop_ibuf_I_O)         0.229     0.229 r  op_IBUF[1]_inst/O
                         net (fo=1, routed)           0.343     0.572    op_IBUF[1]
    SLICE_X1Y58          FDCE                                         r  op_reg_reg[1]/D
  -------------------------------------------------------------------    -------------------

                         (clock sys_clk rise edge)    0.000     0.000 r  
    N15                                               0.000     0.000 r  clk (IN)
                         net (fo=0)                   0.000     0.000    clk
    N15                  IBUF (Prop_ibuf_I_O)         0.365     0.365 r  clk_IBUF_inst/O
                         net (fo=1, routed)           0.695     1.060    clk_IBUF
    BUFGCTRL_X0Y0        BUFG (Prop_bufg_I_O)         0.029     1.089 r  clk_IBUF_BUFG_inst/O
                         net (fo=14, routed)          0.874     1.963    clk_IBUF_BUFG
    SLICE_X1Y58          FDCE                                         r  op_reg_reg[1]/C

Slack:                    inf
  Source:                 b[1]
                            (input port)
  Destination:            b_reg_reg[1]/D
                            (rising edge-triggered cell FDCE clocked by sys_clk  {rise@0.000ns fall@5.000ns period=10.000ns})
  Path Group:             (none)
  Path Type:              Hold (Min at Fast Process Corner)
  Data Path Delay:        0.582ns  (logic 0.213ns (36.610%)  route 0.369ns (63.390%))
  Logic Levels:           1  (IBUF=1)
  Clock Path Skew:        1.963ns (DCD - SCD - CPR)
    Destination Clock Delay (DCD):    1.963ns
    Source Clock Delay      (SCD):    0.000ns
    Clock Pessimism Removal (CPR):    -0.000ns

    Location             Delay type                Incr(ns)  Path(ns)    Netlist Resource(s)
  -------------------------------------------------------------------    -------------------
    V14                                               0.000     0.000 r  b[1] (IN)
                         net (fo=0)                   0.000     0.000    b[1]
    V14                  IBUF (Prop_ibuf_I_O)         0.213     0.213 r  b_IBUF[1]_inst/O
                         net (fo=1, routed)           0.369     0.582    b_IBUF[1]
    SLICE_X1Y58          FDCE                                         r  b_reg_reg[1]/D
  -------------------------------------------------------------------    -------------------

                         (clock sys_clk rise edge)    0.000     0.000 r  
    N15                                               0.000     0.000 r  clk (IN)
                         net (fo=0)                   0.000     0.000    clk
    N15                  IBUF (Prop_ibuf_I_O)         0.365     0.365 r  clk_IBUF_inst/O
                         net (fo=1, routed)           0.695     1.060    clk_IBUF
    BUFGCTRL_X0Y0        BUFG (Prop_bufg_I_O)         0.029     1.089 r  clk_IBUF_BUFG_inst/O
                         net (fo=14, routed)          0.874     1.963    clk_IBUF_BUFG
    SLICE_X1Y58          FDCE                                         r  b_reg_reg[1]/C

Slack:                    inf
  Source:                 b[2]
                            (input port)
  Destination:            b_reg_reg[2]/D
                            (rising edge-triggered cell FDCE clocked by sys_clk  {rise@0.000ns fall@5.000ns period=10.000ns})
  Path Group:             (none)
  Path Type:              Hold (Min at Fast Process Corner)
  Data Path Delay:        0.599ns  (logic 0.211ns (35.270%)  route 0.388ns (64.730%))
  Logic Levels:           1  (IBUF=1)
  Clock Path Skew:        1.963ns (DCD - SCD - CPR)
    Destination Clock Delay (DCD):    1.963ns
    Source Clock Delay      (SCD):    0.000ns
    Clock Pessimism Removal (CPR):    -0.000ns

    Location             Delay type                Incr(ns)  Path(ns)    Netlist Resource(s)
  -------------------------------------------------------------------    -------------------
    U14                                               0.000     0.000 r  b[2] (IN)
                         net (fo=0)                   0.000     0.000    b[2]
    U14                  IBUF (Prop_ibuf_I_O)         0.211     0.211 r  b_IBUF[2]_inst/O
                         net (fo=1, routed)           0.388     0.599    b_IBUF[2]
    SLICE_X0Y58          FDCE                                         r  b_reg_reg[2]/D
  -------------------------------------------------------------------    -------------------

                         (clock sys_clk rise edge)    0.000     0.000 r  
    N15                                               0.000     0.000 r  clk (IN)
                         net (fo=0)                   0.000     0.000    clk
    N15                  IBUF (Prop_ibuf_I_O)         0.365     0.365 r  clk_IBUF_inst/O
                         net (fo=1, routed)           0.695     1.060    clk_IBUF
    BUFGCTRL_X0Y0        BUFG (Prop_bufg_I_O)         0.029     1.089 r  clk_IBUF_BUFG_inst/O
                         net (fo=14, routed)          0.874     1.963    clk_IBUF_BUFG
    SLICE_X0Y58          FDCE                                         r  b_reg_reg[2]/C

Slack:                    inf
  Source:                 op[0]
                            (input port)
  Destination:            op_reg_reg[0]/D
                            (rising edge-triggered cell FDCE clocked by sys_clk  {rise@0.000ns fall@5.000ns period=10.000ns})
  Path Group:             (none)
  Path Type:              Hold (Min at Fast Process Corner)
  Data Path Delay:        0.633ns  (logic 0.238ns (37.540%)  route 0.395ns (62.460%))
  Logic Levels:           1  (IBUF=1)
  Clock Path Skew:        1.963ns (DCD - SCD - CPR)
    Destination Clock Delay (DCD):    1.963ns
    Source Clock Delay      (SCD):    0.000ns
    Clock Pessimism Removal (CPR):    -0.000ns

    Location             Delay type                Incr(ns)  Path(ns)    Netlist Resource(s)
  -------------------------------------------------------------------    -------------------
    V10                                               0.000     0.000 r  op[0] (IN)
                         net (fo=0)                   0.000     0.000    op[0]
    V10                  IBUF (Prop_ibuf_I_O)         0.238     0.238 r  op_IBUF[0]_inst/O
                         net (fo=1, routed)           0.395     0.633    op_IBUF[0]
    SLICE_X1Y58          FDCE                                         r  op_reg_reg[0]/D
  -------------------------------------------------------------------    -------------------

                         (clock sys_clk rise edge)    0.000     0.000 r  
    N15                                               0.000     0.000 r  clk (IN)
                         net (fo=0)                   0.000     0.000    clk
    N15                  IBUF (Prop_ibuf_I_O)         0.365     0.365 r  clk_IBUF_inst/O
                         net (fo=1, routed)           0.695     1.060    clk_IBUF
    BUFGCTRL_X0Y0        BUFG (Prop_bufg_I_O)         0.029     1.089 r  clk_IBUF_BUFG_inst/O
                         net (fo=14, routed)          0.874     1.963    clk_IBUF_BUFG
    SLICE_X1Y58          FDCE                                         r  op_reg_reg[0]/C

Slack:                    inf
  Source:                 a[3]
                            (input port)
  Destination:            a_reg_reg[3]/D
                            (rising edge-triggered cell FDCE clocked by sys_clk  {rise@0.000ns fall@5.000ns period=10.000ns})
  Path Group:             (none)
  Path Type:              Hold (Min at Fast Process Corner)
  Data Path Delay:        0.642ns  (logic 0.212ns (33.058%)  route 0.430ns (66.942%))
  Logic Levels:           1  (IBUF=1)
  Clock Path Skew:        1.963ns (DCD - SCD - CPR)
    Destination Clock Delay (DCD):    1.963ns
    Source Clock Delay      (SCD):    0.000ns
    Clock Pessimism Removal (CPR):    -0.000ns

    Location             Delay type                Incr(ns)  Path(ns)    Netlist Resource(s)
  -------------------------------------------------------------------    -------------------
    U13                                               0.000     0.000 r  a[3] (IN)
                         net (fo=0)                   0.000     0.000    a[3]
    U13                  IBUF (Prop_ibuf_I_O)         0.212     0.212 r  a_IBUF[3]_inst/O
                         net (fo=1, routed)           0.430     0.642    a_IBUF[3]
    SLICE_X0Y57          FDCE                                         r  a_reg_reg[3]/D
  -------------------------------------------------------------------    -------------------

                         (clock sys_clk rise edge)    0.000     0.000 r  
    N15                                               0.000     0.000 r  clk (IN)
                         net (fo=0)                   0.000     0.000    clk
    N15                  IBUF (Prop_ibuf_I_O)         0.365     0.365 r  clk_IBUF_inst/O
                         net (fo=1, routed)           0.695     1.060    clk_IBUF
    BUFGCTRL_X0Y0        BUFG (Prop_bufg_I_O)         0.029     1.089 r  clk_IBUF_BUFG_inst/O
                         net (fo=14, routed)          0.874     1.963    clk_IBUF_BUFG
    SLICE_X0Y57          FDCE                                         r  a_reg_reg[3]/C

Slack:                    inf
  Source:                 b[3]
                            (input port)
  Destination:            b_reg_reg[3]/D
                            (rising edge-triggered cell FDCE clocked by sys_clk  {rise@0.000ns fall@5.000ns period=10.000ns})
  Path Group:             (none)
  Path Type:              Hold (Min at Fast Process Corner)
  Data Path Delay:        0.649ns  (logic 0.228ns (35.095%)  route 0.421ns (64.905%))
  Logic Levels:           1  (IBUF=1)
  Clock Path Skew:        1.963ns (DCD - SCD - CPR)
    Destination Clock Delay (DCD):    1.963ns
    Source Clock Delay      (SCD):    0.000ns
    Clock Pessimism Removal (CPR):    -0.000ns

    Location             Delay type                Incr(ns)  Path(ns)    Netlist Resource(s)
  -------------------------------------------------------------------    -------------------
    V11                                               0.000     0.000 r  b[3] (IN)
                         net (fo=0)                   0.000     0.000    b[3]
    V11                  IBUF (Prop_ibuf_I_O)         0.228     0.228 r  b_IBUF[3]_inst/O
                         net (fo=1, routed)           0.421     0.649    b_IBUF[3]
    SLICE_X1Y58          FDCE                                         r  b_reg_reg[3]/D
  -------------------------------------------------------------------    -------------------

                         (clock sys_clk rise edge)    0.000     0.000 r  
    N15                                               0.000     0.000 r  clk (IN)
                         net (fo=0)                   0.000     0.000    clk
    N15                  IBUF (Prop_ibuf_I_O)         0.365     0.365 r  clk_IBUF_inst/O
                         net (fo=1, routed)           0.695     1.060    clk_IBUF
    BUFGCTRL_X0Y0        BUFG (Prop_bufg_I_O)         0.029     1.089 r  clk_IBUF_BUFG_inst/O
                         net (fo=14, routed)          0.874     1.963    clk_IBUF_BUFG
    SLICE_X1Y58          FDCE                                         r  b_reg_reg[3]/C

Slack:                    inf
  Source:                 b[0]
                            (input port)
  Destination:            b_reg_reg[0]/D
                            (rising edge-triggered cell FDCE clocked by sys_clk  {rise@0.000ns fall@5.000ns period=10.000ns})
  Path Group:             (none)
  Path Type:              Hold (Min at Fast Process Corner)
  Data Path Delay:        0.652ns  (logic 0.216ns (33.074%)  route 0.436ns (66.926%))
  Logic Levels:           1  (IBUF=1)
  Clock Path Skew:        1.963ns (DCD - SCD - CPR)
    Destination Clock Delay (DCD):    1.963ns
    Source Clock Delay      (SCD):    0.000ns
    Clock Pessimism Removal (CPR):    -0.000ns

    Location             Delay type                Incr(ns)  Path(ns)    Netlist Resource(s)
  -------------------------------------------------------------------    -------------------
    T13                                               0.000     0.000 r  b[0] (IN)
                         net (fo=0)                   0.000     0.000    b[0]
    T13                  IBUF (Prop_ibuf_I_O)         0.216     0.216 r  b_IBUF[0]_inst/O
                         net (fo=1, routed)           0.436     0.652    b_IBUF[0]
    SLICE_X0Y58          FDCE                                         r  b_reg_reg[0]/D
  -------------------------------------------------------------------    -------------------

                         (clock sys_clk rise edge)    0.000     0.000 r  
    N15                                               0.000     0.000 r  clk (IN)
                         net (fo=0)                   0.000     0.000    clk
    N15                  IBUF (Prop_ibuf_I_O)         0.365     0.365 r  clk_IBUF_inst/O
                         net (fo=1, routed)           0.695     1.060    clk_IBUF
    BUFGCTRL_X0Y0        BUFG (Prop_bufg_I_O)         0.029     1.089 r  clk_IBUF_BUFG_inst/O
                         net (fo=14, routed)          0.874     1.963    clk_IBUF_BUFG
    SLICE_X0Y58          FDCE                                         r  b_reg_reg[0]/C

Slack:                    inf
  Source:                 a[0]
                            (input port)
  Destination:            a_reg_reg[0]/D
                            (rising edge-triggered cell FDCE clocked by sys_clk  {rise@0.000ns fall@5.000ns period=10.000ns})
  Path Group:             (none)
  Path Type:              Hold (Min at Fast Process Corner)
  Data Path Delay:        0.656ns  (logic 0.214ns (32.650%)  route 0.442ns (67.350%))
  Logic Levels:           1  (IBUF=1)
  Clock Path Skew:        1.963ns (DCD - SCD - CPR)
    Destination Clock Delay (DCD):    1.963ns
    Source Clock Delay      (SCD):    0.000ns
    Clock Pessimism Removal (CPR):    -0.000ns

    Location             Delay type                Incr(ns)  Path(ns)    Netlist Resource(s)
  -------------------------------------------------------------------    -------------------
    R10                                               0.000     0.000 r  a[0] (IN)
                         net (fo=0)                   0.000     0.000    a[0]
    R10                  IBUF (Prop_ibuf_I_O)         0.214     0.214 r  a_IBUF[0]_inst/O
                         net (fo=1, routed)           0.442     0.656    a_IBUF[0]
    SLICE_X0Y58          FDCE                                         r  a_reg_reg[0]/D
  -------------------------------------------------------------------    -------------------

                         (clock sys_clk rise edge)    0.000     0.000 r  
    N15                                               0.000     0.000 r  clk (IN)
                         net (fo=0)                   0.000     0.000    clk
    N15                  IBUF (Prop_ibuf_I_O)         0.365     0.365 r  clk_IBUF_inst/O
                         net (fo=1, routed)           0.695     1.060    clk_IBUF
    BUFGCTRL_X0Y0        BUFG (Prop_bufg_I_O)         0.029     1.089 r  clk_IBUF_BUFG_inst/O
                         net (fo=14, routed)          0.874     1.963    clk_IBUF_BUFG
    SLICE_X0Y58          FDCE                                         r  a_reg_reg[0]/C

Slack:                    inf
  Source:                 a[2]
                            (input port)
  Destination:            a_reg_reg[2]/D
                            (rising edge-triggered cell FDCE clocked by sys_clk  {rise@0.000ns fall@5.000ns period=10.000ns})
  Path Group:             (none)
  Path Type:              Hold (Min at Fast Process Corner)
  Data Path Delay:        0.662ns  (logic 0.233ns (35.206%)  route 0.429ns (64.794%))
  Logic Levels:           1  (IBUF=1)
  Clock Path Skew:        1.963ns (DCD - SCD - CPR)
    Destination Clock Delay (DCD):    1.963ns
    Source Clock Delay      (SCD):    0.000ns
    Clock Pessimism Removal (CPR):    -0.000ns

    Location             Delay type                Incr(ns)  Path(ns)    Netlist Resource(s)
  -------------------------------------------------------------------    -------------------
    T9                                                0.000     0.000 r  a[2] (IN)
                         net (fo=0)                   0.000     0.000    a[2]
    T9                   IBUF (Prop_ibuf_I_O)         0.233     0.233 r  a_IBUF[2]_inst/O
                         net (fo=1, routed)           0.429     0.662    a_IBUF[2]
    SLICE_X0Y58          FDCE                                         r  a_reg_reg[2]/D
  -------------------------------------------------------------------    -------------------

                         (clock sys_clk rise edge)    0.000     0.000 r  
    N15                                               0.000     0.000 r  clk (IN)
                         net (fo=0)                   0.000     0.000    clk
    N15                  IBUF (Prop_ibuf_I_O)         0.365     0.365 r  clk_IBUF_inst/O
                         net (fo=1, routed)           0.695     1.060    clk_IBUF
    BUFGCTRL_X0Y0        BUFG (Prop_bufg_I_O)         0.029     1.089 r  clk_IBUF_BUFG_inst/O
                         net (fo=14, routed)          0.874     1.963    clk_IBUF_BUFG
    SLICE_X0Y58          FDCE                                         r  a_reg_reg[2]/C

Slack:                    inf
  Source:                 rst
                            (input port)
  Destination:            b_reg_reg[1]/CLR
                            (removal check against rising-edge clock sys_clk  {rise@0.000ns fall@5.000ns period=10.000ns})
  Path Group:             (none)
  Path Type:              Removal (Min at Fast Process Corner)
  Data Path Delay:        0.704ns  (logic 0.223ns (31.757%)  route 0.480ns (68.243%))
  Logic Levels:           1  (IBUF=1)
  Clock Path Skew:        1.963ns (DCD - SCD - CPR)
    Destination Clock Delay (DCD):    1.963ns
    Source Clock Delay      (SCD):    0.000ns
    Clock Pessimism Removal (CPR):    -0.000ns

    Location             Delay type                Incr(ns)  Path(ns)    Netlist Resource(s)
  -------------------------------------------------------------------    -------------------
    U11                                               0.000     0.000 f  rst (IN)
                         net (fo=0)                   0.000     0.000    rst
    U11                  IBUF (Prop_ibuf_I_O)         0.223     0.223 f  rst_IBUF_inst/O
                         net (fo=14, routed)          0.480     0.704    rst_IBUF
    SLICE_X1Y58          FDCE                                         f  b_reg_reg[1]/CLR
  -------------------------------------------------------------------    -------------------

                         (clock sys_clk rise edge)    0.000     0.000 r  
    N15                                               0.000     0.000 r  clk (IN)
                         net (fo=0)                   0.000     0.000    clk
    N15                  IBUF (Prop_ibuf_I_O)         0.365     0.365 r  clk_IBUF_inst/O
                         net (fo=1, routed)           0.695     1.060    clk_IBUF
    BUFGCTRL_X0Y0        BUFG (Prop_bufg_I_O)         0.029     1.089 r  clk_IBUF_BUFG_inst/O
                         net (fo=14, routed)          0.874     1.963    clk_IBUF_BUFG
    SLICE_X1Y58          FDCE                                         r  b_reg_reg[1]/C





