Copyright 1986-2022 Xilinx, Inc. All Rights Reserved. Copyright 2022-2025 Advanced Micro Devices, Inc. All Rights Reserved.
---------------------------------------------------------------------------------------------------------------------------------------------------------------------------------------------------------------------------------------------------
| Tool Version : Vivado v.2025.1 (lin64) Build 6140274 Wed May 21 22:58:25 MDT 2025
| Date         : Fri Sep 11 17:03:16 2026
| Host         : k01-dt-0008.ad.oko.camera running 64-bit Ubuntu 24.04.4 LTS
| Command      : report_timing_summary -max_paths 10 -routable_nets -report_unconstrained -file sin_pipelined_timing_summary_routed.rpt -pb sin_pipelined_timing_summary_routed.pb -rpx sin_pipelined_timing_summary_routed.rpx -warn_on_violation
| Design       : sin_pipelined
| Device       : 7a100t-csg324
| Speed File   : -1  PRODUCTION 1.23 2018-06-13
| Design State : Routed
---------------------------------------------------------------------------------------------------------------------------------------------------------------------------------------------------------------------------------------------------

Timing Summary Report

------------------------------------------------------------------------------------------------
| Timer Settings
| --------------
------------------------------------------------------------------------------------------------

  Enable Multi Corner Analysis               :  Yes
  Enable Pessimism Removal                   :  Yes
  Pessimism Removal Resolution               :  Nearest Common Node
  Enable Input Delay Default Clock           :  No
  Enable Preset / Clear Arcs                 :  No
  Disable Flight Delays                      :  No
  Ignore I/O Paths                           :  No
  Timing Early Launch at Borrowing Latches   :  No
  Borrow Time for Max Delay Exceptions       :  Yes
  Merge Timing Exceptions                    :  Yes
  Inter-SLR Compensation                     :  Conservative

  Corner  Analyze    Analyze    
  Name    Max Paths  Min Paths  
  ------  ---------  ---------  
  Slow    Yes        Yes        
  Fast    Yes        Yes        


------------------------------------------------------------------------------------------------
| Report Methodology
| ------------------
------------------------------------------------------------------------------------------------

Rule       Severity  Description                    Violations  
---------  --------  -----------------------------  ----------  
SYNTH-9    Warning   Small multiplier               6           
TIMING-18  Warning   Missing input or output delay  17          

Note: This report is based on the most recent report_methodology run and may not be up-to-date. Run report_methodology on the current design for the latest report.



check_timing report

Table of Contents
-----------------
1. checking no_clock (0)
2. checking constant_clock (0)
3. checking pulse_width_clock (0)
4. checking unconstrained_internal_endpoints (0)
5. checking no_input_delay (9)
6. checking no_output_delay (8)
7. checking multiple_clock (0)
8. checking generated_clocks (0)
9. checking loops (0)
10. checking partial_input_delay (0)
11. checking partial_output_delay (0)
12. checking latch_loops (0)

1. checking no_clock (0)
------------------------
 There are 0 register/latch pins with no clock.


2. checking constant_clock (0)
------------------------------
 There are 0 register/latch pins with constant_clock.


3. checking pulse_width_clock (0)
---------------------------------
 There are 0 register/latch pins which need pulse_width check


4. checking unconstrained_internal_endpoints (0)
------------------------------------------------
 There are 0 pins that are not constrained for maximum delay.

 There are 0 pins that are not constrained for maximum delay due to constant clock.


5. checking no_input_delay (9)
------------------------------
 There are 9 input ports with no input delay specified. (HIGH)

 There are 0 input ports with no input delay but user has a false path constraint.


6. checking no_output_delay (8)
-------------------------------
 There are 8 ports with no output delay specified. (HIGH)

 There are 0 ports with no output delay but user has a false path constraint

 There are 0 ports with no output delay but with a timing clock defined on it or propagating through it


7. checking multiple_clock (0)
------------------------------
 There are 0 register/latch pins with multiple clocks.


8. checking generated_clocks (0)
--------------------------------
 There are 0 generated clocks that are not connected to a clock source.


9. checking loops (0)
---------------------
 There are 0 combinational loops in the design.


10. checking partial_input_delay (0)
------------------------------------
 There are 0 input ports with partial input delay specified.


11. checking partial_output_delay (0)
-------------------------------------
 There are 0 ports with partial output delay specified.


12. checking latch_loops (0)
----------------------------
 There are 0 combinational latch loops in the design through latch input



------------------------------------------------------------------------------------------------
| Design Timing Summary
| ---------------------
------------------------------------------------------------------------------------------------

    WNS(ns)      TNS(ns)  TNS Failing Endpoints  TNS Total Endpoints      WHS(ns)      THS(ns)  THS Failing Endpoints  THS Total Endpoints     WPWS(ns)     TPWS(ns)  TPWS Failing Endpoints  TPWS Total Endpoints  
    -------      -------  ---------------------  -------------------      -------      -------  ---------------------  -------------------     --------     --------  ----------------------  --------------------  
      0.828        0.000                      0                   35        0.229        0.000                      0                   35        4.500        0.000                       0                    43  


All user specified timing constraints are met.


------------------------------------------------------------------------------------------------
| Clock Summary
| -------------
------------------------------------------------------------------------------------------------

Clock    Waveform(ns)       Period(ns)      Frequency(MHz)
-----    ------------       ----------      --------------
sys_clk  {0.000 5.000}      10.000          100.000         


------------------------------------------------------------------------------------------------
| Intra Clock Table
| -----------------
------------------------------------------------------------------------------------------------

Clock             WNS(ns)      TNS(ns)  TNS Failing Endpoints  TNS Total Endpoints      WHS(ns)      THS(ns)  THS Failing Endpoints  THS Total Endpoints     WPWS(ns)     TPWS(ns)  TPWS Failing Endpoints  TPWS Total Endpoints  
-----             -------      -------  ---------------------  -------------------      -------      -------  ---------------------  -------------------     --------     --------  ----------------------  --------------------  
sys_clk             0.828        0.000                      0                   35        0.229        0.000                      0                   35        4.500        0.000                       0                    43  


------------------------------------------------------------------------------------------------
| Inter Clock Table
| -----------------
------------------------------------------------------------------------------------------------

From Clock    To Clock          WNS(ns)      TNS(ns)  TNS Failing Endpoints  TNS Total Endpoints      WHS(ns)      THS(ns)  THS Failing Endpoints  THS Total Endpoints  
----------    --------          -------      -------  ---------------------  -------------------      -------      -------  ---------------------  -------------------  


------------------------------------------------------------------------------------------------
| Other Path Groups Table
| -----------------------
------------------------------------------------------------------------------------------------

Path Group    From Clock    To Clock          WNS(ns)      TNS(ns)  TNS Failing Endpoints  TNS Total Endpoints      WHS(ns)      THS(ns)  THS Failing Endpoints  THS Total Endpoints  
----------    ----------    --------          -------      -------  ---------------------  -------------------      -------      -------  ---------------------  -------------------  


------------------------------------------------------------------------------------------------
| User Ignored Path Table
| -----------------------
------------------------------------------------------------------------------------------------

Path Group    From Clock    To Clock    
----------    ----------    --------    


------------------------------------------------------------------------------------------------
| Unconstrained Path Table
| ------------------------
------------------------------------------------------------------------------------------------

Path Group    From Clock    To Clock    
----------    ----------    --------    
(none)        sys_clk                     
(none)                      sys_clk       


------------------------------------------------------------------------------------------------
| Timing Details
| --------------
------------------------------------------------------------------------------------------------


---------------------------------------------------------------------------------------------------
From Clock:  sys_clk
  To Clock:  sys_clk

Setup :            0  Failing Endpoints,  Worst Slack        0.828ns,  Total Violation        0.000ns
Hold  :            0  Failing Endpoints,  Worst Slack        0.229ns,  Total Violation        0.000ns
PW    :            0  Failing Endpoints,  Worst Slack        4.500ns,  Total Violation        0.000ns
---------------------------------------------------------------------------------------------------


Max Delay Paths
--------------------------------------------------------------------------------------
Slack (MET) :             0.828ns  (required time - arrival time)
  Source:                 x_sq_reg_reg[3]/C
                            (rising edge-triggered cell FDCE clocked by sys_clk  {rise@0.000ns fall@5.000ns period=10.000ns})
  Destination:            sin_pt1_reg[7]/D
                            (rising edge-triggered cell FDCE clocked by sys_clk  {rise@0.000ns fall@5.000ns period=10.000ns})
  Path Group:             sys_clk
  Path Type:              Setup (Max at Slow Process Corner)
  Requirement:            10.000ns  (sys_clk rise@10.000ns - sys_clk rise@0.000ns)
  Data Path Delay:        9.160ns  (logic 4.446ns (48.539%)  route 4.714ns (51.461%))
  Logic Levels:           14  (CARRY4=8 LUT2=2 LUT3=2 LUT4=2)
  Clock Path Skew:        -0.039ns (DCD - SCD + CPR)
    Destination Clock Delay (DCD):    4.419ns = ( 14.419 - 10.000 ) 
    Source Clock Delay      (SCD):    4.781ns
    Clock Pessimism Removal (CPR):    0.323ns
  Clock Uncertainty:      0.035ns  ((TSJ^2 + TIJ^2)^1/2 + DJ) / 2 + PE
    Total System Jitter     (TSJ):    0.071ns
    Total Input Jitter      (TIJ):    0.000ns
    Discrete Jitter          (DJ):    0.000ns
    Phase Error              (PE):    0.000ns

    Location             Delay type                Incr(ns)  Path(ns)    Netlist Resource(s)
  -------------------------------------------------------------------    -------------------
                         (clock sys_clk rise edge)    0.000     0.000 r  
    N15                                               0.000     0.000 r  clk (IN)
                         net (fo=0)                   0.000     0.000    clk
    N15                  IBUF (Prop_ibuf_I_O)         0.948     0.948 r  clk_IBUF_inst/O
                         net (fo=1, routed)           2.016     2.963    clk_IBUF
    BUFGCTRL_X0Y0        BUFG (Prop_bufg_I_O)         0.096     3.059 r  clk_IBUF_BUFG_inst/O
                         net (fo=42, routed)          1.721     4.781    clk_IBUF_BUFG
    SLICE_X7Y57          FDCE                                         r  x_sq_reg_reg[3]/C
  -------------------------------------------------------------------    -------------------
    SLICE_X7Y57          FDCE (Prop_fdce_C_Q)         0.456     5.237 r  x_sq_reg_reg[3]/Q
                         net (fo=20, routed)          1.102     6.338    x_sq_reg[3]
    SLICE_X11Y57         LUT3 (Prop_lut3_I0_O)        0.124     6.462 r  sin_pt1[2]_i_48/O
                         net (fo=1, routed)           0.000     6.462    sin_pt1[2]_i_48_n_0
    SLICE_X11Y57         CARRY4 (Prop_carry4_S[0]_O[0])
                                                      0.247     6.709 r  sin_pt1_reg[2]_i_36/O[0]
                         net (fo=2, routed)           0.603     7.312    sin_pt1_reg[2]_i_36_n_7
    SLICE_X10Y57         LUT3 (Prop_lut3_I0_O)        0.299     7.611 r  sin_pt1[2]_i_40/O
                         net (fo=1, routed)           0.000     7.611    sin_pt1[2]_i_40_n_0
    SLICE_X10Y57         CARRY4 (Prop_carry4_S[0]_O[0])
                                                      0.252     7.863 r  sin_pt1_reg[2]_i_27/O[0]
                         net (fo=8, routed)           0.600     8.463    sin_pt1_reg[2]_i_27_n_7
    SLICE_X9Y56          LUT2 (Prop_lut2_I0_O)        0.291     8.754 r  sin_pt1[2]_i_17/O
                         net (fo=1, routed)           0.000     8.754    sin_pt1[2]_i_17_n_0
    SLICE_X9Y56          CARRY4 (Prop_carry4_DI[2]_O[3])
                                                      0.401     9.155 r  sin_pt1_reg[2]_i_10/O[3]
                         net (fo=2, routed)           0.496     9.651    sin_pt1_reg[2]_i_10_n_4
    SLICE_X8Y55          LUT2 (Prop_lut2_I0_O)        0.306     9.957 r  sin_pt1[2]_i_15/O
                         net (fo=1, routed)           0.000     9.957    sin_pt1[2]_i_15_n_0
    SLICE_X8Y55          CARRY4 (Prop_carry4_S[1]_O[1])
                                                      0.230    10.187 r  sin_pt1_reg[2]_i_9/O[1]
                         net (fo=6, routed)           0.717    10.904    sin_pt1_reg[2]_i_9_n_6
    SLICE_X6Y54          LUT4 (Prop_lut4_I0_O)        0.306    11.210 r  sin_pt1[2]_i_2/O
                         net (fo=1, routed)           0.636    11.846    sin_pt1[2]_i_2_n_0
    SLICE_X2Y55          CARRY4 (Prop_carry4_DI[3]_CO[3])
                                                      0.396    12.242 r  sin_pt1_reg[2]_i_1/CO[3]
                         net (fo=1, routed)           0.000    12.242    sin_pt1_reg[2]_i_1_n_0
    SLICE_X2Y56          CARRY4 (Prop_carry4_CI_O[0])
                                                      0.219    12.461 r  sin_pt1_reg[7]_i_3/O[0]
                         net (fo=3, routed)           0.560    13.021    sin_pt1_reg[7]_i_3_n_7
    SLICE_X3Y55          LUT4 (Prop_lut4_I1_O)        0.295    13.316 r  sin_pt1[6]_i_3/O
                         net (fo=1, routed)           0.000    13.316    sin_pt1[6]_i_3_n_0
    SLICE_X3Y55          CARRY4 (Prop_carry4_S[3]_CO[3])
                                                      0.401    13.717 r  sin_pt1_reg[6]_i_1/CO[3]
                         net (fo=1, routed)           0.000    13.717    sin_pt1_reg[6]_i_1_n_0
    SLICE_X3Y56          CARRY4 (Prop_carry4_CI_O[0])
                                                      0.223    13.940 r  sin_pt1_reg[7]_i_1/O[0]
                         net (fo=1, routed)           0.000    13.940    sin_pt10[7]
    SLICE_X3Y56          FDCE                                         r  sin_pt1_reg[7]/D
  -------------------------------------------------------------------    -------------------

                         (clock sys_clk rise edge)   10.000    10.000 r  
    N15                                               0.000    10.000 r  clk (IN)
                         net (fo=0)                   0.000    10.000    clk
    N15                  IBUF (Prop_ibuf_I_O)         0.814    10.814 r  clk_IBUF_inst/O
                         net (fo=1, routed)           1.911    12.725    clk_IBUF
    BUFGCTRL_X0Y0        BUFG (Prop_bufg_I_O)         0.091    12.816 r  clk_IBUF_BUFG_inst/O
                         net (fo=42, routed)          1.602    14.419    clk_IBUF_BUFG
    SLICE_X3Y56          FDCE                                         r  sin_pt1_reg[7]/C
                         clock pessimism              0.323    14.742    
                         clock uncertainty           -0.035    14.706    
    SLICE_X3Y56          FDCE (Setup_fdce_C_D)        0.062    14.768    sin_pt1_reg[7]
  -------------------------------------------------------------------
                         required time                         14.768    
                         arrival time                         -13.940    
  -------------------------------------------------------------------
                         slack                                  0.828    

Slack (MET) :             1.204ns  (required time - arrival time)
  Source:                 x_sq_reg_reg[3]/C
                            (rising edge-triggered cell FDCE clocked by sys_clk  {rise@0.000ns fall@5.000ns period=10.000ns})
  Destination:            sin_pt1_reg[6]/D
                            (rising edge-triggered cell FDCE clocked by sys_clk  {rise@0.000ns fall@5.000ns period=10.000ns})
  Path Group:             sys_clk
  Path Type:              Setup (Max at Slow Process Corner)
  Requirement:            10.000ns  (sys_clk rise@10.000ns - sys_clk rise@0.000ns)
  Data Path Delay:        8.784ns  (logic 4.070ns (46.336%)  route 4.714ns (53.664%))
  Logic Levels:           13  (CARRY4=7 LUT2=2 LUT3=2 LUT4=2)
  Clock Path Skew:        -0.039ns (DCD - SCD + CPR)
    Destination Clock Delay (DCD):    4.419ns = ( 14.419 - 10.000 ) 
    Source Clock Delay      (SCD):    4.781ns
    Clock Pessimism Removal (CPR):    0.323ns
  Clock Uncertainty:      0.035ns  ((TSJ^2 + TIJ^2)^1/2 + DJ) / 2 + PE
    Total System Jitter     (TSJ):    0.071ns
    Total Input Jitter      (TIJ):    0.000ns
    Discrete Jitter          (DJ):    0.000ns
    Phase Error              (PE):    0.000ns

    Location             Delay type                Incr(ns)  Path(ns)    Netlist Resource(s)
  -------------------------------------------------------------------    -------------------
                         (clock sys_clk rise edge)    0.000     0.000 r  
    N15                                               0.000     0.000 r  clk (IN)
                         net (fo=0)                   0.000     0.000    clk
    N15                  IBUF (Prop_ibuf_I_O)         0.948     0.948 r  clk_IBUF_inst/O
                         net (fo=1, routed)           2.016     2.963    clk_IBUF
    BUFGCTRL_X0Y0        BUFG (Prop_bufg_I_O)         0.096     3.059 r  clk_IBUF_BUFG_inst/O
                         net (fo=42, routed)          1.721     4.781    clk_IBUF_BUFG
    SLICE_X7Y57          FDCE                                         r  x_sq_reg_reg[3]/C
  -------------------------------------------------------------------    -------------------
    SLICE_X7Y57          FDCE (Prop_fdce_C_Q)         0.456     5.237 r  x_sq_reg_reg[3]/Q
                         net (fo=20, routed)          1.102     6.338    x_sq_reg[3]
    SLICE_X11Y57         LUT3 (Prop_lut3_I0_O)        0.124     6.462 r  sin_pt1[2]_i_48/O
                         net (fo=1, routed)           0.000     6.462    sin_pt1[2]_i_48_n_0
    SLICE_X11Y57         CARRY4 (Prop_carry4_S[0]_O[0])
                                                      0.247     6.709 r  sin_pt1_reg[2]_i_36/O[0]
                         net (fo=2, routed)           0.603     7.312    sin_pt1_reg[2]_i_36_n_7
    SLICE_X10Y57         LUT3 (Prop_lut3_I0_O)        0.299     7.611 r  sin_pt1[2]_i_40/O
                         net (fo=1, routed)           0.000     7.611    sin_pt1[2]_i_40_n_0
    SLICE_X10Y57         CARRY4 (Prop_carry4_S[0]_O[0])
                                                      0.252     7.863 r  sin_pt1_reg[2]_i_27/O[0]
                         net (fo=8, routed)           0.600     8.463    sin_pt1_reg[2]_i_27_n_7
    SLICE_X9Y56          LUT2 (Prop_lut2_I0_O)        0.291     8.754 r  sin_pt1[2]_i_17/O
                         net (fo=1, routed)           0.000     8.754    sin_pt1[2]_i_17_n_0
    SLICE_X9Y56          CARRY4 (Prop_carry4_DI[2]_O[3])
                                                      0.401     9.155 r  sin_pt1_reg[2]_i_10/O[3]
                         net (fo=2, routed)           0.496     9.651    sin_pt1_reg[2]_i_10_n_4
    SLICE_X8Y55          LUT2 (Prop_lut2_I0_O)        0.306     9.957 r  sin_pt1[2]_i_15/O
                         net (fo=1, routed)           0.000     9.957    sin_pt1[2]_i_15_n_0
    SLICE_X8Y55          CARRY4 (Prop_carry4_S[1]_O[1])
                                                      0.230    10.187 r  sin_pt1_reg[2]_i_9/O[1]
                         net (fo=6, routed)           0.717    10.904    sin_pt1_reg[2]_i_9_n_6
    SLICE_X6Y54          LUT4 (Prop_lut4_I0_O)        0.306    11.210 r  sin_pt1[2]_i_2/O
                         net (fo=1, routed)           0.636    11.846    sin_pt1[2]_i_2_n_0
    SLICE_X2Y55          CARRY4 (Prop_carry4_DI[3]_CO[3])
                                                      0.396    12.242 r  sin_pt1_reg[2]_i_1/CO[3]
                         net (fo=1, routed)           0.000    12.242    sin_pt1_reg[2]_i_1_n_0
    SLICE_X2Y56          CARRY4 (Prop_carry4_CI_O[0])
                                                      0.219    12.461 r  sin_pt1_reg[7]_i_3/O[0]
                         net (fo=3, routed)           0.560    13.021    sin_pt1_reg[7]_i_3_n_7
    SLICE_X3Y55          LUT4 (Prop_lut4_I1_O)        0.295    13.316 r  sin_pt1[6]_i_3/O
                         net (fo=1, routed)           0.000    13.316    sin_pt1[6]_i_3_n_0
    SLICE_X3Y55          CARRY4 (Prop_carry4_S[3]_O[3])
                                                      0.248    13.564 r  sin_pt1_reg[6]_i_1/O[3]
                         net (fo=1, routed)           0.000    13.564    sin_pt10[6]
    SLICE_X3Y55          FDCE                                         r  sin_pt1_reg[6]/D
  -------------------------------------------------------------------    -------------------

                         (clock sys_clk rise edge)   10.000    10.000 r  
    N15                                               0.000    10.000 r  clk (IN)
                         net (fo=0)                   0.000    10.000    clk
    N15                  IBUF (Prop_ibuf_I_O)         0.814    10.814 r  clk_IBUF_inst/O
                         net (fo=1, routed)           1.911    12.725    clk_IBUF
    BUFGCTRL_X0Y0        BUFG (Prop_bufg_I_O)         0.091    12.816 r  clk_IBUF_BUFG_inst/O
                         net (fo=42, routed)          1.602    14.419    clk_IBUF_BUFG
    SLICE_X3Y55          FDCE                                         r  sin_pt1_reg[6]/C
                         clock pessimism              0.323    14.742    
                         clock uncertainty           -0.035    14.706    
    SLICE_X3Y55          FDCE (Setup_fdce_C_D)        0.062    14.768    sin_pt1_reg[6]
  -------------------------------------------------------------------
                         required time                         14.768    
                         arrival time                         -13.564    
  -------------------------------------------------------------------
                         slack                                  1.204    

Slack (MET) :             1.822ns  (required time - arrival time)
  Source:                 x_sq_reg_reg[3]/C
                            (rising edge-triggered cell FDCE clocked by sys_clk  {rise@0.000ns fall@5.000ns period=10.000ns})
  Destination:            sin_pt1_reg[5]/D
                            (rising edge-triggered cell FDCE clocked by sys_clk  {rise@0.000ns fall@5.000ns period=10.000ns})
  Path Group:             sys_clk
  Path Type:              Setup (Max at Slow Process Corner)
  Requirement:            10.000ns  (sys_clk rise@10.000ns - sys_clk rise@0.000ns)
  Data Path Delay:        8.166ns  (logic 4.065ns (49.779%)  route 4.101ns (50.221%))
  Logic Levels:           12  (CARRY4=6 LUT2=3 LUT3=2 LUT6=1)
  Clock Path Skew:        -0.039ns (DCD - SCD + CPR)
    Destination Clock Delay (DCD):    4.419ns = ( 14.419 - 10.000 ) 
    Source Clock Delay      (SCD):    4.781ns
    Clock Pessimism Removal (CPR):    0.323ns
  Clock Uncertainty:      0.035ns  ((TSJ^2 + TIJ^2)^1/2 + DJ) / 2 + PE
    Total System Jitter     (TSJ):    0.071ns
    Total Input Jitter      (TIJ):    0.000ns
    Discrete Jitter          (DJ):    0.000ns
    Phase Error              (PE):    0.000ns

    Location             Delay type                Incr(ns)  Path(ns)    Netlist Resource(s)
  -------------------------------------------------------------------    -------------------
                         (clock sys_clk rise edge)    0.000     0.000 r  
    N15                                               0.000     0.000 r  clk (IN)
                         net (fo=0)                   0.000     0.000    clk
    N15                  IBUF (Prop_ibuf_I_O)         0.948     0.948 r  clk_IBUF_inst/O
                         net (fo=1, routed)           2.016     2.963    clk_IBUF
    BUFGCTRL_X0Y0        BUFG (Prop_bufg_I_O)         0.096     3.059 r  clk_IBUF_BUFG_inst/O
                         net (fo=42, routed)          1.721     4.781    clk_IBUF_BUFG
    SLICE_X7Y57          FDCE                                         r  x_sq_reg_reg[3]/C
  -------------------------------------------------------------------    -------------------
    SLICE_X7Y57          FDCE (Prop_fdce_C_Q)         0.456     5.237 r  x_sq_reg_reg[3]/Q
                         net (fo=20, routed)          1.102     6.338    x_sq_reg[3]
    SLICE_X11Y57         LUT3 (Prop_lut3_I0_O)        0.124     6.462 r  sin_pt1[2]_i_48/O
                         net (fo=1, routed)           0.000     6.462    sin_pt1[2]_i_48_n_0
    SLICE_X11Y57         CARRY4 (Prop_carry4_S[0]_O[0])
                                                      0.247     6.709 r  sin_pt1_reg[2]_i_36/O[0]
                         net (fo=2, routed)           0.603     7.312    sin_pt1_reg[2]_i_36_n_7
    SLICE_X10Y57         LUT3 (Prop_lut3_I0_O)        0.299     7.611 r  sin_pt1[2]_i_40/O
                         net (fo=1, routed)           0.000     7.611    sin_pt1[2]_i_40_n_0
    SLICE_X10Y57         CARRY4 (Prop_carry4_S[0]_O[0])
                                                      0.252     7.863 r  sin_pt1_reg[2]_i_27/O[0]
                         net (fo=8, routed)           0.600     8.463    sin_pt1_reg[2]_i_27_n_7
    SLICE_X9Y56          LUT2 (Prop_lut2_I0_O)        0.291     8.754 r  sin_pt1[2]_i_17/O
                         net (fo=1, routed)           0.000     8.754    sin_pt1[2]_i_17_n_0
    SLICE_X9Y56          CARRY4 (Prop_carry4_DI[2]_O[3])
                                                      0.401     9.155 r  sin_pt1_reg[2]_i_10/O[3]
                         net (fo=2, routed)           0.496     9.651    sin_pt1_reg[2]_i_10_n_4
    SLICE_X8Y55          LUT2 (Prop_lut2_I0_O)        0.306     9.957 r  sin_pt1[2]_i_15/O
                         net (fo=1, routed)           0.000     9.957    sin_pt1[2]_i_15_n_0
    SLICE_X8Y55          CARRY4 (Prop_carry4_S[1]_O[2])
                                                      0.578    10.535 r  sin_pt1_reg[2]_i_9/O[2]
                         net (fo=4, routed)           0.709    11.243    sin_pt1_reg[2]_i_9_n_5
    SLICE_X2Y55          LUT6 (Prop_lut6_I4_O)        0.301    11.544 r  sin_pt1[2]_i_5/O
                         net (fo=1, routed)           0.000    11.544    sin_pt1[2]_i_5_n_0
    SLICE_X2Y55          CARRY4 (Prop_carry4_S[3]_O[3])
                                                      0.255    11.799 r  sin_pt1_reg[2]_i_1/O[3]
                         net (fo=2, routed)           0.592    12.392    sin_pt1_reg[2]_i_1_n_4
    SLICE_X3Y55          LUT2 (Prop_lut2_I0_O)        0.307    12.699 r  sin_pt1[6]_i_4/O
                         net (fo=1, routed)           0.000    12.699    sin_pt1[6]_i_4_n_0
    SLICE_X3Y55          CARRY4 (Prop_carry4_S[2]_O[2])
                                                      0.248    12.947 r  sin_pt1_reg[6]_i_1/O[2]
                         net (fo=1, routed)           0.000    12.947    sin_pt10[5]
    SLICE_X3Y55          FDCE                                         r  sin_pt1_reg[5]/D
  -------------------------------------------------------------------    -------------------

                         (clock sys_clk rise edge)   10.000    10.000 r  
    N15                                               0.000    10.000 r  clk (IN)
                         net (fo=0)                   0.000    10.000    clk
    N15                  IBUF (Prop_ibuf_I_O)         0.814    10.814 r  clk_IBUF_inst/O
                         net (fo=1, routed)           1.911    12.725    clk_IBUF
    BUFGCTRL_X0Y0        BUFG (Prop_bufg_I_O)         0.091    12.816 r  clk_IBUF_BUFG_inst/O
                         net (fo=42, routed)          1.602    14.419    clk_IBUF_BUFG
    SLICE_X3Y55          FDCE                                         r  sin_pt1_reg[5]/C
                         clock pessimism              0.323    14.742    
                         clock uncertainty           -0.035    14.706    
    SLICE_X3Y55          FDCE (Setup_fdce_C_D)        0.062    14.768    sin_pt1_reg[5]
  -------------------------------------------------------------------
                         required time                         14.768    
                         arrival time                         -12.947    
  -------------------------------------------------------------------
                         slack                                  1.822    

Slack (MET) :             2.328ns  (required time - arrival time)
  Source:                 x_sq_reg_reg[3]/C
                            (rising edge-triggered cell FDCE clocked by sys_clk  {rise@0.000ns fall@5.000ns period=10.000ns})
  Destination:            sin_pt1_reg[4]/D
                            (rising edge-triggered cell FDCE clocked by sys_clk  {rise@0.000ns fall@5.000ns period=10.000ns})
  Path Group:             sys_clk
  Path Type:              Setup (Max at Slow Process Corner)
  Requirement:            10.000ns  (sys_clk rise@10.000ns - sys_clk rise@0.000ns)
  Data Path Delay:        7.659ns  (logic 3.876ns (50.606%)  route 3.783ns (49.394%))
  Logic Levels:           12  (CARRY4=6 LUT2=2 LUT3=4)
  Clock Path Skew:        -0.039ns (DCD - SCD + CPR)
    Destination Clock Delay (DCD):    4.419ns = ( 14.419 - 10.000 ) 
    Source Clock Delay      (SCD):    4.781ns
    Clock Pessimism Removal (CPR):    0.323ns
  Clock Uncertainty:      0.035ns  ((TSJ^2 + TIJ^2)^1/2 + DJ) / 2 + PE
    Total System Jitter     (TSJ):    0.071ns
    Total Input Jitter      (TIJ):    0.000ns
    Discrete Jitter          (DJ):    0.000ns
    Phase Error              (PE):    0.000ns

    Location             Delay type                Incr(ns)  Path(ns)    Netlist Resource(s)
  -------------------------------------------------------------------    -------------------
                         (clock sys_clk rise edge)    0.000     0.000 r  
    N15                                               0.000     0.000 r  clk (IN)
                         net (fo=0)                   0.000     0.000    clk
    N15                  IBUF (Prop_ibuf_I_O)         0.948     0.948 r  clk_IBUF_inst/O
                         net (fo=1, routed)           2.016     2.963    clk_IBUF
    BUFGCTRL_X0Y0        BUFG (Prop_bufg_I_O)         0.096     3.059 r  clk_IBUF_BUFG_inst/O
                         net (fo=42, routed)          1.721     4.781    clk_IBUF_BUFG
    SLICE_X7Y57          FDCE                                         r  x_sq_reg_reg[3]/C
  -------------------------------------------------------------------    -------------------
    SLICE_X7Y57          FDCE (Prop_fdce_C_Q)         0.456     5.237 r  x_sq_reg_reg[3]/Q
                         net (fo=20, routed)          1.102     6.338    x_sq_reg[3]
    SLICE_X11Y57         LUT3 (Prop_lut3_I0_O)        0.124     6.462 r  sin_pt1[2]_i_48/O
                         net (fo=1, routed)           0.000     6.462    sin_pt1[2]_i_48_n_0
    SLICE_X11Y57         CARRY4 (Prop_carry4_S[0]_O[0])
                                                      0.247     6.709 r  sin_pt1_reg[2]_i_36/O[0]
                         net (fo=2, routed)           0.603     7.312    sin_pt1_reg[2]_i_36_n_7
    SLICE_X10Y57         LUT3 (Prop_lut3_I0_O)        0.299     7.611 r  sin_pt1[2]_i_40/O
                         net (fo=1, routed)           0.000     7.611    sin_pt1[2]_i_40_n_0
    SLICE_X10Y57         CARRY4 (Prop_carry4_S[0]_O[0])
                                                      0.252     7.863 r  sin_pt1_reg[2]_i_27/O[0]
                         net (fo=8, routed)           0.600     8.463    sin_pt1_reg[2]_i_27_n_7
    SLICE_X9Y56          LUT2 (Prop_lut2_I0_O)        0.295     8.758 r  sin_pt1[2]_i_20/O
                         net (fo=1, routed)           0.000     8.758    sin_pt1[2]_i_20_n_0
    SLICE_X9Y56          CARRY4 (Prop_carry4_S[2]_O[2])
                                                      0.248     9.006 r  sin_pt1_reg[2]_i_10/O[2]
                         net (fo=2, routed)           0.326     9.332    sin_pt1_reg[2]_i_10_n_5
    SLICE_X8Y55          LUT3 (Prop_lut3_I0_O)        0.302     9.634 r  sin_pt1[2]_i_16/O
                         net (fo=1, routed)           0.000     9.634    sin_pt1[2]_i_16_n_0
    SLICE_X8Y55          CARRY4 (Prop_carry4_S[0]_O[0])
                                                      0.252     9.886 r  sin_pt1_reg[2]_i_9/O[0]
                         net (fo=8, routed)           0.848    10.734    sin_pt1_reg[2]_i_9_n_7
    SLICE_X2Y55          LUT2 (Prop_lut2_I0_O)        0.295    11.029 r  sin_pt1[2]_i_7/O
                         net (fo=1, routed)           0.000    11.029    sin_pt1[2]_i_7_n_0
    SLICE_X2Y55          CARRY4 (Prop_carry4_S[1]_O[2])
                                                      0.578    11.607 r  sin_pt1_reg[2]_i_1/O[2]
                         net (fo=2, routed)           0.304    11.912    sin_pt1_reg[2]_i_1_n_5
    SLICE_X3Y55          LUT3 (Prop_lut3_I0_O)        0.301    12.213 r  sin_pt1[6]_i_5/O
                         net (fo=1, routed)           0.000    12.213    sin_pt1[6]_i_5_n_0
    SLICE_X3Y55          CARRY4 (Prop_carry4_S[1]_O[1])
                                                      0.227    12.440 r  sin_pt1_reg[6]_i_1/O[1]
                         net (fo=1, routed)           0.000    12.440    sin_pt10[4]
    SLICE_X3Y55          FDCE                                         r  sin_pt1_reg[4]/D
  -------------------------------------------------------------------    -------------------

                         (clock sys_clk rise edge)   10.000    10.000 r  
    N15                                               0.000    10.000 r  clk (IN)
                         net (fo=0)                   0.000    10.000    clk
    N15                  IBUF (Prop_ibuf_I_O)         0.814    10.814 r  clk_IBUF_inst/O
                         net (fo=1, routed)           1.911    12.725    clk_IBUF
    BUFGCTRL_X0Y0        BUFG (Prop_bufg_I_O)         0.091    12.816 r  clk_IBUF_BUFG_inst/O
                         net (fo=42, routed)          1.602    14.419    clk_IBUF_BUFG
    SLICE_X3Y55          FDCE                                         r  sin_pt1_reg[4]/C
                         clock pessimism              0.323    14.742    
                         clock uncertainty           -0.035    14.706    
    SLICE_X3Y55          FDCE (Setup_fdce_C_D)        0.062    14.768    sin_pt1_reg[4]
  -------------------------------------------------------------------
                         required time                         14.768    
                         arrival time                         -12.440    
  -------------------------------------------------------------------
                         slack                                  2.328    

Slack (MET) :             2.593ns  (required time - arrival time)
  Source:                 x_sq_reg_reg[3]/C
                            (rising edge-triggered cell FDCE clocked by sys_clk  {rise@0.000ns fall@5.000ns period=10.000ns})
  Destination:            sin_pt1_reg[3]/D
                            (rising edge-triggered cell FDCE clocked by sys_clk  {rise@0.000ns fall@5.000ns period=10.000ns})
  Path Group:             sys_clk
  Path Type:              Setup (Max at Slow Process Corner)
  Requirement:            10.000ns  (sys_clk rise@10.000ns - sys_clk rise@0.000ns)
  Data Path Delay:        7.395ns  (logic 3.553ns (48.047%)  route 3.842ns (51.953%))
  Logic Levels:           12  (CARRY4=6 LUT2=2 LUT3=4)
  Clock Path Skew:        -0.039ns (DCD - SCD + CPR)
    Destination Clock Delay (DCD):    4.419ns = ( 14.419 - 10.000 ) 
    Source Clock Delay      (SCD):    4.781ns
    Clock Pessimism Removal (CPR):    0.323ns
  Clock Uncertainty:      0.035ns  ((TSJ^2 + TIJ^2)^1/2 + DJ) / 2 + PE
    Total System Jitter     (TSJ):    0.071ns
    Total Input Jitter      (TIJ):    0.000ns
    Discrete Jitter          (DJ):    0.000ns
    Phase Error              (PE):    0.000ns

    Location             Delay type                Incr(ns)  Path(ns)    Netlist Resource(s)
  -------------------------------------------------------------------    -------------------
                         (clock sys_clk rise edge)    0.000     0.000 r  
    N15                                               0.000     0.000 r  clk (IN)
                         net (fo=0)                   0.000     0.000    clk
    N15                  IBUF (Prop_ibuf_I_O)         0.948     0.948 r  clk_IBUF_inst/O
                         net (fo=1, routed)           2.016     2.963    clk_IBUF
    BUFGCTRL_X0Y0        BUFG (Prop_bufg_I_O)         0.096     3.059 r  clk_IBUF_BUFG_inst/O
                         net (fo=42, routed)          1.721     4.781    clk_IBUF_BUFG
    SLICE_X7Y57          FDCE                                         r  x_sq_reg_reg[3]/C
  -------------------------------------------------------------------    -------------------
    SLICE_X7Y57          FDCE (Prop_fdce_C_Q)         0.456     5.237 r  x_sq_reg_reg[3]/Q
                         net (fo=20, routed)          1.102     6.338    x_sq_reg[3]
    SLICE_X11Y57         LUT3 (Prop_lut3_I0_O)        0.124     6.462 r  sin_pt1[2]_i_48/O
                         net (fo=1, routed)           0.000     6.462    sin_pt1[2]_i_48_n_0
    SLICE_X11Y57         CARRY4 (Prop_carry4_S[0]_O[0])
                                                      0.247     6.709 r  sin_pt1_reg[2]_i_36/O[0]
                         net (fo=2, routed)           0.603     7.312    sin_pt1_reg[2]_i_36_n_7
    SLICE_X10Y57         LUT3 (Prop_lut3_I0_O)        0.299     7.611 r  sin_pt1[2]_i_40/O
                         net (fo=1, routed)           0.000     7.611    sin_pt1[2]_i_40_n_0
    SLICE_X10Y57         CARRY4 (Prop_carry4_S[0]_O[0])
                                                      0.252     7.863 r  sin_pt1_reg[2]_i_27/O[0]
                         net (fo=8, routed)           0.600     8.463    sin_pt1_reg[2]_i_27_n_7
    SLICE_X9Y56          LUT2 (Prop_lut2_I0_O)        0.295     8.758 r  sin_pt1[2]_i_20/O
                         net (fo=1, routed)           0.000     8.758    sin_pt1[2]_i_20_n_0
    SLICE_X9Y56          CARRY4 (Prop_carry4_S[2]_O[2])
                                                      0.248     9.006 r  sin_pt1_reg[2]_i_10/O[2]
                         net (fo=2, routed)           0.326     9.332    sin_pt1_reg[2]_i_10_n_5
    SLICE_X8Y55          LUT3 (Prop_lut3_I0_O)        0.302     9.634 r  sin_pt1[2]_i_16/O
                         net (fo=1, routed)           0.000     9.634    sin_pt1[2]_i_16_n_0
    SLICE_X8Y55          CARRY4 (Prop_carry4_S[0]_O[0])
                                                      0.252     9.886 r  sin_pt1_reg[2]_i_9/O[0]
                         net (fo=8, routed)           0.848    10.734    sin_pt1_reg[2]_i_9_n_7
    SLICE_X2Y55          LUT2 (Prop_lut2_I0_O)        0.295    11.029 r  sin_pt1[2]_i_7/O
                         net (fo=1, routed)           0.000    11.029    sin_pt1[2]_i_7_n_0
    SLICE_X2Y55          CARRY4 (Prop_carry4_S[1]_O[1])
                                                      0.230    11.259 r  sin_pt1_reg[2]_i_1/O[1]
                         net (fo=2, routed)           0.363    11.622    sin_pt1_reg[2]_i_1_n_6
    SLICE_X3Y55          LUT3 (Prop_lut3_I0_O)        0.306    11.928 r  sin_pt1[6]_i_6/O
                         net (fo=1, routed)           0.000    11.928    sin_pt1[6]_i_6_n_0
    SLICE_X3Y55          CARRY4 (Prop_carry4_S[0]_O[0])
                                                      0.247    12.175 r  sin_pt1_reg[6]_i_1/O[0]
                         net (fo=1, routed)           0.000    12.175    sin_pt10[3]
    SLICE_X3Y55          FDCE                                         r  sin_pt1_reg[3]/D
  -------------------------------------------------------------------    -------------------

                         (clock sys_clk rise edge)   10.000    10.000 r  
    N15                                               0.000    10.000 r  clk (IN)
                         net (fo=0)                   0.000    10.000    clk
    N15                  IBUF (Prop_ibuf_I_O)         0.814    10.814 r  clk_IBUF_inst/O
                         net (fo=1, routed)           1.911    12.725    clk_IBUF
    BUFGCTRL_X0Y0        BUFG (Prop_bufg_I_O)         0.091    12.816 r  clk_IBUF_BUFG_inst/O
                         net (fo=42, routed)          1.602    14.419    clk_IBUF_BUFG
    SLICE_X3Y55          FDCE                                         r  sin_pt1_reg[3]/C
                         clock pessimism              0.323    14.742    
                         clock uncertainty           -0.035    14.706    
    SLICE_X3Y55          FDCE (Setup_fdce_C_D)        0.062    14.768    sin_pt1_reg[3]
  -------------------------------------------------------------------
                         required time                         14.768    
                         arrival time                         -12.175    
  -------------------------------------------------------------------
                         slack                                  2.593    

Slack (MET) :             3.307ns  (required time - arrival time)
  Source:                 sin_pt1_reg[7]/C
                            (rising edge-triggered cell FDCE clocked by sys_clk  {rise@0.000ns fall@5.000ns period=10.000ns})
  Destination:            sin_pt2_reg[5]/D
                            (rising edge-triggered cell FDCE clocked by sys_clk  {rise@0.000ns fall@5.000ns period=10.000ns})
  Path Group:             sys_clk
  Path Type:              Setup (Max at Slow Process Corner)
  Requirement:            10.000ns  (sys_clk rise@10.000ns - sys_clk rise@0.000ns)
  Data Path Delay:        6.676ns  (logic 3.499ns (52.411%)  route 3.177ns (47.589%))
  Logic Levels:           9  (CARRY4=6 LUT3=1 LUT4=2)
  Clock Path Skew:        -0.044ns (DCD - SCD + CPR)
    Destination Clock Delay (DCD):    4.416ns = ( 14.416 - 10.000 ) 
    Source Clock Delay      (SCD):    4.783ns
    Clock Pessimism Removal (CPR):    0.323ns
  Clock Uncertainty:      0.035ns  ((TSJ^2 + TIJ^2)^1/2 + DJ) / 2 + PE
    Total System Jitter     (TSJ):    0.071ns
    Total Input Jitter      (TIJ):    0.000ns
    Discrete Jitter          (DJ):    0.000ns
    Phase Error              (PE):    0.000ns

    Location             Delay type                Incr(ns)  Path(ns)    Netlist Resource(s)
  -------------------------------------------------------------------    -------------------
                         (clock sys_clk rise edge)    0.000     0.000 r  
    N15                                               0.000     0.000 r  clk (IN)
                         net (fo=0)                   0.000     0.000    clk
    N15                  IBUF (Prop_ibuf_I_O)         0.948     0.948 r  clk_IBUF_inst/O
                         net (fo=1, routed)           2.016     2.963    clk_IBUF
    BUFGCTRL_X0Y0        BUFG (Prop_bufg_I_O)         0.096     3.059 r  clk_IBUF_BUFG_inst/O
                         net (fo=42, routed)          1.723     4.783    clk_IBUF_BUFG
    SLICE_X3Y56          FDCE                                         r  sin_pt1_reg[7]/C
  -------------------------------------------------------------------    -------------------
    SLICE_X3Y56          FDCE (Prop_fdce_C_Q)         0.456     5.239 r  sin_pt1_reg[7]/Q
                         net (fo=15, routed)          0.987     6.226    sin_pt1[7]
    SLICE_X4Y54          LUT3 (Prop_lut3_I1_O)        0.124     6.350 r  sin_pt2[3]_i_29/O
                         net (fo=1, routed)           0.000     6.350    sin_pt2[3]_i_29_n_0
    SLICE_X4Y54          CARRY4 (Prop_carry4_S[3]_CO[3])
                                                      0.401     6.751 r  sin_pt2_reg[3]_i_13/CO[3]
                         net (fo=1, routed)           0.000     6.751    sin_pt2_reg[3]_i_13_n_0
    SLICE_X4Y55          CARRY4 (Prop_carry4_CI_O[0])
                                                      0.222     6.973 r  sin_pt2_reg[3]_i_9/O[0]
                         net (fo=3, routed)           0.824     7.797    sin_pt2_reg[3]_i_9_n_7
    SLICE_X4Y56          LUT4 (Prop_lut4_I1_O)        0.299     8.096 r  sin_pt2[3]_i_25/O
                         net (fo=1, routed)           0.000     8.096    sin_pt2[3]_i_25_n_0
    SLICE_X4Y56          CARRY4 (Prop_carry4_S[2]_CO[3])
                                                      0.398     8.494 r  sin_pt2_reg[3]_i_10/CO[3]
                         net (fo=1, routed)           0.000     8.494    sin_pt2_reg[3]_i_10_n_0
    SLICE_X4Y57          CARRY4 (Prop_carry4_CI_CO[0])
                                                      0.271     8.765 f  sin_pt2_reg[3]_i_7/CO[0]
                         net (fo=5, routed)           1.031     9.796    sin_pt2_reg[3]_i_7_n_3
    SLICE_X5Y56          LUT4 (Prop_lut4_I3_O)        0.401    10.197 r  sin_pt2[3]_i_2/O
                         net (fo=1, routed)           0.335    10.532    sin_pt2[3]_i_2_n_0
    SLICE_X5Y57          CARRY4 (Prop_carry4_DI[3]_CO[3])
                                                      0.593    11.125 r  sin_pt2_reg[3]_i_1/CO[3]
                         net (fo=1, routed)           0.000    11.125    sin_pt2_reg[3]_i_1_n_0
    SLICE_X5Y58          CARRY4 (Prop_carry4_CI_O[1])
                                                      0.334    11.459 r  sin_pt2_reg[7]_i_1/O[1]
                         net (fo=1, routed)           0.000    11.459    sin_pt200_out[5]
    SLICE_X5Y58          FDCE                                         r  sin_pt2_reg[5]/D
  -------------------------------------------------------------------    -------------------

                         (clock sys_clk rise edge)   10.000    10.000 r  
    N15                                               0.000    10.000 r  clk (IN)
                         net (fo=0)                   0.000    10.000    clk
    N15                  IBUF (Prop_ibuf_I_O)         0.814    10.814 r  clk_IBUF_inst/O
                         net (fo=1, routed)           1.911    12.725    clk_IBUF
    BUFGCTRL_X0Y0        BUFG (Prop_bufg_I_O)         0.091    12.816 r  clk_IBUF_BUFG_inst/O
                         net (fo=42, routed)          1.599    14.416    clk_IBUF_BUFG
    SLICE_X5Y58          FDCE                                         r  sin_pt2_reg[5]/C
                         clock pessimism              0.323    14.739    
                         clock uncertainty           -0.035    14.703    
    SLICE_X5Y58          FDCE (Setup_fdce_C_D)        0.062    14.765    sin_pt2_reg[5]
  -------------------------------------------------------------------
                         required time                         14.765    
                         arrival time                         -11.459    
  -------------------------------------------------------------------
                         slack                                  3.307    

Slack (MET) :             3.328ns  (required time - arrival time)
  Source:                 sin_pt1_reg[7]/C
                            (rising edge-triggered cell FDCE clocked by sys_clk  {rise@0.000ns fall@5.000ns period=10.000ns})
  Destination:            sin_pt2_reg[7]/D
                            (rising edge-triggered cell FDCE clocked by sys_clk  {rise@0.000ns fall@5.000ns period=10.000ns})
  Path Group:             sys_clk
  Path Type:              Setup (Max at Slow Process Corner)
  Requirement:            10.000ns  (sys_clk rise@10.000ns - sys_clk rise@0.000ns)
  Data Path Delay:        6.655ns  (logic 3.478ns (52.261%)  route 3.177ns (47.739%))
  Logic Levels:           9  (CARRY4=6 LUT3=1 LUT4=2)
  Clock Path Skew:        -0.044ns (DCD - SCD + CPR)
    Destination Clock Delay (DCD):    4.416ns = ( 14.416 - 10.000 ) 
    Source Clock Delay      (SCD):    4.783ns
    Clock Pessimism Removal (CPR):    0.323ns
  Clock Uncertainty:      0.035ns  ((TSJ^2 + TIJ^2)^1/2 + DJ) / 2 + PE
    Total System Jitter     (TSJ):    0.071ns
    Total Input Jitter      (TIJ):    0.000ns
    Discrete Jitter          (DJ):    0.000ns
    Phase Error              (PE):    0.000ns

    Location             Delay type                Incr(ns)  Path(ns)    Netlist Resource(s)
  -------------------------------------------------------------------    -------------------
                         (clock sys_clk rise edge)    0.000     0.000 r  
    N15                                               0.000     0.000 r  clk (IN)
                         net (fo=0)                   0.000     0.000    clk
    N15                  IBUF (Prop_ibuf_I_O)         0.948     0.948 r  clk_IBUF_inst/O
                         net (fo=1, routed)           2.016     2.963    clk_IBUF
    BUFGCTRL_X0Y0        BUFG (Prop_bufg_I_O)         0.096     3.059 r  clk_IBUF_BUFG_inst/O
                         net (fo=42, routed)          1.723     4.783    clk_IBUF_BUFG
    SLICE_X3Y56          FDCE                                         r  sin_pt1_reg[7]/C
  -------------------------------------------------------------------    -------------------
    SLICE_X3Y56          FDCE (Prop_fdce_C_Q)         0.456     5.239 r  sin_pt1_reg[7]/Q
                         net (fo=15, routed)          0.987     6.226    sin_pt1[7]
    SLICE_X4Y54          LUT3 (Prop_lut3_I1_O)        0.124     6.350 r  sin_pt2[3]_i_29/O
                         net (fo=1, routed)           0.000     6.350    sin_pt2[3]_i_29_n_0
    SLICE_X4Y54          CARRY4 (Prop_carry4_S[3]_CO[3])
                                                      0.401     6.751 r  sin_pt2_reg[3]_i_13/CO[3]
                         net (fo=1, routed)           0.000     6.751    sin_pt2_reg[3]_i_13_n_0
    SLICE_X4Y55          CARRY4 (Prop_carry4_CI_O[0])
                                                      0.222     6.973 r  sin_pt2_reg[3]_i_9/O[0]
                         net (fo=3, routed)           0.824     7.797    sin_pt2_reg[3]_i_9_n_7
    SLICE_X4Y56          LUT4 (Prop_lut4_I1_O)        0.299     8.096 r  sin_pt2[3]_i_25/O
                         net (fo=1, routed)           0.000     8.096    sin_pt2[3]_i_25_n_0
    SLICE_X4Y56          CARRY4 (Prop_carry4_S[2]_CO[3])
                                                      0.398     8.494 r  sin_pt2_reg[3]_i_10/CO[3]
                         net (fo=1, routed)           0.000     8.494    sin_pt2_reg[3]_i_10_n_0
    SLICE_X4Y57          CARRY4 (Prop_carry4_CI_CO[0])
                                                      0.271     8.765 f  sin_pt2_reg[3]_i_7/CO[0]
                         net (fo=5, routed)           1.031     9.796    sin_pt2_reg[3]_i_7_n_3
    SLICE_X5Y56          LUT4 (Prop_lut4_I3_O)        0.401    10.197 r  sin_pt2[3]_i_2/O
                         net (fo=1, routed)           0.335    10.532    sin_pt2[3]_i_2_n_0
    SLICE_X5Y57          CARRY4 (Prop_carry4_DI[3]_CO[3])
                                                      0.593    11.125 r  sin_pt2_reg[3]_i_1/CO[3]
                         net (fo=1, routed)           0.000    11.125    sin_pt2_reg[3]_i_1_n_0
    SLICE_X5Y58          CARRY4 (Prop_carry4_CI_O[3])
                                                      0.313    11.438 r  sin_pt2_reg[7]_i_1/O[3]
                         net (fo=1, routed)           0.000    11.438    sin_pt200_out[7]
    SLICE_X5Y58          FDCE                                         r  sin_pt2_reg[7]/D
  -------------------------------------------------------------------    -------------------

                         (clock sys_clk rise edge)   10.000    10.000 r  
    N15                                               0.000    10.000 r  clk (IN)
                         net (fo=0)                   0.000    10.000    clk
    N15                  IBUF (Prop_ibuf_I_O)         0.814    10.814 r  clk_IBUF_inst/O
                         net (fo=1, routed)           1.911    12.725    clk_IBUF
    BUFGCTRL_X0Y0        BUFG (Prop_bufg_I_O)         0.091    12.816 r  clk_IBUF_BUFG_inst/O
                         net (fo=42, routed)          1.599    14.416    clk_IBUF_BUFG
    SLICE_X5Y58          FDCE                                         r  sin_pt2_reg[7]/C
                         clock pessimism              0.323    14.739    
                         clock uncertainty           -0.035    14.703    
    SLICE_X5Y58          FDCE (Setup_fdce_C_D)        0.062    14.765    sin_pt2_reg[7]
  -------------------------------------------------------------------
                         required time                         14.765    
                         arrival time                         -11.438    
  -------------------------------------------------------------------
                         slack                                  3.328    

Slack (MET) :             3.352ns  (required time - arrival time)
  Source:                 sin_pt2_reg[2]/C
                            (rising edge-triggered cell FDCE clocked by sys_clk  {rise@0.000ns fall@5.000ns period=10.000ns})
  Destination:            sin_reg[5]/D
                            (rising edge-triggered cell FDCE clocked by sys_clk  {rise@0.000ns fall@5.000ns period=10.000ns})
  Path Group:             sys_clk
  Path Type:              Setup (Max at Slow Process Corner)
  Requirement:            10.000ns  (sys_clk rise@10.000ns - sys_clk rise@0.000ns)
  Data Path Delay:        6.631ns  (logic 3.864ns (58.269%)  route 2.767ns (41.731%))
  Logic Levels:           10  (CARRY4=6 LUT2=1 LUT4=2 LUT6=1)
  Clock Path Skew:        -0.043ns (DCD - SCD + CPR)
    Destination Clock Delay (DCD):    4.415ns = ( 14.415 - 10.000 ) 
    Source Clock Delay      (SCD):    4.781ns
    Clock Pessimism Removal (CPR):    0.323ns
  Clock Uncertainty:      0.035ns  ((TSJ^2 + TIJ^2)^1/2 + DJ) / 2 + PE
    Total System Jitter     (TSJ):    0.071ns
    Total Input Jitter      (TIJ):    0.000ns
    Discrete Jitter          (DJ):    0.000ns
    Phase Error              (PE):    0.000ns

    Location             Delay type                Incr(ns)  Path(ns)    Netlist Resource(s)
  -------------------------------------------------------------------    -------------------
                         (clock sys_clk rise edge)    0.000     0.000 r  
    N15                                               0.000     0.000 r  clk (IN)
                         net (fo=0)                   0.000     0.000    clk
    N15                  IBUF (Prop_ibuf_I_O)         0.948     0.948 r  clk_IBUF_inst/O
                         net (fo=1, routed)           2.016     2.963    clk_IBUF
    BUFGCTRL_X0Y0        BUFG (Prop_bufg_I_O)         0.096     3.059 r  clk_IBUF_BUFG_inst/O
                         net (fo=42, routed)          1.721     4.781    clk_IBUF_BUFG
    SLICE_X5Y57          FDCE                                         r  sin_pt2_reg[2]/C
  -------------------------------------------------------------------    -------------------
    SLICE_X5Y57          FDCE (Prop_fdce_C_Q)         0.456     5.237 r  sin_pt2_reg[2]/Q
                         net (fo=3, routed)           0.599     5.835    sin_pt2[2]
    SLICE_X3Y57          LUT2 (Prop_lut2_I0_O)        0.124     5.959 r  sin[3]_i_23/O
                         net (fo=1, routed)           0.000     5.959    sin[3]_i_23_n_0
    SLICE_X3Y57          CARRY4 (Prop_carry4_S[1]_CO[3])
                                                      0.550     6.509 r  sin_reg[3]_i_14/CO[3]
                         net (fo=1, routed)           0.000     6.509    sin_reg[3]_i_14_n_0
    SLICE_X3Y58          CARRY4 (Prop_carry4_CI_O[3])
                                                      0.313     6.822 r  sin_reg[3]_i_10/O[3]
                         net (fo=16, routed)          0.514     7.336    sin_reg[3]_i_10_n_4
    SLICE_X2Y58          LUT4 (Prop_lut4_I2_O)        0.306     7.642 r  sin[3]_i_24/O
                         net (fo=1, routed)           0.479     8.121    sin[3]_i_24_n_0
    SLICE_X4Y58          CARRY4 (Prop_carry4_DI[3]_CO[3])
                                                      0.385     8.506 r  sin_reg[3]_i_18/CO[3]
                         net (fo=1, routed)           0.000     8.506    sin_reg[3]_i_18_n_0
    SLICE_X4Y59          CARRY4 (Prop_carry4_CI_CO[0])
                                                      0.271     8.777 r  sin_reg[3]_i_12/CO[0]
                         net (fo=4, routed)           0.509     9.286    sin_reg[3]_i_12_n_3
    SLICE_X2Y61          LUT6 (Prop_lut6_I0_O)        0.373     9.659 r  sin[3]_i_11/O
                         net (fo=5, routed)           0.474    10.133    sin[3]_i_11_n_0
    SLICE_X2Y61          LUT4 (Prop_lut4_I2_O)        0.150    10.283 r  sin[3]_i_3/O
                         net (fo=1, routed)           0.193    10.476    sin[3]_i_3_n_0
    SLICE_X3Y61          CARRY4 (Prop_carry4_DI[2]_CO[3])
                                                      0.602    11.078 r  sin_reg[3]_i_1/CO[3]
                         net (fo=1, routed)           0.000    11.078    sin_reg[3]_i_1_n_0
    SLICE_X3Y62          CARRY4 (Prop_carry4_CI_O[1])
                                                      0.334    11.412 r  sin_reg[7]_i_1/O[1]
                         net (fo=1, routed)           0.000    11.412    sin0[5]
    SLICE_X3Y62          FDCE                                         r  sin_reg[5]/D
  -------------------------------------------------------------------    -------------------

                         (clock sys_clk rise edge)   10.000    10.000 r  
    N15                                               0.000    10.000 r  clk (IN)
                         net (fo=0)                   0.000    10.000    clk
    N15                  IBUF (Prop_ibuf_I_O)         0.814    10.814 r  clk_IBUF_inst/O
                         net (fo=1, routed)           1.911    12.725    clk_IBUF
    BUFGCTRL_X0Y0        BUFG (Prop_bufg_I_O)         0.091    12.816 r  clk_IBUF_BUFG_inst/O
                         net (fo=42, routed)          1.598    14.415    clk_IBUF_BUFG
    SLICE_X3Y62          FDCE                                         r  sin_reg[5]/C
                         clock pessimism              0.323    14.738    
                         clock uncertainty           -0.035    14.702    
    SLICE_X3Y62          FDCE (Setup_fdce_C_D)        0.062    14.764    sin_reg[5]
  -------------------------------------------------------------------
                         required time                         14.764    
                         arrival time                         -11.412    
  -------------------------------------------------------------------
                         slack                                  3.352    

Slack (MET) :             3.373ns  (required time - arrival time)
  Source:                 sin_pt2_reg[2]/C
                            (rising edge-triggered cell FDCE clocked by sys_clk  {rise@0.000ns fall@5.000ns period=10.000ns})
  Destination:            sin_reg[7]/D
                            (rising edge-triggered cell FDCE clocked by sys_clk  {rise@0.000ns fall@5.000ns period=10.000ns})
  Path Group:             sys_clk
  Path Type:              Setup (Max at Slow Process Corner)
  Requirement:            10.000ns  (sys_clk rise@10.000ns - sys_clk rise@0.000ns)
  Data Path Delay:        6.610ns  (logic 3.843ns (58.137%)  route 2.767ns (41.863%))
  Logic Levels:           10  (CARRY4=6 LUT2=1 LUT4=2 LUT6=1)
  Clock Path Skew:        -0.043ns (DCD - SCD + CPR)
    Destination Clock Delay (DCD):    4.415ns = ( 14.415 - 10.000 ) 
    Source Clock Delay      (SCD):    4.781ns
    Clock Pessimism Removal (CPR):    0.323ns
  Clock Uncertainty:      0.035ns  ((TSJ^2 + TIJ^2)^1/2 + DJ) / 2 + PE
    Total System Jitter     (TSJ):    0.071ns
    Total Input Jitter      (TIJ):    0.000ns
    Discrete Jitter          (DJ):    0.000ns
    Phase Error              (PE):    0.000ns

    Location             Delay type                Incr(ns)  Path(ns)    Netlist Resource(s)
  -------------------------------------------------------------------    -------------------
                         (clock sys_clk rise edge)    0.000     0.000 r  
    N15                                               0.000     0.000 r  clk (IN)
                         net (fo=0)                   0.000     0.000    clk
    N15                  IBUF (Prop_ibuf_I_O)         0.948     0.948 r  clk_IBUF_inst/O
                         net (fo=1, routed)           2.016     2.963    clk_IBUF
    BUFGCTRL_X0Y0        BUFG (Prop_bufg_I_O)         0.096     3.059 r  clk_IBUF_BUFG_inst/O
                         net (fo=42, routed)          1.721     4.781    clk_IBUF_BUFG
    SLICE_X5Y57          FDCE                                         r  sin_pt2_reg[2]/C
  -------------------------------------------------------------------    -------------------
    SLICE_X5Y57          FDCE (Prop_fdce_C_Q)         0.456     5.237 r  sin_pt2_reg[2]/Q
                         net (fo=3, routed)           0.599     5.835    sin_pt2[2]
    SLICE_X3Y57          LUT2 (Prop_lut2_I0_O)        0.124     5.959 r  sin[3]_i_23/O
                         net (fo=1, routed)           0.000     5.959    sin[3]_i_23_n_0
    SLICE_X3Y57          CARRY4 (Prop_carry4_S[1]_CO[3])
                                                      0.550     6.509 r  sin_reg[3]_i_14/CO[3]
                         net (fo=1, routed)           0.000     6.509    sin_reg[3]_i_14_n_0
    SLICE_X3Y58          CARRY4 (Prop_carry4_CI_O[3])
                                                      0.313     6.822 r  sin_reg[3]_i_10/O[3]
                         net (fo=16, routed)          0.514     7.336    sin_reg[3]_i_10_n_4
    SLICE_X2Y58          LUT4 (Prop_lut4_I2_O)        0.306     7.642 r  sin[3]_i_24/O
                         net (fo=1, routed)           0.479     8.121    sin[3]_i_24_n_0
    SLICE_X4Y58          CARRY4 (Prop_carry4_DI[3]_CO[3])
                                                      0.385     8.506 r  sin_reg[3]_i_18/CO[3]
                         net (fo=1, routed)           0.000     8.506    sin_reg[3]_i_18_n_0
    SLICE_X4Y59          CARRY4 (Prop_carry4_CI_CO[0])
                                                      0.271     8.777 r  sin_reg[3]_i_12/CO[0]
                         net (fo=4, routed)           0.509     9.286    sin_reg[3]_i_12_n_3
    SLICE_X2Y61          LUT6 (Prop_lut6_I0_O)        0.373     9.659 r  sin[3]_i_11/O
                         net (fo=5, routed)           0.474    10.133    sin[3]_i_11_n_0
    SLICE_X2Y61          LUT4 (Prop_lut4_I2_O)        0.150    10.283 r  sin[3]_i_3/O
                         net (fo=1, routed)           0.193    10.476    sin[3]_i_3_n_0
    SLICE_X3Y61          CARRY4 (Prop_carry4_DI[2]_CO[3])
                                                      0.602    11.078 r  sin_reg[3]_i_1/CO[3]
                         net (fo=1, routed)           0.000    11.078    sin_reg[3]_i_1_n_0
    SLICE_X3Y62          CARRY4 (Prop_carry4_CI_O[3])
                                                      0.313    11.391 r  sin_reg[7]_i_1/O[3]
                         net (fo=1, routed)           0.000    11.391    sin0[7]
    SLICE_X3Y62          FDCE                                         r  sin_reg[7]/D
  -------------------------------------------------------------------    -------------------

                         (clock sys_clk rise edge)   10.000    10.000 r  
    N15                                               0.000    10.000 r  clk (IN)
                         net (fo=0)                   0.000    10.000    clk
    N15                  IBUF (Prop_ibuf_I_O)         0.814    10.814 r  clk_IBUF_inst/O
                         net (fo=1, routed)           1.911    12.725    clk_IBUF
    BUFGCTRL_X0Y0        BUFG (Prop_bufg_I_O)         0.091    12.816 r  clk_IBUF_BUFG_inst/O
                         net (fo=42, routed)          1.598    14.415    clk_IBUF_BUFG
    SLICE_X3Y62          FDCE                                         r  sin_reg[7]/C
                         clock pessimism              0.323    14.738    
                         clock uncertainty           -0.035    14.702    
    SLICE_X3Y62          FDCE (Setup_fdce_C_D)        0.062    14.764    sin_reg[7]
  -------------------------------------------------------------------
                         required time                         14.764    
                         arrival time                         -11.391    
  -------------------------------------------------------------------
                         slack                                  3.373    

Slack (MET) :             3.402ns  (required time - arrival time)
  Source:                 sin_pt1_reg[7]/C
                            (rising edge-triggered cell FDCE clocked by sys_clk  {rise@0.000ns fall@5.000ns period=10.000ns})
  Destination:            sin_pt2_reg[6]/D
                            (rising edge-triggered cell FDCE clocked by sys_clk  {rise@0.000ns fall@5.000ns period=10.000ns})
  Path Group:             sys_clk
  Path Type:              Setup (Max at Slow Process Corner)
  Requirement:            10.000ns  (sys_clk rise@10.000ns - sys_clk rise@0.000ns)
  Data Path Delay:        6.581ns  (logic 3.404ns (51.724%)  route 3.177ns (48.276%))
  Logic Levels:           9  (CARRY4=6 LUT3=1 LUT4=2)
  Clock Path Skew:        -0.044ns (DCD - SCD + CPR)
    Destination Clock Delay (DCD):    4.416ns = ( 14.416 - 10.000 ) 
    Source Clock Delay      (SCD):    4.783ns
    Clock Pessimism Removal (CPR):    0.323ns
  Clock Uncertainty:      0.035ns  ((TSJ^2 + TIJ^2)^1/2 + DJ) / 2 + PE
    Total System Jitter     (TSJ):    0.071ns
    Total Input Jitter      (TIJ):    0.000ns
    Discrete Jitter          (DJ):    0.000ns
    Phase Error              (PE):    0.000ns

    Location             Delay type                Incr(ns)  Path(ns)    Netlist Resource(s)
  -------------------------------------------------------------------    -------------------
                         (clock sys_clk rise edge)    0.000     0.000 r  
    N15                                               0.000     0.000 r  clk (IN)
                         net (fo=0)                   0.000     0.000    clk
    N15                  IBUF (Prop_ibuf_I_O)         0.948     0.948 r  clk_IBUF_inst/O
                         net (fo=1, routed)           2.016     2.963    clk_IBUF
    BUFGCTRL_X0Y0        BUFG (Prop_bufg_I_O)         0.096     3.059 r  clk_IBUF_BUFG_inst/O
                         net (fo=42, routed)          1.723     4.783    clk_IBUF_BUFG
    SLICE_X3Y56          FDCE                                         r  sin_pt1_reg[7]/C
  -------------------------------------------------------------------    -------------------
    SLICE_X3Y56          FDCE (Prop_fdce_C_Q)         0.456     5.239 r  sin_pt1_reg[7]/Q
                         net (fo=15, routed)          0.987     6.226    sin_pt1[7]
    SLICE_X4Y54          LUT3 (Prop_lut3_I1_O)        0.124     6.350 r  sin_pt2[3]_i_29/O
                         net (fo=1, routed)           0.000     6.350    sin_pt2[3]_i_29_n_0
    SLICE_X4Y54          CARRY4 (Prop_carry4_S[3]_CO[3])
                                                      0.401     6.751 r  sin_pt2_reg[3]_i_13/CO[3]
                         net (fo=1, routed)           0.000     6.751    sin_pt2_reg[3]_i_13_n_0
    SLICE_X4Y55          CARRY4 (Prop_carry4_CI_O[0])
                                                      0.222     6.973 r  sin_pt2_reg[3]_i_9/O[0]
                         net (fo=3, routed)           0.824     7.797    sin_pt2_reg[3]_i_9_n_7
    SLICE_X4Y56          LUT4 (Prop_lut4_I1_O)        0.299     8.096 r  sin_pt2[3]_i_25/O
                         net (fo=1, routed)           0.000     8.096    sin_pt2[3]_i_25_n_0
    SLICE_X4Y56          CARRY4 (Prop_carry4_S[2]_CO[3])
                                                      0.398     8.494 r  sin_pt2_reg[3]_i_10/CO[3]
                         net (fo=1, routed)           0.000     8.494    sin_pt2_reg[3]_i_10_n_0
    SLICE_X4Y57          CARRY4 (Prop_carry4_CI_CO[0])
                                                      0.271     8.765 f  sin_pt2_reg[3]_i_7/CO[0]
                         net (fo=5, routed)           1.031     9.796    sin_pt2_reg[3]_i_7_n_3
    SLICE_X5Y56          LUT4 (Prop_lut4_I3_O)        0.401    10.197 r  sin_pt2[3]_i_2/O
                         net (fo=1, routed)           0.335    10.532    sin_pt2[3]_i_2_n_0
    SLICE_X5Y57          CARRY4 (Prop_carry4_DI[3]_CO[3])
                                                      0.593    11.125 r  sin_pt2_reg[3]_i_1/CO[3]
                         net (fo=1, routed)           0.000    11.125    sin_pt2_reg[3]_i_1_n_0
    SLICE_X5Y58          CARRY4 (Prop_carry4_CI_O[2])
                                                      0.239    11.364 r  sin_pt2_reg[7]_i_1/O[2]
                         net (fo=1, routed)           0.000    11.364    sin_pt200_out[6]
    SLICE_X5Y58          FDCE                                         r  sin_pt2_reg[6]/D
  -------------------------------------------------------------------    -------------------

                         (clock sys_clk rise edge)   10.000    10.000 r  
    N15                                               0.000    10.000 r  clk (IN)
                         net (fo=0)                   0.000    10.000    clk
    N15                  IBUF (Prop_ibuf_I_O)         0.814    10.814 r  clk_IBUF_inst/O
                         net (fo=1, routed)           1.911    12.725    clk_IBUF
    BUFGCTRL_X0Y0        BUFG (Prop_bufg_I_O)         0.091    12.816 r  clk_IBUF_BUFG_inst/O
                         net (fo=42, routed)          1.599    14.416    clk_IBUF_BUFG
    SLICE_X5Y58          FDCE                                         r  sin_pt2_reg[6]/C
                         clock pessimism              0.323    14.739    
                         clock uncertainty           -0.035    14.703    
    SLICE_X5Y58          FDCE (Setup_fdce_C_D)        0.062    14.765    sin_pt2_reg[6]
  -------------------------------------------------------------------
                         required time                         14.765    
                         arrival time                         -11.364    
  -------------------------------------------------------------------
                         slack                                  3.402    





Min Delay Paths
--------------------------------------------------------------------------------------
Slack (MET) :             0.229ns  (arrival time - required time)
  Source:                 x_sq_reg_pt2_reg[6]/C
                            (rising edge-triggered cell FDCE clocked by sys_clk  {rise@0.000ns fall@5.000ns period=10.000ns})
  Destination:            sin_reg[6]/D
                            (rising edge-triggered cell FDCE clocked by sys_clk  {rise@0.000ns fall@5.000ns period=10.000ns})
  Path Group:             sys_clk
  Path Type:              Hold (Min at Fast Process Corner)
  Requirement:            0.000ns  (sys_clk rise@0.000ns - sys_clk rise@0.000ns)
  Data Path Delay:        0.347ns  (logic 0.275ns (79.173%)  route 0.072ns (20.827%))
  Logic Levels:           2  (CARRY4=1 LUT2=1)
  Clock Path Skew:        0.013ns (DCD - SCD - CPR)
    Destination Clock Delay (DCD):    1.960ns
    Source Clock Delay      (SCD):    1.441ns
    Clock Pessimism Removal (CPR):    0.505ns

    Location             Delay type                Incr(ns)  Path(ns)    Netlist Resource(s)
  -------------------------------------------------------------------    -------------------
                         (clock sys_clk rise edge)    0.000     0.000 r  
    N15                                               0.000     0.000 r  clk (IN)
                         net (fo=0)                   0.000     0.000    clk
    N15                  IBUF (Prop_ibuf_I_O)         0.177     0.177 r  clk_IBUF_inst/O
                         net (fo=1, routed)           0.640     0.817    clk_IBUF
    BUFGCTRL_X0Y0        BUFG (Prop_bufg_I_O)         0.026     0.843 r  clk_IBUF_BUFG_inst/O
                         net (fo=42, routed)          0.599     1.441    clk_IBUF_BUFG
    SLICE_X2Y62          FDCE                                         r  x_sq_reg_pt2_reg[6]/C
  -------------------------------------------------------------------    -------------------
    SLICE_X2Y62          FDCE (Prop_fdce_C_Q)         0.164     1.605 r  x_sq_reg_pt2_reg[6]/Q
                         net (fo=3, routed)           0.072     1.678    x_sq_reg_pt2[6]
    SLICE_X3Y62          LUT2 (Prop_lut2_I0_O)        0.045     1.723 r  sin[7]_i_3/O
                         net (fo=1, routed)           0.000     1.723    sin[7]_i_3_n_0
    SLICE_X3Y62          CARRY4 (Prop_carry4_S[2]_O[2])
                                                      0.066     1.789 r  sin_reg[7]_i_1/O[2]
                         net (fo=1, routed)           0.000     1.789    sin0[6]
    SLICE_X3Y62          FDCE                                         r  sin_reg[6]/D
  -------------------------------------------------------------------    -------------------

                         (clock sys_clk rise edge)    0.000     0.000 r  
    N15                                               0.000     0.000 r  clk (IN)
                         net (fo=0)                   0.000     0.000    clk
    N15                  IBUF (Prop_ibuf_I_O)         0.365     0.365 r  clk_IBUF_inst/O
                         net (fo=1, routed)           0.695     1.060    clk_IBUF
    BUFGCTRL_X0Y0        BUFG (Prop_bufg_I_O)         0.029     1.089 r  clk_IBUF_BUFG_inst/O
                         net (fo=42, routed)          0.871     1.960    clk_IBUF_BUFG
    SLICE_X3Y62          FDCE                                         r  sin_reg[6]/C
                         clock pessimism             -0.505     1.454    
    SLICE_X3Y62          FDCE (Hold_fdce_C_D)         0.105     1.559    sin_reg[6]
  -------------------------------------------------------------------
                         required time                         -1.559    
                         arrival time                           1.789    
  -------------------------------------------------------------------
                         slack                                  0.229    

Slack (MET) :             0.232ns  (arrival time - required time)
  Source:                 x_sq_reg_reg[5]/C
                            (rising edge-triggered cell FDCE clocked by sys_clk  {rise@0.000ns fall@5.000ns period=10.000ns})
  Destination:            x_sq_reg_pt1_reg[5]/D
                            (rising edge-triggered cell FDCE clocked by sys_clk  {rise@0.000ns fall@5.000ns period=10.000ns})
  Path Group:             sys_clk
  Path Type:              Hold (Min at Fast Process Corner)
  Requirement:            0.000ns  (sys_clk rise@0.000ns - sys_clk rise@0.000ns)
  Data Path Delay:        0.300ns  (logic 0.141ns (47.042%)  route 0.159ns (52.958%))
  Logic Levels:           0  
  Clock Path Skew:        0.016ns (DCD - SCD - CPR)
    Destination Clock Delay (DCD):    1.960ns
    Source Clock Delay      (SCD):    1.442ns
    Clock Pessimism Removal (CPR):    0.501ns

    Location             Delay type                Incr(ns)  Path(ns)    Netlist Resource(s)
  -------------------------------------------------------------------    -------------------
                         (clock sys_clk rise edge)    0.000     0.000 r  
    N15                                               0.000     0.000 r  clk (IN)
                         net (fo=0)                   0.000     0.000    clk
    N15                  IBUF (Prop_ibuf_I_O)         0.177     0.177 r  clk_IBUF_inst/O
                         net (fo=1, routed)           0.640     0.817    clk_IBUF
    BUFGCTRL_X0Y0        BUFG (Prop_bufg_I_O)         0.026     0.843 r  clk_IBUF_BUFG_inst/O
                         net (fo=42, routed)          0.600     1.442    clk_IBUF_BUFG
    SLICE_X7Y57          FDCE                                         r  x_sq_reg_reg[5]/C
  -------------------------------------------------------------------    -------------------
    SLICE_X7Y57          FDCE (Prop_fdce_C_Q)         0.141     1.583 r  x_sq_reg_reg[5]/Q
                         net (fo=13, routed)          0.159     1.742    x_sq_reg[5]
    SLICE_X6Y58          FDCE                                         r  x_sq_reg_pt1_reg[5]/D
  -------------------------------------------------------------------    -------------------

                         (clock sys_clk rise edge)    0.000     0.000 r  
    N15                                               0.000     0.000 r  clk (IN)
                         net (fo=0)                   0.000     0.000    clk
    N15                  IBUF (Prop_ibuf_I_O)         0.365     0.365 r  clk_IBUF_inst/O
                         net (fo=1, routed)           0.695     1.060    clk_IBUF
    BUFGCTRL_X0Y0        BUFG (Prop_bufg_I_O)         0.029     1.089 r  clk_IBUF_BUFG_inst/O
                         net (fo=42, routed)          0.871     1.960    clk_IBUF_BUFG
    SLICE_X6Y58          FDCE                                         r  x_sq_reg_pt1_reg[5]/C
                         clock pessimism             -0.501     1.458    
    SLICE_X6Y58          FDCE (Hold_fdce_C_D)         0.052     1.510    x_sq_reg_pt1_reg[5]
  -------------------------------------------------------------------
                         required time                         -1.510    
                         arrival time                           1.742    
  -------------------------------------------------------------------
                         slack                                  0.232    

Slack (MET) :             0.251ns  (arrival time - required time)
  Source:                 x_sq_reg_pt2_reg[4]/C
                            (rising edge-triggered cell FDCE clocked by sys_clk  {rise@0.000ns fall@5.000ns period=10.000ns})
  Destination:            sin_reg[3]/D
                            (rising edge-triggered cell FDCE clocked by sys_clk  {rise@0.000ns fall@5.000ns period=10.000ns})
  Path Group:             sys_clk
  Path Type:              Hold (Min at Fast Process Corner)
  Requirement:            0.000ns  (sys_clk rise@0.000ns - sys_clk rise@0.000ns)
  Data Path Delay:        0.396ns  (logic 0.272ns (68.603%)  route 0.124ns (31.397%))
  Logic Levels:           2  (CARRY4=1 LUT6=1)
  Clock Path Skew:        0.040ns (DCD - SCD - CPR)
    Destination Clock Delay (DCD):    1.962ns
    Source Clock Delay      (SCD):    1.441ns
    Clock Pessimism Removal (CPR):    0.480ns

    Location             Delay type                Incr(ns)  Path(ns)    Netlist Resource(s)
  -------------------------------------------------------------------    -------------------
                         (clock sys_clk rise edge)    0.000     0.000 r  
    N15                                               0.000     0.000 r  clk (IN)
                         net (fo=0)                   0.000     0.000    clk
    N15                  IBUF (Prop_ibuf_I_O)         0.177     0.177 r  clk_IBUF_inst/O
                         net (fo=1, routed)           0.640     0.817    clk_IBUF
    BUFGCTRL_X0Y0        BUFG (Prop_bufg_I_O)         0.026     0.843 r  clk_IBUF_BUFG_inst/O
                         net (fo=42, routed)          0.599     1.441    clk_IBUF_BUFG
    SLICE_X6Y61          FDCE                                         r  x_sq_reg_pt2_reg[4]/C
  -------------------------------------------------------------------    -------------------
    SLICE_X6Y61          FDCE (Prop_fdce_C_Q)         0.164     1.605 r  x_sq_reg_pt2_reg[4]/Q
                         net (fo=2, routed)           0.124     1.730    x_sq_reg_pt2[4]
    SLICE_X3Y61          LUT6 (Prop_lut6_I5_O)        0.045     1.775 r  sin[3]_i_5/O
                         net (fo=1, routed)           0.000     1.775    sin[3]_i_5_n_0
    SLICE_X3Y61          CARRY4 (Prop_carry4_S[3]_O[3])
                                                      0.063     1.838 r  sin_reg[3]_i_1/O[3]
                         net (fo=1, routed)           0.000     1.838    sin0[3]
    SLICE_X3Y61          FDCE                                         r  sin_reg[3]/D
  -------------------------------------------------------------------    -------------------

                         (clock sys_clk rise edge)    0.000     0.000 r  
    N15                                               0.000     0.000 r  clk (IN)
                         net (fo=0)                   0.000     0.000    clk
    N15                  IBUF (Prop_ibuf_I_O)         0.365     0.365 r  clk_IBUF_inst/O
                         net (fo=1, routed)           0.695     1.060    clk_IBUF
    BUFGCTRL_X0Y0        BUFG (Prop_bufg_I_O)         0.029     1.089 r  clk_IBUF_BUFG_inst/O
                         net (fo=42, routed)          0.873     1.962    clk_IBUF_BUFG
    SLICE_X3Y61          FDCE                                         r  sin_reg[3]/C
                         clock pessimism             -0.480     1.481    
    SLICE_X3Y61          FDCE (Hold_fdce_C_D)         0.105     1.586    sin_reg[3]
  -------------------------------------------------------------------
                         required time                         -1.586    
                         arrival time                           1.838    
  -------------------------------------------------------------------
                         slack                                  0.251    

Slack (MET) :             0.255ns  (arrival time - required time)
  Source:                 x_sq_reg_pt1_reg[7]/C
                            (rising edge-triggered cell FDCE clocked by sys_clk  {rise@0.000ns fall@5.000ns period=10.000ns})
  Destination:            x_sq_reg_pt2_reg[7]/D
                            (rising edge-triggered cell FDCE clocked by sys_clk  {rise@0.000ns fall@5.000ns period=10.000ns})
  Path Group:             sys_clk
  Path Type:              Hold (Min at Fast Process Corner)
  Requirement:            0.000ns  (sys_clk rise@0.000ns - sys_clk rise@0.000ns)
  Data Path Delay:        0.341ns  (logic 0.164ns (48.106%)  route 0.177ns (51.894%))
  Logic Levels:           0  
  Clock Path Skew:        0.016ns (DCD - SCD - CPR)
    Destination Clock Delay (DCD):    1.959ns
    Source Clock Delay      (SCD):    1.441ns
    Clock Pessimism Removal (CPR):    0.501ns

    Location             Delay type                Incr(ns)  Path(ns)    Netlist Resource(s)
  -------------------------------------------------------------------    -------------------
                         (clock sys_clk rise edge)    0.000     0.000 r  
    N15                                               0.000     0.000 r  clk (IN)
                         net (fo=0)                   0.000     0.000    clk
    N15                  IBUF (Prop_ibuf_I_O)         0.177     0.177 r  clk_IBUF_inst/O
                         net (fo=1, routed)           0.640     0.817    clk_IBUF
    BUFGCTRL_X0Y0        BUFG (Prop_bufg_I_O)         0.026     0.843 r  clk_IBUF_BUFG_inst/O
                         net (fo=42, routed)          0.599     1.441    clk_IBUF_BUFG
    SLICE_X6Y60          FDCE                                         r  x_sq_reg_pt1_reg[7]/C
  -------------------------------------------------------------------    -------------------
    SLICE_X6Y60          FDCE (Prop_fdce_C_Q)         0.164     1.605 r  x_sq_reg_pt1_reg[7]/Q
                         net (fo=3, routed)           0.177     1.782    x_sq_reg_pt1[7]
    SLICE_X5Y61          FDCE                                         r  x_sq_reg_pt2_reg[7]/D
  -------------------------------------------------------------------    -------------------

                         (clock sys_clk rise edge)    0.000     0.000 r  
    N15                                               0.000     0.000 r  clk (IN)
                         net (fo=0)                   0.000     0.000    clk
    N15                  IBUF (Prop_ibuf_I_O)         0.365     0.365 r  clk_IBUF_inst/O
                         net (fo=1, routed)           0.695     1.060    clk_IBUF
    BUFGCTRL_X0Y0        BUFG (Prop_bufg_I_O)         0.029     1.089 r  clk_IBUF_BUFG_inst/O
                         net (fo=42, routed)          0.870     1.959    clk_IBUF_BUFG
    SLICE_X5Y61          FDCE                                         r  x_sq_reg_pt2_reg[7]/C
                         clock pessimism             -0.501     1.457    
    SLICE_X5Y61          FDCE (Hold_fdce_C_D)         0.070     1.527    x_sq_reg_pt2_reg[7]
  -------------------------------------------------------------------
                         required time                         -1.527    
                         arrival time                           1.782    
  -------------------------------------------------------------------
                         slack                                  0.255    

Slack (MET) :             0.262ns  (arrival time - required time)
  Source:                 x_sq_reg_pt2_reg[6]/C
                            (rising edge-triggered cell FDCE clocked by sys_clk  {rise@0.000ns fall@5.000ns period=10.000ns})
  Destination:            sin_reg[7]/D
                            (rising edge-triggered cell FDCE clocked by sys_clk  {rise@0.000ns fall@5.000ns period=10.000ns})
  Path Group:             sys_clk
  Path Type:              Hold (Min at Fast Process Corner)
  Requirement:            0.000ns  (sys_clk rise@0.000ns - sys_clk rise@0.000ns)
  Data Path Delay:        0.380ns  (logic 0.308ns (80.980%)  route 0.072ns (19.020%))
  Logic Levels:           2  (CARRY4=1 LUT2=1)
  Clock Path Skew:        0.013ns (DCD - SCD - CPR)
    Destination Clock Delay (DCD):    1.960ns
    Source Clock Delay      (SCD):    1.441ns
    Clock Pessimism Removal (CPR):    0.505ns

    Location             Delay type                Incr(ns)  Path(ns)    Netlist Resource(s)
  -------------------------------------------------------------------    -------------------
                         (clock sys_clk rise edge)    0.000     0.000 r  
    N15                                               0.000     0.000 r  clk (IN)
                         net (fo=0)                   0.000     0.000    clk
    N15                  IBUF (Prop_ibuf_I_O)         0.177     0.177 r  clk_IBUF_inst/O
                         net (fo=1, routed)           0.640     0.817    clk_IBUF
    BUFGCTRL_X0Y0        BUFG (Prop_bufg_I_O)         0.026     0.843 r  clk_IBUF_BUFG_inst/O
                         net (fo=42, routed)          0.599     1.441    clk_IBUF_BUFG
    SLICE_X2Y62          FDCE                                         r  x_sq_reg_pt2_reg[6]/C
  -------------------------------------------------------------------    -------------------
    SLICE_X2Y62          FDCE (Prop_fdce_C_Q)         0.164     1.605 r  x_sq_reg_pt2_reg[6]/Q
                         net (fo=3, routed)           0.072     1.678    x_sq_reg_pt2[6]
    SLICE_X3Y62          LUT2 (Prop_lut2_I0_O)        0.045     1.723 r  sin[7]_i_3/O
                         net (fo=1, routed)           0.000     1.723    sin[7]_i_3_n_0
    SLICE_X3Y62          CARRY4 (Prop_carry4_S[2]_O[3])
                                                      0.099     1.822 r  sin_reg[7]_i_1/O[3]
                         net (fo=1, routed)           0.000     1.822    sin0[7]
    SLICE_X3Y62          FDCE                                         r  sin_reg[7]/D
  -------------------------------------------------------------------    -------------------

                         (clock sys_clk rise edge)    0.000     0.000 r  
    N15                                               0.000     0.000 r  clk (IN)
                         net (fo=0)                   0.000     0.000    clk
    N15                  IBUF (Prop_ibuf_I_O)         0.365     0.365 r  clk_IBUF_inst/O
                         net (fo=1, routed)           0.695     1.060    clk_IBUF
    BUFGCTRL_X0Y0        BUFG (Prop_bufg_I_O)         0.029     1.089 r  clk_IBUF_BUFG_inst/O
                         net (fo=42, routed)          0.871     1.960    clk_IBUF_BUFG
    SLICE_X3Y62          FDCE                                         r  sin_reg[7]/C
                         clock pessimism             -0.505     1.454    
    SLICE_X3Y62          FDCE (Hold_fdce_C_D)         0.105     1.559    sin_reg[7]
  -------------------------------------------------------------------
                         required time                         -1.559    
                         arrival time                           1.822    
  -------------------------------------------------------------------
                         slack                                  0.262    

Slack (MET) :             0.262ns  (arrival time - required time)
  Source:                 x_sq_reg_pt2_reg[5]/C
                            (rising edge-triggered cell FDCE clocked by sys_clk  {rise@0.000ns fall@5.000ns period=10.000ns})
  Destination:            sin_reg[5]/D
                            (rising edge-triggered cell FDCE clocked by sys_clk  {rise@0.000ns fall@5.000ns period=10.000ns})
  Path Group:             sys_clk
  Path Type:              Hold (Min at Fast Process Corner)
  Requirement:            0.000ns  (sys_clk rise@0.000ns - sys_clk rise@0.000ns)
  Data Path Delay:        0.380ns  (logic 0.274ns (72.028%)  route 0.106ns (27.972%))
  Logic Levels:           2  (CARRY4=1 LUT2=1)
  Clock Path Skew:        0.013ns (DCD - SCD - CPR)
    Destination Clock Delay (DCD):    1.960ns
    Source Clock Delay      (SCD):    1.441ns
    Clock Pessimism Removal (CPR):    0.505ns

    Location             Delay type                Incr(ns)  Path(ns)    Netlist Resource(s)
  -------------------------------------------------------------------    -------------------
                         (clock sys_clk rise edge)    0.000     0.000 r  
    N15                                               0.000     0.000 r  clk (IN)
                         net (fo=0)                   0.000     0.000    clk
    N15                  IBUF (Prop_ibuf_I_O)         0.177     0.177 r  clk_IBUF_inst/O
                         net (fo=1, routed)           0.640     0.817    clk_IBUF
    BUFGCTRL_X0Y0        BUFG (Prop_bufg_I_O)         0.026     0.843 r  clk_IBUF_BUFG_inst/O
                         net (fo=42, routed)          0.599     1.441    clk_IBUF_BUFG
    SLICE_X2Y62          FDCE                                         r  x_sq_reg_pt2_reg[5]/C
  -------------------------------------------------------------------    -------------------
    SLICE_X2Y62          FDCE (Prop_fdce_C_Q)         0.164     1.605 r  x_sq_reg_pt2_reg[5]/Q
                         net (fo=3, routed)           0.106     1.712    x_sq_reg_pt2[5]
    SLICE_X3Y62          LUT2 (Prop_lut2_I0_O)        0.045     1.757 r  sin[7]_i_4/O
                         net (fo=1, routed)           0.000     1.757    sin[7]_i_4_n_0
    SLICE_X3Y62          CARRY4 (Prop_carry4_S[1]_O[1])
                                                      0.065     1.822 r  sin_reg[7]_i_1/O[1]
                         net (fo=1, routed)           0.000     1.822    sin0[5]
    SLICE_X3Y62          FDCE                                         r  sin_reg[5]/D
  -------------------------------------------------------------------    -------------------

                         (clock sys_clk rise edge)    0.000     0.000 r  
    N15                                               0.000     0.000 r  clk (IN)
                         net (fo=0)                   0.000     0.000    clk
    N15                  IBUF (Prop_ibuf_I_O)         0.365     0.365 r  clk_IBUF_inst/O
                         net (fo=1, routed)           0.695     1.060    clk_IBUF
    BUFGCTRL_X0Y0        BUFG (Prop_bufg_I_O)         0.029     1.089 r  clk_IBUF_BUFG_inst/O
                         net (fo=42, routed)          0.871     1.960    clk_IBUF_BUFG
    SLICE_X3Y62          FDCE                                         r  sin_reg[5]/C
                         clock pessimism             -0.505     1.454    
    SLICE_X3Y62          FDCE (Hold_fdce_C_D)         0.105     1.559    sin_reg[5]
  -------------------------------------------------------------------
                         required time                         -1.559    
                         arrival time                           1.822    
  -------------------------------------------------------------------
                         slack                                  0.262    

Slack (MET) :             0.266ns  (arrival time - required time)
  Source:                 x_sq_reg_pt2_reg[5]/C
                            (rising edge-triggered cell FDCE clocked by sys_clk  {rise@0.000ns fall@5.000ns period=10.000ns})
  Destination:            sin_reg[4]/D
                            (rising edge-triggered cell FDCE clocked by sys_clk  {rise@0.000ns fall@5.000ns period=10.000ns})
  Path Group:             sys_clk
  Path Type:              Hold (Min at Fast Process Corner)
  Requirement:            0.000ns  (sys_clk rise@0.000ns - sys_clk rise@0.000ns)
  Data Path Delay:        0.384ns  (logic 0.279ns (72.579%)  route 0.105ns (27.420%))
  Logic Levels:           2  (CARRY4=1 LUT3=1)
  Clock Path Skew:        0.013ns (DCD - SCD - CPR)
    Destination Clock Delay (DCD):    1.960ns
    Source Clock Delay      (SCD):    1.441ns
    Clock Pessimism Removal (CPR):    0.505ns

    Location             Delay type                Incr(ns)  Path(ns)    Netlist Resource(s)
  -------------------------------------------------------------------    -------------------
                         (clock sys_clk rise edge)    0.000     0.000 r  
    N15                                               0.000     0.000 r  clk (IN)
                         net (fo=0)                   0.000     0.000    clk
    N15                  IBUF (Prop_ibuf_I_O)         0.177     0.177 r  clk_IBUF_inst/O
                         net (fo=1, routed)           0.640     0.817    clk_IBUF
    BUFGCTRL_X0Y0        BUFG (Prop_bufg_I_O)         0.026     0.843 r  clk_IBUF_BUFG_inst/O
                         net (fo=42, routed)          0.599     1.441    clk_IBUF_BUFG
    SLICE_X2Y62          FDCE                                         r  x_sq_reg_pt2_reg[5]/C
  -------------------------------------------------------------------    -------------------
    SLICE_X2Y62          FDCE (Prop_fdce_C_Q)         0.164     1.605 r  x_sq_reg_pt2_reg[5]/Q
                         net (fo=3, routed)           0.105     1.711    x_sq_reg_pt2[5]
    SLICE_X3Y62          LUT3 (Prop_lut3_I2_O)        0.045     1.756 r  sin[7]_i_5/O
                         net (fo=1, routed)           0.000     1.756    sin[7]_i_5_n_0
    SLICE_X3Y62          CARRY4 (Prop_carry4_S[0]_O[0])
                                                      0.070     1.826 r  sin_reg[7]_i_1/O[0]
                         net (fo=1, routed)           0.000     1.826    sin0[4]
    SLICE_X3Y62          FDCE                                         r  sin_reg[4]/D
  -------------------------------------------------------------------    -------------------

                         (clock sys_clk rise edge)    0.000     0.000 r  
    N15                                               0.000     0.000 r  clk (IN)
                         net (fo=0)                   0.000     0.000    clk
    N15                  IBUF (Prop_ibuf_I_O)         0.365     0.365 r  clk_IBUF_inst/O
                         net (fo=1, routed)           0.695     1.060    clk_IBUF
    BUFGCTRL_X0Y0        BUFG (Prop_bufg_I_O)         0.029     1.089 r  clk_IBUF_BUFG_inst/O
                         net (fo=42, routed)          0.871     1.960    clk_IBUF_BUFG
    SLICE_X3Y62          FDCE                                         r  sin_reg[4]/C
                         clock pessimism             -0.505     1.454    
    SLICE_X3Y62          FDCE (Hold_fdce_C_D)         0.105     1.559    sin_reg[4]
  -------------------------------------------------------------------
                         required time                         -1.559    
                         arrival time                           1.826    
  -------------------------------------------------------------------
                         slack                                  0.266    

Slack (MET) :             0.276ns  (arrival time - required time)
  Source:                 x_sq_reg_reg[3]/C
                            (rising edge-triggered cell FDCE clocked by sys_clk  {rise@0.000ns fall@5.000ns period=10.000ns})
  Destination:            x_sq_reg_pt1_reg[3]/D
                            (rising edge-triggered cell FDCE clocked by sys_clk  {rise@0.000ns fall@5.000ns period=10.000ns})
  Path Group:             sys_clk
  Path Type:              Hold (Min at Fast Process Corner)
  Requirement:            0.000ns  (sys_clk rise@0.000ns - sys_clk rise@0.000ns)
  Data Path Delay:        0.375ns  (logic 0.141ns (37.606%)  route 0.234ns (62.394%))
  Logic Levels:           0  
  Clock Path Skew:        0.040ns (DCD - SCD - CPR)
    Destination Clock Delay (DCD):    1.963ns
    Source Clock Delay      (SCD):    1.442ns
    Clock Pessimism Removal (CPR):    0.480ns

    Location             Delay type                Incr(ns)  Path(ns)    Netlist Resource(s)
  -------------------------------------------------------------------    -------------------
                         (clock sys_clk rise edge)    0.000     0.000 r  
    N15                                               0.000     0.000 r  clk (IN)
                         net (fo=0)                   0.000     0.000    clk
    N15                  IBUF (Prop_ibuf_I_O)         0.177     0.177 r  clk_IBUF_inst/O
                         net (fo=1, routed)           0.640     0.817    clk_IBUF
    BUFGCTRL_X0Y0        BUFG (Prop_bufg_I_O)         0.026     0.843 r  clk_IBUF_BUFG_inst/O
                         net (fo=42, routed)          0.600     1.442    clk_IBUF_BUFG
    SLICE_X7Y57          FDCE                                         r  x_sq_reg_reg[3]/C
  -------------------------------------------------------------------    -------------------
    SLICE_X7Y57          FDCE (Prop_fdce_C_Q)         0.141     1.583 r  x_sq_reg_reg[3]/Q
                         net (fo=20, routed)          0.234     1.817    x_sq_reg[3]
    SLICE_X3Y57          FDCE                                         r  x_sq_reg_pt1_reg[3]/D
  -------------------------------------------------------------------    -------------------

                         (clock sys_clk rise edge)    0.000     0.000 r  
    N15                                               0.000     0.000 r  clk (IN)
                         net (fo=0)                   0.000     0.000    clk
    N15                  IBUF (Prop_ibuf_I_O)         0.365     0.365 r  clk_IBUF_inst/O
                         net (fo=1, routed)           0.695     1.060    clk_IBUF
    BUFGCTRL_X0Y0        BUFG (Prop_bufg_I_O)         0.029     1.089 r  clk_IBUF_BUFG_inst/O
                         net (fo=42, routed)          0.874     1.963    clk_IBUF_BUFG
    SLICE_X3Y57          FDCE                                         r  x_sq_reg_pt1_reg[3]/C
                         clock pessimism             -0.480     1.482    
    SLICE_X3Y57          FDCE (Hold_fdce_C_D)         0.059     1.541    x_sq_reg_pt1_reg[3]
  -------------------------------------------------------------------
                         required time                         -1.541    
                         arrival time                           1.817    
  -------------------------------------------------------------------
                         slack                                  0.276    

Slack (MET) :             0.279ns  (arrival time - required time)
  Source:                 x_sq_reg_reg[6]/C
                            (rising edge-triggered cell FDCE clocked by sys_clk  {rise@0.000ns fall@5.000ns period=10.000ns})
  Destination:            x_sq_reg_pt1_reg[6]/D
                            (rising edge-triggered cell FDCE clocked by sys_clk  {rise@0.000ns fall@5.000ns period=10.000ns})
  Path Group:             sys_clk
  Path Type:              Hold (Min at Fast Process Corner)
  Requirement:            0.000ns  (sys_clk rise@0.000ns - sys_clk rise@0.000ns)
  Data Path Delay:        0.382ns  (logic 0.141ns (36.948%)  route 0.241ns (63.052%))
  Logic Levels:           0  
  Clock Path Skew:        0.040ns (DCD - SCD - CPR)
    Destination Clock Delay (DCD):    1.963ns
    Source Clock Delay      (SCD):    1.442ns
    Clock Pessimism Removal (CPR):    0.480ns

    Location             Delay type                Incr(ns)  Path(ns)    Netlist Resource(s)
  -------------------------------------------------------------------    -------------------
                         (clock sys_clk rise edge)    0.000     0.000 r  
    N15                                               0.000     0.000 r  clk (IN)
                         net (fo=0)                   0.000     0.000    clk
    N15                  IBUF (Prop_ibuf_I_O)         0.177     0.177 r  clk_IBUF_inst/O
                         net (fo=1, routed)           0.640     0.817    clk_IBUF
    BUFGCTRL_X0Y0        BUFG (Prop_bufg_I_O)         0.026     0.843 r  clk_IBUF_BUFG_inst/O
                         net (fo=42, routed)          0.600     1.442    clk_IBUF_BUFG
    SLICE_X7Y57          FDCE                                         r  x_sq_reg_reg[6]/C
  -------------------------------------------------------------------    -------------------
    SLICE_X7Y57          FDCE (Prop_fdce_C_Q)         0.141     1.583 r  x_sq_reg_reg[6]/Q
                         net (fo=6, routed)           0.241     1.824    x_sq_reg[6]
    SLICE_X3Y58          FDCE                                         r  x_sq_reg_pt1_reg[6]/D
  -------------------------------------------------------------------    -------------------

                         (clock sys_clk rise edge)    0.000     0.000 r  
    N15                                               0.000     0.000 r  clk (IN)
                         net (fo=0)                   0.000     0.000    clk
    N15                  IBUF (Prop_ibuf_I_O)         0.365     0.365 r  clk_IBUF_inst/O
                         net (fo=1, routed)           0.695     1.060    clk_IBUF
    BUFGCTRL_X0Y0        BUFG (Prop_bufg_I_O)         0.029     1.089 r  clk_IBUF_BUFG_inst/O
                         net (fo=42, routed)          0.874     1.963    clk_IBUF_BUFG
    SLICE_X3Y58          FDCE                                         r  x_sq_reg_pt1_reg[6]/C
                         clock pessimism             -0.480     1.482    
    SLICE_X3Y58          FDCE (Hold_fdce_C_D)         0.063     1.545    x_sq_reg_pt1_reg[6]
  -------------------------------------------------------------------
                         required time                         -1.545    
                         arrival time                           1.824    
  -------------------------------------------------------------------
                         slack                                  0.279    

Slack (MET) :             0.284ns  (arrival time - required time)
  Source:                 x_sq_reg_reg[7]/C
                            (rising edge-triggered cell FDCE clocked by sys_clk  {rise@0.000ns fall@5.000ns period=10.000ns})
  Destination:            x_sq_reg_pt1_reg[7]/D
                            (rising edge-triggered cell FDCE clocked by sys_clk  {rise@0.000ns fall@5.000ns period=10.000ns})
  Path Group:             sys_clk
  Path Type:              Hold (Min at Fast Process Corner)
  Requirement:            0.000ns  (sys_clk rise@0.000ns - sys_clk rise@0.000ns)
  Data Path Delay:        0.389ns  (logic 0.141ns (36.265%)  route 0.248ns (63.735%))
  Logic Levels:           0  
  Clock Path Skew:        0.015ns (DCD - SCD - CPR)
    Destination Clock Delay (DCD):    1.959ns
    Source Clock Delay      (SCD):    1.442ns
    Clock Pessimism Removal (CPR):    0.501ns

    Location             Delay type                Incr(ns)  Path(ns)    Netlist Resource(s)
  -------------------------------------------------------------------    -------------------
                         (clock sys_clk rise edge)    0.000     0.000 r  
    N15                                               0.000     0.000 r  clk (IN)
                         net (fo=0)                   0.000     0.000    clk
    N15                  IBUF (Prop_ibuf_I_O)         0.177     0.177 r  clk_IBUF_inst/O
                         net (fo=1, routed)           0.640     0.817    clk_IBUF
    BUFGCTRL_X0Y0        BUFG (Prop_bufg_I_O)         0.026     0.843 r  clk_IBUF_BUFG_inst/O
                         net (fo=42, routed)          0.600     1.442    clk_IBUF_BUFG
    SLICE_X7Y58          FDCE                                         r  x_sq_reg_reg[7]/C
  -------------------------------------------------------------------    -------------------
    SLICE_X7Y58          FDCE (Prop_fdce_C_Q)         0.141     1.583 r  x_sq_reg_reg[7]/Q
                         net (fo=5, routed)           0.248     1.831    x_sq_reg[7]
    SLICE_X6Y60          FDCE                                         r  x_sq_reg_pt1_reg[7]/D
  -------------------------------------------------------------------    -------------------

                         (clock sys_clk rise edge)    0.000     0.000 r  
    N15                                               0.000     0.000 r  clk (IN)
                         net (fo=0)                   0.000     0.000    clk
    N15                  IBUF (Prop_ibuf_I_O)         0.365     0.365 r  clk_IBUF_inst/O
                         net (fo=1, routed)           0.695     1.060    clk_IBUF
    BUFGCTRL_X0Y0        BUFG (Prop_bufg_I_O)         0.029     1.089 r  clk_IBUF_BUFG_inst/O
                         net (fo=42, routed)          0.870     1.959    clk_IBUF_BUFG
    SLICE_X6Y60          FDCE                                         r  x_sq_reg_pt1_reg[7]/C
                         clock pessimism             -0.501     1.457    
    SLICE_X6Y60          FDCE (Hold_fdce_C_D)         0.090     1.547    x_sq_reg_pt1_reg[7]
  -------------------------------------------------------------------
                         required time                         -1.547    
                         arrival time                           1.831    
  -------------------------------------------------------------------
                         slack                                  0.284    





Pulse Width Checks
--------------------------------------------------------------------------------------
Clock Name:         sys_clk
Waveform(ns):       { 0.000 5.000 }
Period(ns):         10.000
Sources:            { clk }

Check Type        Corner  Lib Pin  Reference Pin  Required(ns)  Actual(ns)  Slack(ns)  Location       Pin
Min Period        n/a     BUFG/I   n/a            2.155         10.000      7.845      BUFGCTRL_X0Y0  clk_IBUF_BUFG_inst/I
Min Period        n/a     FDCE/C   n/a            1.000         10.000      9.000      SLICE_X2Y55    sin_pt1_reg[2]/C
Min Period        n/a     FDCE/C   n/a            1.000         10.000      9.000      SLICE_X3Y55    sin_pt1_reg[3]/C
Min Period        n/a     FDCE/C   n/a            1.000         10.000      9.000      SLICE_X3Y55    sin_pt1_reg[4]/C
Min Period        n/a     FDCE/C   n/a            1.000         10.000      9.000      SLICE_X3Y55    sin_pt1_reg[5]/C
Min Period        n/a     FDCE/C   n/a            1.000         10.000      9.000      SLICE_X3Y55    sin_pt1_reg[6]/C
Min Period        n/a     FDCE/C   n/a            1.000         10.000      9.000      SLICE_X3Y56    sin_pt1_reg[7]/C
Min Period        n/a     FDCE/C   n/a            1.000         10.000      9.000      SLICE_X5Y57    sin_pt2_reg[0]/C
Min Period        n/a     FDCE/C   n/a            1.000         10.000      9.000      SLICE_X5Y57    sin_pt2_reg[1]/C
Min Period        n/a     FDCE/C   n/a            1.000         10.000      9.000      SLICE_X5Y57    sin_pt2_reg[2]/C
Low Pulse Width   Slow    FDCE/C   n/a            0.500         5.000       4.500      SLICE_X2Y55    sin_pt1_reg[2]/C
Low Pulse Width   Fast    FDCE/C   n/a            0.500         5.000       4.500      SLICE_X2Y55    sin_pt1_reg[2]/C
Low Pulse Width   Slow    FDCE/C   n/a            0.500         5.000       4.500      SLICE_X3Y55    sin_pt1_reg[3]/C
Low Pulse Width   Fast    FDCE/C   n/a            0.500         5.000       4.500      SLICE_X3Y55    sin_pt1_reg[3]/C
Low Pulse Width   Slow    FDCE/C   n/a            0.500         5.000       4.500      SLICE_X3Y55    sin_pt1_reg[4]/C
Low Pulse Width   Fast    FDCE/C   n/a            0.500         5.000       4.500      SLICE_X3Y55    sin_pt1_reg[4]/C
Low Pulse Width   Slow    FDCE/C   n/a            0.500         5.000       4.500      SLICE_X3Y55    sin_pt1_reg[5]/C
Low Pulse Width   Fast    FDCE/C   n/a            0.500         5.000       4.500      SLICE_X3Y55    sin_pt1_reg[5]/C
Low Pulse Width   Slow    FDCE/C   n/a            0.500         5.000       4.500      SLICE_X3Y55    sin_pt1_reg[6]/C
Low Pulse Width   Fast    FDCE/C   n/a            0.500         5.000       4.500      SLICE_X3Y55    sin_pt1_reg[6]/C
High Pulse Width  Slow    FDCE/C   n/a            0.500         5.000       4.500      SLICE_X2Y55    sin_pt1_reg[2]/C
High Pulse Width  Fast    FDCE/C   n/a            0.500         5.000       4.500      SLICE_X2Y55    sin_pt1_reg[2]/C
High Pulse Width  Slow    FDCE/C   n/a            0.500         5.000       4.500      SLICE_X3Y55    sin_pt1_reg[3]/C
High Pulse Width  Fast    FDCE/C   n/a            0.500         5.000       4.500      SLICE_X3Y55    sin_pt1_reg[3]/C
High Pulse Width  Slow    FDCE/C   n/a            0.500         5.000       4.500      SLICE_X3Y55    sin_pt1_reg[4]/C
High Pulse Width  Fast    FDCE/C   n/a            0.500         5.000       4.500      SLICE_X3Y55    sin_pt1_reg[4]/C
High Pulse Width  Slow    FDCE/C   n/a            0.500         5.000       4.500      SLICE_X3Y55    sin_pt1_reg[5]/C
High Pulse Width  Fast    FDCE/C   n/a            0.500         5.000       4.500      SLICE_X3Y55    sin_pt1_reg[5]/C
High Pulse Width  Slow    FDCE/C   n/a            0.500         5.000       4.500      SLICE_X3Y55    sin_pt1_reg[6]/C
High Pulse Width  Fast    FDCE/C   n/a            0.500         5.000       4.500      SLICE_X3Y55    sin_pt1_reg[6]/C



--------------------------------------------------------------------------------------
Path Group:  (none)
From Clock:  sys_clk
  To Clock:  

Max Delay             8 Endpoints
Min Delay             8 Endpoints
--------------------------------------------------------------------------------------


Max Delay Paths
--------------------------------------------------------------------------------------
Slack:                    inf
  Source:                 sin_reg[0]/C
                            (rising edge-triggered cell FDCE clocked by sys_clk  {rise@0.000ns fall@5.000ns period=10.000ns})
  Destination:            sin[0]
                            (output port)
  Path Group:             (none)
  Path Type:              Max at Slow Process Corner
  Data Path Delay:        4.937ns  (logic 3.119ns (63.184%)  route 1.818ns (36.816%))
  Logic Levels:           1  (OBUF=1)
  Clock Uncertainty:      0.025ns  ((TSJ^2 + TIJ^2)^1/2 + DJ) / 2 + PE
    Total System Jitter     (TSJ):    0.050ns
    Total Input Jitter      (TIJ):    0.000ns
    Discrete Jitter          (DJ):    0.000ns
    Phase Error              (PE):    0.000ns

    Location             Delay type                Incr(ns)  Path(ns)    Netlist Resource(s)
  -------------------------------------------------------------------    -------------------
                         (clock sys_clk rise edge)    0.000     0.000 r  
    N15                                               0.000     0.000 r  clk (IN)
                         net (fo=0)                   0.000     0.000    clk
    N15                  IBUF (Prop_ibuf_I_O)         0.948     0.948 r  clk_IBUF_inst/O
                         net (fo=1, routed)           2.016     2.963    clk_IBUF
    BUFGCTRL_X0Y0        BUFG (Prop_bufg_I_O)         0.096     3.059 r  clk_IBUF_BUFG_inst/O
                         net (fo=42, routed)          1.720     4.780    clk_IBUF_BUFG
    SLICE_X3Y61          FDCE                                         r  sin_reg[0]/C
  -------------------------------------------------------------------    -------------------
    SLICE_X3Y61          FDCE (Prop_fdce_C_Q)         0.456     5.236 r  sin_reg[0]/Q
                         net (fo=1, routed)           1.818     7.053    sin_OBUF[0]
    V12                  OBUF (Prop_obuf_I_O)         2.663     9.716 r  sin_OBUF[0]_inst/O
                         net (fo=0)                   0.000     9.716    sin[0]
    V12                                                               r  sin[0] (OUT)
  -------------------------------------------------------------------    -------------------

Slack:                    inf
  Source:                 sin_reg[6]/C
                            (rising edge-triggered cell FDCE clocked by sys_clk  {rise@0.000ns fall@5.000ns period=10.000ns})
  Destination:            sin[6]
                            (output port)
  Path Group:             (none)
  Path Type:              Max at Slow Process Corner
  Data Path Delay:        4.814ns  (logic 3.098ns (64.355%)  route 1.716ns (35.645%))
  Logic Levels:           1  (OBUF=1)
  Clock Uncertainty:      0.025ns  ((TSJ^2 + TIJ^2)^1/2 + DJ) / 2 + PE
    Total System Jitter     (TSJ):    0.050ns
    Total Input Jitter      (TIJ):    0.000ns
    Discrete Jitter          (DJ):    0.000ns
    Phase Error              (PE):    0.000ns

    Location             Delay type                Incr(ns)  Path(ns)    Netlist Resource(s)
  -------------------------------------------------------------------    -------------------
                         (clock sys_clk rise edge)    0.000     0.000 r  
    N15                                               0.000     0.000 r  clk (IN)
                         net (fo=0)                   0.000     0.000    clk
    N15                  IBUF (Prop_ibuf_I_O)         0.948     0.948 r  clk_IBUF_inst/O
                         net (fo=1, routed)           2.016     2.963    clk_IBUF
    BUFGCTRL_X0Y0        BUFG (Prop_bufg_I_O)         0.096     3.059 r  clk_IBUF_BUFG_inst/O
                         net (fo=42, routed)          1.719     4.779    clk_IBUF_BUFG
    SLICE_X3Y62          FDCE                                         r  sin_reg[6]/C
  -------------------------------------------------------------------    -------------------
    SLICE_X3Y62          FDCE (Prop_fdce_C_Q)         0.456     5.235 r  sin_reg[6]/Q
                         net (fo=1, routed)           1.716     6.950    sin_OBUF[6]
    U18                  OBUF (Prop_obuf_I_O)         2.642     9.592 r  sin_OBUF[6]_inst/O
                         net (fo=0)                   0.000     9.592    sin[6]
    U18                                                               r  sin[6] (OUT)
  -------------------------------------------------------------------    -------------------

Slack:                    inf
  Source:                 sin_reg[7]/C
                            (rising edge-triggered cell FDCE clocked by sys_clk  {rise@0.000ns fall@5.000ns period=10.000ns})
  Destination:            sin[7]
                            (output port)
  Path Group:             (none)
  Path Type:              Max at Slow Process Corner
  Data Path Delay:        4.811ns  (logic 3.104ns (64.524%)  route 1.707ns (35.476%))
  Logic Levels:           1  (OBUF=1)
  Clock Uncertainty:      0.025ns  ((TSJ^2 + TIJ^2)^1/2 + DJ) / 2 + PE
    Total System Jitter     (TSJ):    0.050ns
    Total Input Jitter      (TIJ):    0.000ns
    Discrete Jitter          (DJ):    0.000ns
    Phase Error              (PE):    0.000ns

    Location             Delay type                Incr(ns)  Path(ns)    Netlist Resource(s)
  -------------------------------------------------------------------    -------------------
                         (clock sys_clk rise edge)    0.000     0.000 r  
    N15                                               0.000     0.000 r  clk (IN)
                         net (fo=0)                   0.000     0.000    clk
    N15                  IBUF (Prop_ibuf_I_O)         0.948     0.948 r  clk_IBUF_inst/O
                         net (fo=1, routed)           2.016     2.963    clk_IBUF
    BUFGCTRL_X0Y0        BUFG (Prop_bufg_I_O)         0.096     3.059 r  clk_IBUF_BUFG_inst/O
                         net (fo=42, routed)          1.719     4.779    clk_IBUF_BUFG
    SLICE_X3Y62          FDCE                                         r  sin_reg[7]/C
  -------------------------------------------------------------------    -------------------
    SLICE_X3Y62          FDCE (Prop_fdce_C_Q)         0.456     5.235 r  sin_reg[7]/Q
                         net (fo=1, routed)           1.707     6.941    sin_OBUF[7]
    U17                  OBUF (Prop_obuf_I_O)         2.648     9.589 r  sin_OBUF[7]_inst/O
                         net (fo=0)                   0.000     9.589    sin[7]
    U17                                                               r  sin[7] (OUT)
  -------------------------------------------------------------------    -------------------

Slack:                    inf
  Source:                 sin_reg[5]/C
                            (rising edge-triggered cell FDCE clocked by sys_clk  {rise@0.000ns fall@5.000ns period=10.000ns})
  Destination:            sin[5]
                            (output port)
  Path Group:             (none)
  Path Type:              Max at Slow Process Corner
  Data Path Delay:        4.801ns  (logic 3.104ns (64.655%)  route 1.697ns (35.345%))
  Logic Levels:           1  (OBUF=1)
  Clock Uncertainty:      0.025ns  ((TSJ^2 + TIJ^2)^1/2 + DJ) / 2 + PE
    Total System Jitter     (TSJ):    0.050ns
    Total Input Jitter      (TIJ):    0.000ns
    Discrete Jitter          (DJ):    0.000ns
    Phase Error              (PE):    0.000ns

    Location             Delay type                Incr(ns)  Path(ns)    Netlist Resource(s)
  -------------------------------------------------------------------    -------------------
                         (clock sys_clk rise edge)    0.000     0.000 r  
    N15                                               0.000     0.000 r  clk (IN)
                         net (fo=0)                   0.000     0.000    clk
    N15                  IBUF (Prop_ibuf_I_O)         0.948     0.948 r  clk_IBUF_inst/O
                         net (fo=1, routed)           2.016     2.963    clk_IBUF
    BUFGCTRL_X0Y0        BUFG (Prop_bufg_I_O)         0.096     3.059 r  clk_IBUF_BUFG_inst/O
                         net (fo=42, routed)          1.719     4.779    clk_IBUF_BUFG
    SLICE_X3Y62          FDCE                                         r  sin_reg[5]/C
  -------------------------------------------------------------------    -------------------
    SLICE_X3Y62          FDCE (Prop_fdce_C_Q)         0.456     5.235 r  sin_reg[5]/Q
                         net (fo=1, routed)           1.697     6.932    sin_OBUF[5]
    U16                  OBUF (Prop_obuf_I_O)         2.648     9.580 r  sin_OBUF[5]_inst/O
                         net (fo=0)                   0.000     9.580    sin[5]
    U16                                                               r  sin[5] (OUT)
  -------------------------------------------------------------------    -------------------

Slack:                    inf
  Source:                 sin_reg[1]/C
                            (rising edge-triggered cell FDCE clocked by sys_clk  {rise@0.000ns fall@5.000ns period=10.000ns})
  Destination:            sin[1]
                            (output port)
  Path Group:             (none)
  Path Type:              Max at Slow Process Corner
  Data Path Delay:        4.799ns  (logic 3.127ns (65.161%)  route 1.672ns (34.839%))
  Logic Levels:           1  (OBUF=1)
  Clock Uncertainty:      0.025ns  ((TSJ^2 + TIJ^2)^1/2 + DJ) / 2 + PE
    Total System Jitter     (TSJ):    0.050ns
    Total Input Jitter      (TIJ):    0.000ns
    Discrete Jitter          (DJ):    0.000ns
    Phase Error              (PE):    0.000ns

    Location             Delay type                Incr(ns)  Path(ns)    Netlist Resource(s)
  -------------------------------------------------------------------    -------------------
                         (clock sys_clk rise edge)    0.000     0.000 r  
    N15                                               0.000     0.000 r  clk (IN)
                         net (fo=0)                   0.000     0.000    clk
    N15                  IBUF (Prop_ibuf_I_O)         0.948     0.948 r  clk_IBUF_inst/O
                         net (fo=1, routed)           2.016     2.963    clk_IBUF
    BUFGCTRL_X0Y0        BUFG (Prop_bufg_I_O)         0.096     3.059 r  clk_IBUF_BUFG_inst/O
                         net (fo=42, routed)          1.720     4.780    clk_IBUF_BUFG
    SLICE_X3Y61          FDCE                                         r  sin_reg[1]/C
  -------------------------------------------------------------------    -------------------
    SLICE_X3Y61          FDCE (Prop_fdce_C_Q)         0.456     5.236 r  sin_reg[1]/Q
                         net (fo=1, routed)           1.672     6.908    sin_OBUF[1]
    U12                  OBUF (Prop_obuf_I_O)         2.671     9.579 r  sin_OBUF[1]_inst/O
                         net (fo=0)                   0.000     9.579    sin[1]
    U12                                                               r  sin[1] (OUT)
  -------------------------------------------------------------------    -------------------

Slack:                    inf
  Source:                 sin_reg[4]/C
                            (rising edge-triggered cell FDCE clocked by sys_clk  {rise@0.000ns fall@5.000ns period=10.000ns})
  Destination:            sin[4]
                            (output port)
  Path Group:             (none)
  Path Type:              Max at Slow Process Corner
  Data Path Delay:        4.778ns  (logic 3.101ns (64.900%)  route 1.677ns (35.100%))
  Logic Levels:           1  (OBUF=1)
  Clock Uncertainty:      0.025ns  ((TSJ^2 + TIJ^2)^1/2 + DJ) / 2 + PE
    Total System Jitter     (TSJ):    0.050ns
    Total Input Jitter      (TIJ):    0.000ns
    Discrete Jitter          (DJ):    0.000ns
    Phase Error              (PE):    0.000ns

    Location             Delay type                Incr(ns)  Path(ns)    Netlist Resource(s)
  -------------------------------------------------------------------    -------------------
                         (clock sys_clk rise edge)    0.000     0.000 r  
    N15                                               0.000     0.000 r  clk (IN)
                         net (fo=0)                   0.000     0.000    clk
    N15                  IBUF (Prop_ibuf_I_O)         0.948     0.948 r  clk_IBUF_inst/O
                         net (fo=1, routed)           2.016     2.963    clk_IBUF
    BUFGCTRL_X0Y0        BUFG (Prop_bufg_I_O)         0.096     3.059 r  clk_IBUF_BUFG_inst/O
                         net (fo=42, routed)          1.719     4.779    clk_IBUF_BUFG
    SLICE_X3Y62          FDCE                                         r  sin_reg[4]/C
  -------------------------------------------------------------------    -------------------
    SLICE_X3Y62          FDCE (Prop_fdce_C_Q)         0.456     5.235 r  sin_reg[4]/Q
                         net (fo=1, routed)           1.677     6.912    sin_OBUF[4]
    V17                  OBUF (Prop_obuf_I_O)         2.645     9.556 r  sin_OBUF[4]_inst/O
                         net (fo=0)                   0.000     9.556    sin[4]
    V17                                                               r  sin[4] (OUT)
  -------------------------------------------------------------------    -------------------

Slack:                    inf
  Source:                 sin_reg[2]/C
                            (rising edge-triggered cell FDCE clocked by sys_clk  {rise@0.000ns fall@5.000ns period=10.000ns})
  Destination:            sin[2]
                            (output port)
  Path Group:             (none)
  Path Type:              Max at Slow Process Corner
  Data Path Delay:        4.775ns  (logic 3.114ns (65.202%)  route 1.662ns (34.798%))
  Logic Levels:           1  (OBUF=1)
  Clock Uncertainty:      0.025ns  ((TSJ^2 + TIJ^2)^1/2 + DJ) / 2 + PE
    Total System Jitter     (TSJ):    0.050ns
    Total Input Jitter      (TIJ):    0.000ns
    Discrete Jitter          (DJ):    0.000ns
    Phase Error              (PE):    0.000ns

    Location             Delay type                Incr(ns)  Path(ns)    Netlist Resource(s)
  -------------------------------------------------------------------    -------------------
                         (clock sys_clk rise edge)    0.000     0.000 r  
    N15                                               0.000     0.000 r  clk (IN)
                         net (fo=0)                   0.000     0.000    clk
    N15                  IBUF (Prop_ibuf_I_O)         0.948     0.948 r  clk_IBUF_inst/O
                         net (fo=1, routed)           2.016     2.963    clk_IBUF
    BUFGCTRL_X0Y0        BUFG (Prop_bufg_I_O)         0.096     3.059 r  clk_IBUF_BUFG_inst/O
                         net (fo=42, routed)          1.720     4.780    clk_IBUF_BUFG
    SLICE_X3Y61          FDCE                                         r  sin_reg[2]/C
  -------------------------------------------------------------------    -------------------
    SLICE_X3Y61          FDCE (Prop_fdce_C_Q)         0.456     5.236 r  sin_reg[2]/Q
                         net (fo=1, routed)           1.662     6.897    sin_OBUF[2]
    U11                  OBUF (Prop_obuf_I_O)         2.658     9.555 r  sin_OBUF[2]_inst/O
                         net (fo=0)                   0.000     9.555    sin[2]
    U11                                                               r  sin[2] (OUT)
  -------------------------------------------------------------------    -------------------

Slack:                    inf
  Source:                 sin_reg[3]/C
                            (rising edge-triggered cell FDCE clocked by sys_clk  {rise@0.000ns fall@5.000ns period=10.000ns})
  Destination:            sin[3]
                            (output port)
  Path Group:             (none)
  Path Type:              Max at Slow Process Corner
  Data Path Delay:        4.772ns  (logic 3.110ns (65.159%)  route 1.663ns (34.841%))
  Logic Levels:           1  (OBUF=1)
  Clock Uncertainty:      0.025ns  ((TSJ^2 + TIJ^2)^1/2 + DJ) / 2 + PE
    Total System Jitter     (TSJ):    0.050ns
    Total Input Jitter      (TIJ):    0.000ns
    Discrete Jitter          (DJ):    0.000ns
    Phase Error              (PE):    0.000ns

    Location             Delay type                Incr(ns)  Path(ns)    Netlist Resource(s)
  -------------------------------------------------------------------    -------------------
                         (clock sys_clk rise edge)    0.000     0.000 r  
    N15                                               0.000     0.000 r  clk (IN)
                         net (fo=0)                   0.000     0.000    clk
    N15                  IBUF (Prop_ibuf_I_O)         0.948     0.948 r  clk_IBUF_inst/O
                         net (fo=1, routed)           2.016     2.963    clk_IBUF
    BUFGCTRL_X0Y0        BUFG (Prop_bufg_I_O)         0.096     3.059 r  clk_IBUF_BUFG_inst/O
                         net (fo=42, routed)          1.720     4.780    clk_IBUF_BUFG
    SLICE_X3Y61          FDCE                                         r  sin_reg[3]/C
  -------------------------------------------------------------------    -------------------
    SLICE_X3Y61          FDCE (Prop_fdce_C_Q)         0.456     5.236 r  sin_reg[3]/Q
                         net (fo=1, routed)           1.663     6.898    sin_OBUF[3]
    T11                  OBUF (Prop_obuf_I_O)         2.654     9.552 r  sin_OBUF[3]_inst/O
                         net (fo=0)                   0.000     9.552    sin[3]
    T11                                                               r  sin[3] (OUT)
  -------------------------------------------------------------------    -------------------





Min Delay Paths
--------------------------------------------------------------------------------------
Slack:                    inf
  Source:                 sin_reg[4]/C
                            (rising edge-triggered cell FDCE clocked by sys_clk  {rise@0.000ns fall@5.000ns period=10.000ns})
  Destination:            sin[4]
                            (output port)
  Path Group:             (none)
  Path Type:              Min at Fast Process Corner
  Data Path Delay:        1.628ns  (logic 1.302ns (79.981%)  route 0.326ns (20.019%))
  Logic Levels:           1  (OBUF=1)
  Clock Uncertainty:      0.025ns  ((TSJ^2 + TIJ^2)^1/2 + DJ) / 2 + PE
    Total System Jitter     (TSJ):    0.050ns
    Total Input Jitter      (TIJ):    0.000ns
    Discrete Jitter          (DJ):    0.000ns
    Phase Error              (PE):    0.000ns

    Location             Delay type                Incr(ns)  Path(ns)    Netlist Resource(s)
  -------------------------------------------------------------------    -------------------
                         (clock sys_clk rise edge)    0.000     0.000 r  
    N15                                               0.000     0.000 r  clk (IN)
                         net (fo=0)                   0.000     0.000    clk
    N15                  IBUF (Prop_ibuf_I_O)         0.177     0.177 r  clk_IBUF_inst/O
                         net (fo=1, routed)           0.640     0.817    clk_IBUF
    BUFGCTRL_X0Y0        BUFG (Prop_bufg_I_O)         0.026     0.843 r  clk_IBUF_BUFG_inst/O
                         net (fo=42, routed)          0.599     1.441    clk_IBUF_BUFG
    SLICE_X3Y62          FDCE                                         r  sin_reg[4]/C
  -------------------------------------------------------------------    -------------------
    SLICE_X3Y62          FDCE (Prop_fdce_C_Q)         0.141     1.582 r  sin_reg[4]/Q
                         net (fo=1, routed)           0.326     1.908    sin_OBUF[4]
    V17                  OBUF (Prop_obuf_I_O)         1.161     3.070 r  sin_OBUF[4]_inst/O
                         net (fo=0)                   0.000     3.070    sin[4]
    V17                                                               r  sin[4] (OUT)
  -------------------------------------------------------------------    -------------------

Slack:                    inf
  Source:                 sin_reg[3]/C
                            (rising edge-triggered cell FDCE clocked by sys_clk  {rise@0.000ns fall@5.000ns period=10.000ns})
  Destination:            sin[3]
                            (output port)
  Path Group:             (none)
  Path Type:              Min at Fast Process Corner
  Data Path Delay:        1.639ns  (logic 1.311ns (80.003%)  route 0.328ns (19.997%))
  Logic Levels:           1  (OBUF=1)
  Clock Uncertainty:      0.025ns  ((TSJ^2 + TIJ^2)^1/2 + DJ) / 2 + PE
    Total System Jitter     (TSJ):    0.050ns
    Total Input Jitter      (TIJ):    0.000ns
    Discrete Jitter          (DJ):    0.000ns
    Phase Error              (PE):    0.000ns

    Location             Delay type                Incr(ns)  Path(ns)    Netlist Resource(s)
  -------------------------------------------------------------------    -------------------
                         (clock sys_clk rise edge)    0.000     0.000 r  
    N15                                               0.000     0.000 r  clk (IN)
                         net (fo=0)                   0.000     0.000    clk
    N15                  IBUF (Prop_ibuf_I_O)         0.177     0.177 r  clk_IBUF_inst/O
                         net (fo=1, routed)           0.640     0.817    clk_IBUF
    BUFGCTRL_X0Y0        BUFG (Prop_bufg_I_O)         0.026     0.843 r  clk_IBUF_BUFG_inst/O
                         net (fo=42, routed)          0.600     1.442    clk_IBUF_BUFG
    SLICE_X3Y61          FDCE                                         r  sin_reg[3]/C
  -------------------------------------------------------------------    -------------------
    SLICE_X3Y61          FDCE (Prop_fdce_C_Q)         0.141     1.583 r  sin_reg[3]/Q
                         net (fo=1, routed)           0.328     1.911    sin_OBUF[3]
    T11                  OBUF (Prop_obuf_I_O)         1.170     3.081 r  sin_OBUF[3]_inst/O
                         net (fo=0)                   0.000     3.081    sin[3]
    T11                                                               r  sin[3] (OUT)
  -------------------------------------------------------------------    -------------------

Slack:                    inf
  Source:                 sin_reg[2]/C
                            (rising edge-triggered cell FDCE clocked by sys_clk  {rise@0.000ns fall@5.000ns period=10.000ns})
  Destination:            sin[2]
                            (output port)
  Path Group:             (none)
  Path Type:              Min at Fast Process Corner
  Data Path Delay:        1.642ns  (logic 1.315ns (80.100%)  route 0.327ns (19.900%))
  Logic Levels:           1  (OBUF=1)
  Clock Uncertainty:      0.025ns  ((TSJ^2 + TIJ^2)^1/2 + DJ) / 2 + PE
    Total System Jitter     (TSJ):    0.050ns
    Total Input Jitter      (TIJ):    0.000ns
    Discrete Jitter          (DJ):    0.000ns
    Phase Error              (PE):    0.000ns

    Location             Delay type                Incr(ns)  Path(ns)    Netlist Resource(s)
  -------------------------------------------------------------------    -------------------
                         (clock sys_clk rise edge)    0.000     0.000 r  
    N15                                               0.000     0.000 r  clk (IN)
                         net (fo=0)                   0.000     0.000    clk
    N15                  IBUF (Prop_ibuf_I_O)         0.177     0.177 r  clk_IBUF_inst/O
                         net (fo=1, routed)           0.640     0.817    clk_IBUF
    BUFGCTRL_X0Y0        BUFG (Prop_bufg_I_O)         0.026     0.843 r  clk_IBUF_BUFG_inst/O
                         net (fo=42, routed)          0.600     1.442    clk_IBUF_BUFG
    SLICE_X3Y61          FDCE                                         r  sin_reg[2]/C
  -------------------------------------------------------------------    -------------------
    SLICE_X3Y61          FDCE (Prop_fdce_C_Q)         0.141     1.583 r  sin_reg[2]/Q
                         net (fo=1, routed)           0.327     1.910    sin_OBUF[2]
    U11                  OBUF (Prop_obuf_I_O)         1.174     3.084 r  sin_OBUF[2]_inst/O
                         net (fo=0)                   0.000     3.084    sin[2]
    U11                                                               r  sin[2] (OUT)
  -------------------------------------------------------------------    -------------------

Slack:                    inf
  Source:                 sin_reg[6]/C
                            (rising edge-triggered cell FDCE clocked by sys_clk  {rise@0.000ns fall@5.000ns period=10.000ns})
  Destination:            sin[6]
                            (output port)
  Path Group:             (none)
  Path Type:              Min at Fast Process Corner
  Data Path Delay:        1.647ns  (logic 1.300ns (78.932%)  route 0.347ns (21.068%))
  Logic Levels:           1  (OBUF=1)
  Clock Uncertainty:      0.025ns  ((TSJ^2 + TIJ^2)^1/2 + DJ) / 2 + PE
    Total System Jitter     (TSJ):    0.050ns
    Total Input Jitter      (TIJ):    0.000ns
    Discrete Jitter          (DJ):    0.000ns
    Phase Error              (PE):    0.000ns

    Location             Delay type                Incr(ns)  Path(ns)    Netlist Resource(s)
  -------------------------------------------------------------------    -------------------
                         (clock sys_clk rise edge)    0.000     0.000 r  
    N15                                               0.000     0.000 r  clk (IN)
                         net (fo=0)                   0.000     0.000    clk
    N15                  IBUF (Prop_ibuf_I_O)         0.177     0.177 r  clk_IBUF_inst/O
                         net (fo=1, routed)           0.640     0.817    clk_IBUF
    BUFGCTRL_X0Y0        BUFG (Prop_bufg_I_O)         0.026     0.843 r  clk_IBUF_BUFG_inst/O
                         net (fo=42, routed)          0.599     1.441    clk_IBUF_BUFG
    SLICE_X3Y62          FDCE                                         r  sin_reg[6]/C
  -------------------------------------------------------------------    -------------------
    SLICE_X3Y62          FDCE (Prop_fdce_C_Q)         0.141     1.582 r  sin_reg[6]/Q
                         net (fo=1, routed)           0.347     1.929    sin_OBUF[6]
    U18                  OBUF (Prop_obuf_I_O)         1.159     3.088 r  sin_OBUF[6]_inst/O
                         net (fo=0)                   0.000     3.088    sin[6]
    U18                                                               r  sin[6] (OUT)
  -------------------------------------------------------------------    -------------------

Slack:                    inf
  Source:                 sin_reg[7]/C
                            (rising edge-triggered cell FDCE clocked by sys_clk  {rise@0.000ns fall@5.000ns period=10.000ns})
  Destination:            sin[7]
                            (output port)
  Path Group:             (none)
  Path Type:              Min at Fast Process Corner
  Data Path Delay:        1.653ns  (logic 1.306ns (78.974%)  route 0.348ns (21.026%))
  Logic Levels:           1  (OBUF=1)
  Clock Uncertainty:      0.025ns  ((TSJ^2 + TIJ^2)^1/2 + DJ) / 2 + PE
    Total System Jitter     (TSJ):    0.050ns
    Total Input Jitter      (TIJ):    0.000ns
    Discrete Jitter          (DJ):    0.000ns
    Phase Error              (PE):    0.000ns

    Location             Delay type                Incr(ns)  Path(ns)    Netlist Resource(s)
  -------------------------------------------------------------------    -------------------
                         (clock sys_clk rise edge)    0.000     0.000 r  
    N15                                               0.000     0.000 r  clk (IN)
                         net (fo=0)                   0.000     0.000    clk
    N15                  IBUF (Prop_ibuf_I_O)         0.177     0.177 r  clk_IBUF_inst/O
                         net (fo=1, routed)           0.640     0.817    clk_IBUF
    BUFGCTRL_X0Y0        BUFG (Prop_bufg_I_O)         0.026     0.843 r  clk_IBUF_BUFG_inst/O
                         net (fo=42, routed)          0.599     1.441    clk_IBUF_BUFG
    SLICE_X3Y62          FDCE                                         r  sin_reg[7]/C
  -------------------------------------------------------------------    -------------------
    SLICE_X3Y62          FDCE (Prop_fdce_C_Q)         0.141     1.582 r  sin_reg[7]/Q
                         net (fo=1, routed)           0.348     1.930    sin_OBUF[7]
    U17                  OBUF (Prop_obuf_I_O)         1.165     3.095 r  sin_OBUF[7]_inst/O
                         net (fo=0)                   0.000     3.095    sin[7]
    U17                                                               r  sin[7] (OUT)
  -------------------------------------------------------------------    -------------------

Slack:                    inf
  Source:                 sin_reg[1]/C
                            (rising edge-triggered cell FDCE clocked by sys_clk  {rise@0.000ns fall@5.000ns period=10.000ns})
  Destination:            sin[1]
                            (output port)
  Path Group:             (none)
  Path Type:              Min at Fast Process Corner
  Data Path Delay:        1.655ns  (logic 1.329ns (80.297%)  route 0.326ns (19.703%))
  Logic Levels:           1  (OBUF=1)
  Clock Uncertainty:      0.025ns  ((TSJ^2 + TIJ^2)^1/2 + DJ) / 2 + PE
    Total System Jitter     (TSJ):    0.050ns
    Total Input Jitter      (TIJ):    0.000ns
    Discrete Jitter          (DJ):    0.000ns
    Phase Error              (PE):    0.000ns

    Location             Delay type                Incr(ns)  Path(ns)    Netlist Resource(s)
  -------------------------------------------------------------------    -------------------
                         (clock sys_clk rise edge)    0.000     0.000 r  
    N15                                               0.000     0.000 r  clk (IN)
                         net (fo=0)                   0.000     0.000    clk
    N15                  IBUF (Prop_ibuf_I_O)         0.177     0.177 r  clk_IBUF_inst/O
                         net (fo=1, routed)           0.640     0.817    clk_IBUF
    BUFGCTRL_X0Y0        BUFG (Prop_bufg_I_O)         0.026     0.843 r  clk_IBUF_BUFG_inst/O
                         net (fo=42, routed)          0.600     1.442    clk_IBUF_BUFG
    SLICE_X3Y61          FDCE                                         r  sin_reg[1]/C
  -------------------------------------------------------------------    -------------------
    SLICE_X3Y61          FDCE (Prop_fdce_C_Q)         0.141     1.583 r  sin_reg[1]/Q
                         net (fo=1, routed)           0.326     1.909    sin_OBUF[1]
    U12                  OBUF (Prop_obuf_I_O)         1.188     3.097 r  sin_OBUF[1]_inst/O
                         net (fo=0)                   0.000     3.097    sin[1]
    U12                                                               r  sin[1] (OUT)
  -------------------------------------------------------------------    -------------------

Slack:                    inf
  Source:                 sin_reg[5]/C
                            (rising edge-triggered cell FDCE clocked by sys_clk  {rise@0.000ns fall@5.000ns period=10.000ns})
  Destination:            sin[5]
                            (output port)
  Path Group:             (none)
  Path Type:              Min at Fast Process Corner
  Data Path Delay:        1.656ns  (logic 1.306ns (78.862%)  route 0.350ns (21.138%))
  Logic Levels:           1  (OBUF=1)
  Clock Uncertainty:      0.025ns  ((TSJ^2 + TIJ^2)^1/2 + DJ) / 2 + PE
    Total System Jitter     (TSJ):    0.050ns
    Total Input Jitter      (TIJ):    0.000ns
    Discrete Jitter          (DJ):    0.000ns
    Phase Error              (PE):    0.000ns

    Location             Delay type                Incr(ns)  Path(ns)    Netlist Resource(s)
  -------------------------------------------------------------------    -------------------
                         (clock sys_clk rise edge)    0.000     0.000 r  
    N15                                               0.000     0.000 r  clk (IN)
                         net (fo=0)                   0.000     0.000    clk
    N15                  IBUF (Prop_ibuf_I_O)         0.177     0.177 r  clk_IBUF_inst/O
                         net (fo=1, routed)           0.640     0.817    clk_IBUF
    BUFGCTRL_X0Y0        BUFG (Prop_bufg_I_O)         0.026     0.843 r  clk_IBUF_BUFG_inst/O
                         net (fo=42, routed)          0.599     1.441    clk_IBUF_BUFG
    SLICE_X3Y62          FDCE                                         r  sin_reg[5]/C
  -------------------------------------------------------------------    -------------------
    SLICE_X3Y62          FDCE (Prop_fdce_C_Q)         0.141     1.582 r  sin_reg[5]/Q
                         net (fo=1, routed)           0.350     1.932    sin_OBUF[5]
    U16                  OBUF (Prop_obuf_I_O)         1.165     3.097 r  sin_OBUF[5]_inst/O
                         net (fo=0)                   0.000     3.097    sin[5]
    U16                                                               r  sin[5] (OUT)
  -------------------------------------------------------------------    -------------------

Slack:                    inf
  Source:                 sin_reg[0]/C
                            (rising edge-triggered cell FDCE clocked by sys_clk  {rise@0.000ns fall@5.000ns period=10.000ns})
  Destination:            sin[0]
                            (output port)
  Path Group:             (none)
  Path Type:              Min at Fast Process Corner
  Data Path Delay:        1.700ns  (logic 1.321ns (77.679%)  route 0.380ns (22.321%))
  Logic Levels:           1  (OBUF=1)
  Clock Uncertainty:      0.025ns  ((TSJ^2 + TIJ^2)^1/2 + DJ) / 2 + PE
    Total System Jitter     (TSJ):    0.050ns
    Total Input Jitter      (TIJ):    0.000ns
    Discrete Jitter          (DJ):    0.000ns
    Phase Error              (PE):    0.000ns

    Location             Delay type                Incr(ns)  Path(ns)    Netlist Resource(s)
  -------------------------------------------------------------------    -------------------
                         (clock sys_clk rise edge)    0.000     0.000 r  
    N15                                               0.000     0.000 r  clk (IN)
                         net (fo=0)                   0.000     0.000    clk
    N15                  IBUF (Prop_ibuf_I_O)         0.177     0.177 r  clk_IBUF_inst/O
                         net (fo=1, routed)           0.640     0.817    clk_IBUF
    BUFGCTRL_X0Y0        BUFG (Prop_bufg_I_O)         0.026     0.843 r  clk_IBUF_BUFG_inst/O
                         net (fo=42, routed)          0.600     1.442    clk_IBUF_BUFG
    SLICE_X3Y61          FDCE                                         r  sin_reg[0]/C
  -------------------------------------------------------------------    -------------------
    SLICE_X3Y61          FDCE (Prop_fdce_C_Q)         0.141     1.583 r  sin_reg[0]/Q
                         net (fo=1, routed)           0.380     1.963    sin_OBUF[0]
    V12                  OBUF (Prop_obuf_I_O)         1.180     3.143 r  sin_OBUF[0]_inst/O
                         net (fo=0)                   0.000     3.143    sin[0]
    V12                                                               r  sin[0] (OUT)
  -------------------------------------------------------------------    -------------------





--------------------------------------------------------------------------------------
Path Group:  (none)
From Clock:  
  To Clock:  sys_clk

Max Delay            49 Endpoints
Min Delay            49 Endpoints
--------------------------------------------------------------------------------------


Max Delay Paths
--------------------------------------------------------------------------------------
Slack:                    inf
  Source:                 x[2]
                            (input port)
  Destination:            x_sq_reg_reg[7]/D
                            (rising edge-triggered cell FDCE clocked by sys_clk  {rise@0.000ns fall@5.000ns period=10.000ns})
  Path Group:             (none)
  Path Type:              Setup (Max at Slow Process Corner)
  Data Path Delay:        6.131ns  (logic 2.890ns (47.134%)  route 3.241ns (52.866%))
  Logic Levels:           7  (CARRY4=4 IBUF=1 LUT2=1 LUT3=1)
  Clock Path Skew:        4.416ns (DCD - SCD + CPR)
    Destination Clock Delay (DCD):    4.416ns
    Source Clock Delay      (SCD):    0.000ns
    Clock Pessimism Removal (CPR):    0.000ns
  Clock Uncertainty:      0.025ns  ((TSJ^2 + TIJ^2)^1/2 + DJ) / 2 + PE
    Total System Jitter     (TSJ):    0.050ns
    Total Input Jitter      (TIJ):    0.000ns
    Discrete Jitter          (DJ):    0.000ns
    Phase Error              (PE):    0.000ns

    Location             Delay type                Incr(ns)  Path(ns)    Netlist Resource(s)
  -------------------------------------------------------------------    -------------------
    T9                                                0.000     0.000 r  x[2] (IN)
                         net (fo=0)                   0.000     0.000    x[2]
    T9                   IBUF (Prop_ibuf_I_O)         1.005     1.005 r  x_IBUF[2]_inst/O
                         net (fo=13, routed)          1.761     2.765    x_IBUF[2]
    SLICE_X6Y54          LUT3 (Prop_lut3_I1_O)        0.150     2.915 r  x_sq_reg[2]_i_2/O
                         net (fo=1, routed)           0.807     3.722    x_sq_reg[2]_i_2_n_0
    SLICE_X6Y56          CARRY4 (Prop_carry4_DI[3]_CO[3])
                                                      0.600     4.322 r  x_sq_reg_reg[2]_i_1/CO[3]
                         net (fo=1, routed)           0.000     4.322    x_sq_reg_reg[2]_i_1_n_0
    SLICE_X6Y57          CARRY4 (Prop_carry4_CI_O[0])
                                                      0.219     4.541 r  x_sq_reg_reg[6]_i_3/O[0]
                         net (fo=2, routed)           0.673     5.215    x_sq_reg_reg[6]_i_3_n_7
    SLICE_X7Y57          LUT2 (Prop_lut2_I0_O)        0.295     5.510 r  x_sq_reg[6]_i_5/O
                         net (fo=1, routed)           0.000     5.510    x_sq_reg[6]_i_5_n_0
    SLICE_X7Y57          CARRY4 (Prop_carry4_S[2]_CO[3])
                                                      0.398     5.908 r  x_sq_reg_reg[6]_i_1/CO[3]
                         net (fo=1, routed)           0.000     5.908    x_sq_reg_reg[6]_i_1_n_0
    SLICE_X7Y58          CARRY4 (Prop_carry4_CI_O[0])
                                                      0.223     6.131 r  x_sq_reg_reg[7]_i_1/O[0]
                         net (fo=1, routed)           0.000     6.131    x_sq_reg0[7]
    SLICE_X7Y58          FDCE                                         r  x_sq_reg_reg[7]/D
  -------------------------------------------------------------------    -------------------

                         (clock sys_clk rise edge)    0.000     0.000 r  
    N15                                               0.000     0.000 r  clk (IN)
                         net (fo=0)                   0.000     0.000    clk
    N15                  IBUF (Prop_ibuf_I_O)         0.814     0.814 r  clk_IBUF_inst/O
                         net (fo=1, routed)           1.911     2.725    clk_IBUF
    BUFGCTRL_X0Y0        BUFG (Prop_bufg_I_O)         0.091     2.816 r  clk_IBUF_BUFG_inst/O
                         net (fo=42, routed)          1.599     4.416    clk_IBUF_BUFG
    SLICE_X7Y58          FDCE                                         r  x_sq_reg_reg[7]/C

Slack:                    inf
  Source:                 x[2]
                            (input port)
  Destination:            x_sq_reg_reg[6]/D
                            (rising edge-triggered cell FDCE clocked by sys_clk  {rise@0.000ns fall@5.000ns period=10.000ns})
  Path Group:             (none)
  Path Type:              Setup (Max at Slow Process Corner)
  Data Path Delay:        5.862ns  (logic 2.621ns (44.708%)  route 3.241ns (55.292%))
  Logic Levels:           6  (CARRY4=3 IBUF=1 LUT2=1 LUT3=1)
  Clock Path Skew:        4.416ns (DCD - SCD + CPR)
    Destination Clock Delay (DCD):    4.416ns
    Source Clock Delay      (SCD):    0.000ns
    Clock Pessimism Removal (CPR):    0.000ns
  Clock Uncertainty:      0.025ns  ((TSJ^2 + TIJ^2)^1/2 + DJ) / 2 + PE
    Total System Jitter     (TSJ):    0.050ns
    Total Input Jitter      (TIJ):    0.000ns
    Discrete Jitter          (DJ):    0.000ns
    Phase Error              (PE):    0.000ns

    Location             Delay type                Incr(ns)  Path(ns)    Netlist Resource(s)
  -------------------------------------------------------------------    -------------------
    T9                                                0.000     0.000 r  x[2] (IN)
                         net (fo=0)                   0.000     0.000    x[2]
    T9                   IBUF (Prop_ibuf_I_O)         1.005     1.005 r  x_IBUF[2]_inst/O
                         net (fo=13, routed)          1.761     2.765    x_IBUF[2]
    SLICE_X6Y54          LUT3 (Prop_lut3_I1_O)        0.150     2.915 r  x_sq_reg[2]_i_2/O
                         net (fo=1, routed)           0.807     3.722    x_sq_reg[2]_i_2_n_0
    SLICE_X6Y56          CARRY4 (Prop_carry4_DI[3]_CO[3])
                                                      0.600     4.322 r  x_sq_reg_reg[2]_i_1/CO[3]
                         net (fo=1, routed)           0.000     4.322    x_sq_reg_reg[2]_i_1_n_0
    SLICE_X6Y57          CARRY4 (Prop_carry4_CI_O[0])
                                                      0.219     4.541 r  x_sq_reg_reg[6]_i_3/O[0]
                         net (fo=2, routed)           0.673     5.215    x_sq_reg_reg[6]_i_3_n_7
    SLICE_X7Y57          LUT2 (Prop_lut2_I0_O)        0.295     5.510 r  x_sq_reg[6]_i_5/O
                         net (fo=1, routed)           0.000     5.510    x_sq_reg[6]_i_5_n_0
    SLICE_X7Y57          CARRY4 (Prop_carry4_S[2]_O[3])
                                                      0.352     5.862 r  x_sq_reg_reg[6]_i_1/O[3]
                         net (fo=1, routed)           0.000     5.862    x_sq_reg0[6]
    SLICE_X7Y57          FDCE                                         r  x_sq_reg_reg[6]/D
  -------------------------------------------------------------------    -------------------

                         (clock sys_clk rise edge)    0.000     0.000 r  
    N15                                               0.000     0.000 r  clk (IN)
                         net (fo=0)                   0.000     0.000    clk
    N15                  IBUF (Prop_ibuf_I_O)         0.814     0.814 r  clk_IBUF_inst/O
                         net (fo=1, routed)           1.911     2.725    clk_IBUF
    BUFGCTRL_X0Y0        BUFG (Prop_bufg_I_O)         0.091     2.816 r  clk_IBUF_BUFG_inst/O
                         net (fo=42, routed)          1.599     4.416    clk_IBUF_BUFG
    SLICE_X7Y57          FDCE                                         r  x_sq_reg_reg[6]/C

Slack:                    inf
  Source:                 x[2]
                            (input port)
  Destination:            x_sq_reg_reg[5]/D
                            (rising edge-triggered cell FDCE clocked by sys_clk  {rise@0.000ns fall@5.000ns period=10.000ns})
  Path Group:             (none)
  Path Type:              Setup (Max at Slow Process Corner)
  Data Path Delay:        5.758ns  (logic 2.517ns (43.709%)  route 3.241ns (56.291%))
  Logic Levels:           6  (CARRY4=3 IBUF=1 LUT2=1 LUT3=1)
  Clock Path Skew:        4.416ns (DCD - SCD + CPR)
    Destination Clock Delay (DCD):    4.416ns
    Source Clock Delay      (SCD):    0.000ns
    Clock Pessimism Removal (CPR):    0.000ns
  Clock Uncertainty:      0.025ns  ((TSJ^2 + TIJ^2)^1/2 + DJ) / 2 + PE
    Total System Jitter     (TSJ):    0.050ns
    Total Input Jitter      (TIJ):    0.000ns
    Discrete Jitter          (DJ):    0.000ns
    Phase Error              (PE):    0.000ns

    Location             Delay type                Incr(ns)  Path(ns)    Netlist Resource(s)
  -------------------------------------------------------------------    -------------------
    T9                                                0.000     0.000 r  x[2] (IN)
                         net (fo=0)                   0.000     0.000    x[2]
    T9                   IBUF (Prop_ibuf_I_O)         1.005     1.005 r  x_IBUF[2]_inst/O
                         net (fo=13, routed)          1.761     2.765    x_IBUF[2]
    SLICE_X6Y54          LUT3 (Prop_lut3_I1_O)        0.150     2.915 r  x_sq_reg[2]_i_2/O
                         net (fo=1, routed)           0.807     3.722    x_sq_reg[2]_i_2_n_0
    SLICE_X6Y56          CARRY4 (Prop_carry4_DI[3]_CO[3])
                                                      0.600     4.322 r  x_sq_reg_reg[2]_i_1/CO[3]
                         net (fo=1, routed)           0.000     4.322    x_sq_reg_reg[2]_i_1_n_0
    SLICE_X6Y57          CARRY4 (Prop_carry4_CI_O[0])
                                                      0.219     4.541 r  x_sq_reg_reg[6]_i_3/O[0]
                         net (fo=2, routed)           0.673     5.215    x_sq_reg_reg[6]_i_3_n_7
    SLICE_X7Y57          LUT2 (Prop_lut2_I0_O)        0.295     5.510 r  x_sq_reg[6]_i_5/O
                         net (fo=1, routed)           0.000     5.510    x_sq_reg[6]_i_5_n_0
    SLICE_X7Y57          CARRY4 (Prop_carry4_S[2]_O[2])
                                                      0.248     5.758 r  x_sq_reg_reg[6]_i_1/O[2]
                         net (fo=1, routed)           0.000     5.758    x_sq_reg0[5]
    SLICE_X7Y57          FDCE                                         r  x_sq_reg_reg[5]/D
  -------------------------------------------------------------------    -------------------

                         (clock sys_clk rise edge)    0.000     0.000 r  
    N15                                               0.000     0.000 r  clk (IN)
                         net (fo=0)                   0.000     0.000    clk
    N15                  IBUF (Prop_ibuf_I_O)         0.814     0.814 r  clk_IBUF_inst/O
                         net (fo=1, routed)           1.911     2.725    clk_IBUF
    BUFGCTRL_X0Y0        BUFG (Prop_bufg_I_O)         0.091     2.816 r  clk_IBUF_BUFG_inst/O
                         net (fo=42, routed)          1.599     4.416    clk_IBUF_BUFG
    SLICE_X7Y57          FDCE                                         r  x_sq_reg_reg[5]/C

Slack:                    inf
  Source:                 x[1]
                            (input port)
  Destination:            x_sq_reg_reg[4]/D
                            (rising edge-triggered cell FDCE clocked by sys_clk  {rise@0.000ns fall@5.000ns period=10.000ns})
  Path Group:             (none)
  Path Type:              Setup (Max at Slow Process Corner)
  Data Path Delay:        5.124ns  (logic 2.434ns (47.505%)  route 2.690ns (52.495%))
  Logic Levels:           5  (CARRY4=2 IBUF=1 LUT2=2)
  Clock Path Skew:        4.416ns (DCD - SCD + CPR)
    Destination Clock Delay (DCD):    4.416ns
    Source Clock Delay      (SCD):    0.000ns
    Clock Pessimism Removal (CPR):    0.000ns
  Clock Uncertainty:      0.025ns  ((TSJ^2 + TIJ^2)^1/2 + DJ) / 2 + PE
    Total System Jitter     (TSJ):    0.050ns
    Total Input Jitter      (TIJ):    0.000ns
    Discrete Jitter          (DJ):    0.000ns
    Phase Error              (PE):    0.000ns

    Location             Delay type                Incr(ns)  Path(ns)    Netlist Resource(s)
  -------------------------------------------------------------------    -------------------
    T10                                               0.000     0.000 r  x[1] (IN)
                         net (fo=0)                   0.000     0.000    x[1]
    T10                  IBUF (Prop_ibuf_I_O)         1.007     1.007 r  x_IBUF[1]_inst/O
                         net (fo=16, routed)          1.773     2.781    x_IBUF[1]
    SLICE_X6Y56          LUT2 (Prop_lut2_I0_O)        0.124     2.905 r  x_sq_reg[2]_i_6/O
                         net (fo=1, routed)           0.000     2.905    x_sq_reg[2]_i_6_n_0
    SLICE_X6Y56          CARRY4 (Prop_carry4_S[1]_O[2])
                                                      0.578     3.483 r  x_sq_reg_reg[2]_i_1/O[2]
                         net (fo=2, routed)           0.916     4.399    x_sq_reg_reg[2]_i_1_n_5
    SLICE_X7Y57          LUT2 (Prop_lut2_I0_O)        0.301     4.700 r  x_sq_reg[6]_i_7/O
                         net (fo=1, routed)           0.000     4.700    x_sq_reg[6]_i_7_n_0
    SLICE_X7Y57          CARRY4 (Prop_carry4_S[0]_O[1])
                                                      0.424     5.124 r  x_sq_reg_reg[6]_i_1/O[1]
                         net (fo=1, routed)           0.000     5.124    x_sq_reg0[4]
    SLICE_X7Y57          FDCE                                         r  x_sq_reg_reg[4]/D
  -------------------------------------------------------------------    -------------------

                         (clock sys_clk rise edge)    0.000     0.000 r  
    N15                                               0.000     0.000 r  clk (IN)
                         net (fo=0)                   0.000     0.000    clk
    N15                  IBUF (Prop_ibuf_I_O)         0.814     0.814 r  clk_IBUF_inst/O
                         net (fo=1, routed)           1.911     2.725    clk_IBUF
    BUFGCTRL_X0Y0        BUFG (Prop_bufg_I_O)         0.091     2.816 r  clk_IBUF_BUFG_inst/O
                         net (fo=42, routed)          1.599     4.416    clk_IBUF_BUFG
    SLICE_X7Y57          FDCE                                         r  x_sq_reg_reg[4]/C

Slack:                    inf
  Source:                 x[1]
                            (input port)
  Destination:            x_sq_reg_reg[3]/D
                            (rising edge-triggered cell FDCE clocked by sys_clk  {rise@0.000ns fall@5.000ns period=10.000ns})
  Path Group:             (none)
  Path Type:              Setup (Max at Slow Process Corner)
  Data Path Delay:        4.947ns  (logic 2.257ns (45.627%)  route 2.690ns (54.373%))
  Logic Levels:           5  (CARRY4=2 IBUF=1 LUT2=2)
  Clock Path Skew:        4.416ns (DCD - SCD + CPR)
    Destination Clock Delay (DCD):    4.416ns
    Source Clock Delay      (SCD):    0.000ns
    Clock Pessimism Removal (CPR):    0.000ns
  Clock Uncertainty:      0.025ns  ((TSJ^2 + TIJ^2)^1/2 + DJ) / 2 + PE
    Total System Jitter     (TSJ):    0.050ns
    Total Input Jitter      (TIJ):    0.000ns
    Discrete Jitter          (DJ):    0.000ns
    Phase Error              (PE):    0.000ns

    Location             Delay type                Incr(ns)  Path(ns)    Netlist Resource(s)
  -------------------------------------------------------------------    -------------------
    T10                                               0.000     0.000 r  x[1] (IN)
                         net (fo=0)                   0.000     0.000    x[1]
    T10                  IBUF (Prop_ibuf_I_O)         1.007     1.007 r  x_IBUF[1]_inst/O
                         net (fo=16, routed)          1.773     2.781    x_IBUF[1]
    SLICE_X6Y56          LUT2 (Prop_lut2_I0_O)        0.124     2.905 r  x_sq_reg[2]_i_6/O
                         net (fo=1, routed)           0.000     2.905    x_sq_reg[2]_i_6_n_0
    SLICE_X6Y56          CARRY4 (Prop_carry4_S[1]_O[2])
                                                      0.578     3.483 r  x_sq_reg_reg[2]_i_1/O[2]
                         net (fo=2, routed)           0.916     4.399    x_sq_reg_reg[2]_i_1_n_5
    SLICE_X7Y57          LUT2 (Prop_lut2_I0_O)        0.301     4.700 r  x_sq_reg[6]_i_7/O
                         net (fo=1, routed)           0.000     4.700    x_sq_reg[6]_i_7_n_0
    SLICE_X7Y57          CARRY4 (Prop_carry4_S[0]_O[0])
                                                      0.247     4.947 r  x_sq_reg_reg[6]_i_1/O[0]
                         net (fo=1, routed)           0.000     4.947    x_sq_reg0[3]
    SLICE_X7Y57          FDCE                                         r  x_sq_reg_reg[3]/D
  -------------------------------------------------------------------    -------------------

                         (clock sys_clk rise edge)    0.000     0.000 r  
    N15                                               0.000     0.000 r  clk (IN)
                         net (fo=0)                   0.000     0.000    clk
    N15                  IBUF (Prop_ibuf_I_O)         0.814     0.814 r  clk_IBUF_inst/O
                         net (fo=1, routed)           1.911     2.725    clk_IBUF
    BUFGCTRL_X0Y0        BUFG (Prop_bufg_I_O)         0.091     2.816 r  clk_IBUF_BUFG_inst/O
                         net (fo=42, routed)          1.599     4.416    clk_IBUF_BUFG
    SLICE_X7Y57          FDCE                                         r  x_sq_reg_reg[3]/C

Slack:                    inf
  Source:                 x[1]
                            (input port)
  Destination:            x_sq_reg_reg[2]/D
                            (rising edge-triggered cell FDCE clocked by sys_clk  {rise@0.000ns fall@5.000ns period=10.000ns})
  Path Group:             (none)
  Path Type:              Setup (Max at Slow Process Corner)
  Data Path Delay:        4.174ns  (logic 1.361ns (32.611%)  route 2.813ns (67.389%))
  Logic Levels:           3  (CARRY4=1 IBUF=1 LUT2=1)
  Clock Path Skew:        4.337ns (DCD - SCD + CPR)
    Destination Clock Delay (DCD):    4.337ns
    Source Clock Delay      (SCD):    0.000ns
    Clock Pessimism Removal (CPR):    0.000ns
  Clock Uncertainty:      0.025ns  ((TSJ^2 + TIJ^2)^1/2 + DJ) / 2 + PE
    Total System Jitter     (TSJ):    0.050ns
    Total Input Jitter      (TIJ):    0.000ns
    Discrete Jitter          (DJ):    0.000ns
    Phase Error              (PE):    0.000ns

    Location             Delay type                Incr(ns)  Path(ns)    Netlist Resource(s)
  -------------------------------------------------------------------    -------------------
    T10                                               0.000     0.000 r  x[1] (IN)
                         net (fo=0)                   0.000     0.000    x[1]
    T10                  IBUF (Prop_ibuf_I_O)         1.007     1.007 r  x_IBUF[1]_inst/O
                         net (fo=16, routed)          1.773     2.781    x_IBUF[1]
    SLICE_X6Y56          LUT2 (Prop_lut2_I0_O)        0.124     2.905 r  x_sq_reg[2]_i_6/O
                         net (fo=1, routed)           0.000     2.905    x_sq_reg[2]_i_6_n_0
    SLICE_X6Y56          CARRY4 (Prop_carry4_S[1]_O[1])
                                                      0.230     3.135 r  x_sq_reg_reg[2]_i_1/O[1]
                         net (fo=1, routed)           1.039     4.174    x_sq_reg0[2]
    SLICE_X9Y57          FDCE                                         r  x_sq_reg_reg[2]/D
  -------------------------------------------------------------------    -------------------

                         (clock sys_clk rise edge)    0.000     0.000 r  
    N15                                               0.000     0.000 r  clk (IN)
                         net (fo=0)                   0.000     0.000    clk
    N15                  IBUF (Prop_ibuf_I_O)         0.814     0.814 r  clk_IBUF_inst/O
                         net (fo=1, routed)           1.911     2.725    clk_IBUF
    BUFGCTRL_X0Y0        BUFG (Prop_bufg_I_O)         0.091     2.816 r  clk_IBUF_BUFG_inst/O
                         net (fo=42, routed)          1.520     4.337    clk_IBUF_BUFG
    SLICE_X9Y57          FDCE                                         r  x_sq_reg_reg[2]/C

Slack:                    inf
  Source:                 rst
                            (input port)
  Destination:            sin_reg[4]/CLR
                            (recovery check against rising-edge clock sys_clk  {rise@0.000ns fall@5.000ns period=10.000ns})
  Path Group:             (none)
  Path Type:              Recovery (Max at Slow Process Corner)
  Data Path Delay:        3.561ns  (logic 1.009ns (28.342%)  route 2.551ns (71.658%))
  Logic Levels:           1  (IBUF=1)
  Clock Path Skew:        4.415ns (DCD - SCD + CPR)
    Destination Clock Delay (DCD):    4.415ns
    Source Clock Delay      (SCD):    0.000ns
    Clock Pessimism Removal (CPR):    0.000ns
  Clock Uncertainty:      0.025ns  ((TSJ^2 + TIJ^2)^1/2 + DJ) / 2 + PE
    Total System Jitter     (TSJ):    0.050ns
    Total Input Jitter      (TIJ):    0.000ns
    Discrete Jitter          (DJ):    0.000ns
    Phase Error              (PE):    0.000ns

    Location             Delay type                Incr(ns)  Path(ns)    Netlist Resource(s)
  -------------------------------------------------------------------    -------------------
    V10                                               0.000     0.000 f  rst (IN)
                         net (fo=0)                   0.000     0.000    rst
    V10                  IBUF (Prop_ibuf_I_O)         1.009     1.009 f  rst_IBUF_inst/O
                         net (fo=42, routed)          2.551     3.561    rst_IBUF
    SLICE_X3Y62          FDCE                                         f  sin_reg[4]/CLR
  -------------------------------------------------------------------    -------------------

                         (clock sys_clk rise edge)    0.000     0.000 r  
    N15                                               0.000     0.000 r  clk (IN)
                         net (fo=0)                   0.000     0.000    clk
    N15                  IBUF (Prop_ibuf_I_O)         0.814     0.814 r  clk_IBUF_inst/O
                         net (fo=1, routed)           1.911     2.725    clk_IBUF
    BUFGCTRL_X0Y0        BUFG (Prop_bufg_I_O)         0.091     2.816 r  clk_IBUF_BUFG_inst/O
                         net (fo=42, routed)          1.598     4.415    clk_IBUF_BUFG
    SLICE_X3Y62          FDCE                                         r  sin_reg[4]/C

Slack:                    inf
  Source:                 rst
                            (input port)
  Destination:            sin_reg[5]/CLR
                            (recovery check against rising-edge clock sys_clk  {rise@0.000ns fall@5.000ns period=10.000ns})
  Path Group:             (none)
  Path Type:              Recovery (Max at Slow Process Corner)
  Data Path Delay:        3.561ns  (logic 1.009ns (28.342%)  route 2.551ns (71.658%))
  Logic Levels:           1  (IBUF=1)
  Clock Path Skew:        4.415ns (DCD - SCD + CPR)
    Destination Clock Delay (DCD):    4.415ns
    Source Clock Delay      (SCD):    0.000ns
    Clock Pessimism Removal (CPR):    0.000ns
  Clock Uncertainty:      0.025ns  ((TSJ^2 + TIJ^2)^1/2 + DJ) / 2 + PE
    Total System Jitter     (TSJ):    0.050ns
    Total Input Jitter      (TIJ):    0.000ns
    Discrete Jitter          (DJ):    0.000ns
    Phase Error              (PE):    0.000ns

    Location             Delay type                Incr(ns)  Path(ns)    Netlist Resource(s)
  -------------------------------------------------------------------    -------------------
    V10                                               0.000     0.000 f  rst (IN)
                         net (fo=0)                   0.000     0.000    rst
    V10                  IBUF (Prop_ibuf_I_O)         1.009     1.009 f  rst_IBUF_inst/O
                         net (fo=42, routed)          2.551     3.561    rst_IBUF
    SLICE_X3Y62          FDCE                                         f  sin_reg[5]/CLR
  -------------------------------------------------------------------    -------------------

                         (clock sys_clk rise edge)    0.000     0.000 r  
    N15                                               0.000     0.000 r  clk (IN)
                         net (fo=0)                   0.000     0.000    clk
    N15                  IBUF (Prop_ibuf_I_O)         0.814     0.814 r  clk_IBUF_inst/O
                         net (fo=1, routed)           1.911     2.725    clk_IBUF
    BUFGCTRL_X0Y0        BUFG (Prop_bufg_I_O)         0.091     2.816 r  clk_IBUF_BUFG_inst/O
                         net (fo=42, routed)          1.598     4.415    clk_IBUF_BUFG
    SLICE_X3Y62          FDCE                                         r  sin_reg[5]/C

Slack:                    inf
  Source:                 rst
                            (input port)
  Destination:            sin_reg[6]/CLR
                            (recovery check against rising-edge clock sys_clk  {rise@0.000ns fall@5.000ns period=10.000ns})
  Path Group:             (none)
  Path Type:              Recovery (Max at Slow Process Corner)
  Data Path Delay:        3.561ns  (logic 1.009ns (28.342%)  route 2.551ns (71.658%))
  Logic Levels:           1  (IBUF=1)
  Clock Path Skew:        4.415ns (DCD - SCD + CPR)
    Destination Clock Delay (DCD):    4.415ns
    Source Clock Delay      (SCD):    0.000ns
    Clock Pessimism Removal (CPR):    0.000ns
  Clock Uncertainty:      0.025ns  ((TSJ^2 + TIJ^2)^1/2 + DJ) / 2 + PE
    Total System Jitter     (TSJ):    0.050ns
    Total Input Jitter      (TIJ):    0.000ns
    Discrete Jitter          (DJ):    0.000ns
    Phase Error              (PE):    0.000ns

    Location             Delay type                Incr(ns)  Path(ns)    Netlist Resource(s)
  -------------------------------------------------------------------    -------------------
    V10                                               0.000     0.000 f  rst (IN)
                         net (fo=0)                   0.000     0.000    rst
    V10                  IBUF (Prop_ibuf_I_O)         1.009     1.009 f  rst_IBUF_inst/O
                         net (fo=42, routed)          2.551     3.561    rst_IBUF
    SLICE_X3Y62          FDCE                                         f  sin_reg[6]/CLR
  -------------------------------------------------------------------    -------------------

                         (clock sys_clk rise edge)    0.000     0.000 r  
    N15                                               0.000     0.000 r  clk (IN)
                         net (fo=0)                   0.000     0.000    clk
    N15                  IBUF (Prop_ibuf_I_O)         0.814     0.814 r  clk_IBUF_inst/O
                         net (fo=1, routed)           1.911     2.725    clk_IBUF
    BUFGCTRL_X0Y0        BUFG (Prop_bufg_I_O)         0.091     2.816 r  clk_IBUF_BUFG_inst/O
                         net (fo=42, routed)          1.598     4.415    clk_IBUF_BUFG
    SLICE_X3Y62          FDCE                                         r  sin_reg[6]/C

Slack:                    inf
  Source:                 rst
                            (input port)
  Destination:            sin_reg[7]/CLR
                            (recovery check against rising-edge clock sys_clk  {rise@0.000ns fall@5.000ns period=10.000ns})
  Path Group:             (none)
  Path Type:              Recovery (Max at Slow Process Corner)
  Data Path Delay:        3.561ns  (logic 1.009ns (28.342%)  route 2.551ns (71.658%))
  Logic Levels:           1  (IBUF=1)
  Clock Path Skew:        4.415ns (DCD - SCD + CPR)
    Destination Clock Delay (DCD):    4.415ns
    Source Clock Delay      (SCD):    0.000ns
    Clock Pessimism Removal (CPR):    0.000ns
  Clock Uncertainty:      0.025ns  ((TSJ^2 + TIJ^2)^1/2 + DJ) / 2 + PE
    Total System Jitter     (TSJ):    0.050ns
    Total Input Jitter      (TIJ):    0.000ns
    Discrete Jitter          (DJ):    0.000ns
    Phase Error              (PE):    0.000ns

    Location             Delay type                Incr(ns)  Path(ns)    Netlist Resource(s)
  -------------------------------------------------------------------    -------------------
    V10                                               0.000     0.000 f  rst (IN)
                         net (fo=0)                   0.000     0.000    rst
    V10                  IBUF (Prop_ibuf_I_O)         1.009     1.009 f  rst_IBUF_inst/O
                         net (fo=42, routed)          2.551     3.561    rst_IBUF
    SLICE_X3Y62          FDCE                                         f  sin_reg[7]/CLR
  -------------------------------------------------------------------    -------------------

                         (clock sys_clk rise edge)    0.000     0.000 r  
    N15                                               0.000     0.000 r  clk (IN)
                         net (fo=0)                   0.000     0.000    clk
    N15                  IBUF (Prop_ibuf_I_O)         0.814     0.814 r  clk_IBUF_inst/O
                         net (fo=1, routed)           1.911     2.725    clk_IBUF
    BUFGCTRL_X0Y0        BUFG (Prop_bufg_I_O)         0.091     2.816 r  clk_IBUF_BUFG_inst/O
                         net (fo=42, routed)          1.598     4.415    clk_IBUF_BUFG
    SLICE_X3Y62          FDCE                                         r  sin_reg[7]/C





Min Delay Paths
--------------------------------------------------------------------------------------
Slack:                    inf
  Source:                 rst
                            (input port)
  Destination:            x_sq_reg_pt1_reg[3]/CLR
                            (removal check against rising-edge clock sys_clk  {rise@0.000ns fall@5.000ns period=10.000ns})
  Path Group:             (none)
  Path Type:              Removal (Min at Fast Process Corner)
  Data Path Delay:        0.651ns  (logic 0.238ns (36.463%)  route 0.414ns (63.537%))
  Logic Levels:           1  (IBUF=1)
  Clock Path Skew:        1.963ns (DCD - SCD - CPR)
    Destination Clock Delay (DCD):    1.963ns
    Source Clock Delay      (SCD):    0.000ns
    Clock Pessimism Removal (CPR):    -0.000ns

    Location             Delay type                Incr(ns)  Path(ns)    Netlist Resource(s)
  -------------------------------------------------------------------    -------------------
    V10                                               0.000     0.000 f  rst (IN)
                         net (fo=0)                   0.000     0.000    rst
    V10                  IBUF (Prop_ibuf_I_O)         0.238     0.238 f  rst_IBUF_inst/O
                         net (fo=42, routed)          0.414     0.651    rst_IBUF
    SLICE_X3Y57          FDCE                                         f  x_sq_reg_pt1_reg[3]/CLR
  -------------------------------------------------------------------    -------------------

                         (clock sys_clk rise edge)    0.000     0.000 r  
    N15                                               0.000     0.000 r  clk (IN)
                         net (fo=0)                   0.000     0.000    clk
    N15                  IBUF (Prop_ibuf_I_O)         0.365     0.365 r  clk_IBUF_inst/O
                         net (fo=1, routed)           0.695     1.060    clk_IBUF
    BUFGCTRL_X0Y0        BUFG (Prop_bufg_I_O)         0.029     1.089 r  clk_IBUF_BUFG_inst/O
                         net (fo=42, routed)          0.874     1.963    clk_IBUF_BUFG
    SLICE_X3Y57          FDCE                                         r  x_sq_reg_pt1_reg[3]/C

Slack:                    inf
  Source:                 rst
                            (input port)
  Destination:            sin_pt1_reg[7]/CLR
                            (removal check against rising-edge clock sys_clk  {rise@0.000ns fall@5.000ns period=10.000ns})
  Path Group:             (none)
  Path Type:              Removal (Min at Fast Process Corner)
  Data Path Delay:        0.705ns  (logic 0.238ns (33.678%)  route 0.468ns (66.322%))
  Logic Levels:           1  (IBUF=1)
  Clock Path Skew:        1.964ns (DCD - SCD - CPR)
    Destination Clock Delay (DCD):    1.964ns
    Source Clock Delay      (SCD):    0.000ns
    Clock Pessimism Removal (CPR):    -0.000ns

    Location             Delay type                Incr(ns)  Path(ns)    Netlist Resource(s)
  -------------------------------------------------------------------    -------------------
    V10                                               0.000     0.000 f  rst (IN)
                         net (fo=0)                   0.000     0.000    rst
    V10                  IBUF (Prop_ibuf_I_O)         0.238     0.238 f  rst_IBUF_inst/O
                         net (fo=42, routed)          0.468     0.705    rst_IBUF
    SLICE_X3Y56          FDCE                                         f  sin_pt1_reg[7]/CLR
  -------------------------------------------------------------------    -------------------

                         (clock sys_clk rise edge)    0.000     0.000 r  
    N15                                               0.000     0.000 r  clk (IN)
                         net (fo=0)                   0.000     0.000    clk
    N15                  IBUF (Prop_ibuf_I_O)         0.365     0.365 r  clk_IBUF_inst/O
                         net (fo=1, routed)           0.695     1.060    clk_IBUF
    BUFGCTRL_X0Y0        BUFG (Prop_bufg_I_O)         0.029     1.089 r  clk_IBUF_BUFG_inst/O
                         net (fo=42, routed)          0.875     1.964    clk_IBUF_BUFG
    SLICE_X3Y56          FDCE                                         r  sin_pt1_reg[7]/C

Slack:                    inf
  Source:                 rst
                            (input port)
  Destination:            x_sq_reg_pt1_reg[6]/CLR
                            (removal check against rising-edge clock sys_clk  {rise@0.000ns fall@5.000ns period=10.000ns})
  Path Group:             (none)
  Path Type:              Removal (Min at Fast Process Corner)
  Data Path Delay:        0.715ns  (logic 0.238ns (33.234%)  route 0.477ns (66.766%))
  Logic Levels:           1  (IBUF=1)
  Clock Path Skew:        1.963ns (DCD - SCD - CPR)
    Destination Clock Delay (DCD):    1.963ns
    Source Clock Delay      (SCD):    0.000ns
    Clock Pessimism Removal (CPR):    -0.000ns

    Location             Delay type                Incr(ns)  Path(ns)    Netlist Resource(s)
  -------------------------------------------------------------------    -------------------
    V10                                               0.000     0.000 f  rst (IN)
                         net (fo=0)                   0.000     0.000    rst
    V10                  IBUF (Prop_ibuf_I_O)         0.238     0.238 f  rst_IBUF_inst/O
                         net (fo=42, routed)          0.477     0.715    rst_IBUF
    SLICE_X3Y58          FDCE                                         f  x_sq_reg_pt1_reg[6]/CLR
  -------------------------------------------------------------------    -------------------

                         (clock sys_clk rise edge)    0.000     0.000 r  
    N15                                               0.000     0.000 r  clk (IN)
                         net (fo=0)                   0.000     0.000    clk
    N15                  IBUF (Prop_ibuf_I_O)         0.365     0.365 r  clk_IBUF_inst/O
                         net (fo=1, routed)           0.695     1.060    clk_IBUF
    BUFGCTRL_X0Y0        BUFG (Prop_bufg_I_O)         0.029     1.089 r  clk_IBUF_BUFG_inst/O
                         net (fo=42, routed)          0.874     1.963    clk_IBUF_BUFG
    SLICE_X3Y58          FDCE                                         r  x_sq_reg_pt1_reg[6]/C

Slack:                    inf
  Source:                 rst
                            (input port)
  Destination:            sin_pt1_reg[2]/CLR
                            (removal check against rising-edge clock sys_clk  {rise@0.000ns fall@5.000ns period=10.000ns})
  Path Group:             (none)
  Path Type:              Removal (Min at Fast Process Corner)
  Data Path Delay:        0.776ns  (logic 0.238ns (30.589%)  route 0.539ns (69.411%))
  Logic Levels:           1  (IBUF=1)
  Clock Path Skew:        1.964ns (DCD - SCD - CPR)
    Destination Clock Delay (DCD):    1.964ns
    Source Clock Delay      (SCD):    0.000ns
    Clock Pessimism Removal (CPR):    -0.000ns

    Location             Delay type                Incr(ns)  Path(ns)    Netlist Resource(s)
  -------------------------------------------------------------------    -------------------
    V10                                               0.000     0.000 f  rst (IN)
                         net (fo=0)                   0.000     0.000    rst
    V10                  IBUF (Prop_ibuf_I_O)         0.238     0.238 f  rst_IBUF_inst/O
                         net (fo=42, routed)          0.539     0.776    rst_IBUF
    SLICE_X2Y55          FDCE                                         f  sin_pt1_reg[2]/CLR
  -------------------------------------------------------------------    -------------------

                         (clock sys_clk rise edge)    0.000     0.000 r  
    N15                                               0.000     0.000 r  clk (IN)
                         net (fo=0)                   0.000     0.000    clk
    N15                  IBUF (Prop_ibuf_I_O)         0.365     0.365 r  clk_IBUF_inst/O
                         net (fo=1, routed)           0.695     1.060    clk_IBUF
    BUFGCTRL_X0Y0        BUFG (Prop_bufg_I_O)         0.029     1.089 r  clk_IBUF_BUFG_inst/O
                         net (fo=42, routed)          0.875     1.964    clk_IBUF_BUFG
    SLICE_X2Y55          FDCE                                         r  sin_pt1_reg[2]/C

Slack:                    inf
  Source:                 rst
                            (input port)
  Destination:            sin_pt1_reg[3]/CLR
                            (removal check against rising-edge clock sys_clk  {rise@0.000ns fall@5.000ns period=10.000ns})
  Path Group:             (none)
  Path Type:              Removal (Min at Fast Process Corner)
  Data Path Delay:        0.776ns  (logic 0.238ns (30.589%)  route 0.539ns (69.411%))
  Logic Levels:           1  (IBUF=1)
  Clock Path Skew:        1.964ns (DCD - SCD - CPR)
    Destination Clock Delay (DCD):    1.964ns
    Source Clock Delay      (SCD):    0.000ns
    Clock Pessimism Removal (CPR):    -0.000ns

    Location             Delay type                Incr(ns)  Path(ns)    Netlist Resource(s)
  -------------------------------------------------------------------    -------------------
    V10                                               0.000     0.000 f  rst (IN)
                         net (fo=0)                   0.000     0.000    rst
    V10                  IBUF (Prop_ibuf_I_O)         0.238     0.238 f  rst_IBUF_inst/O
                         net (fo=42, routed)          0.539     0.776    rst_IBUF
    SLICE_X3Y55          FDCE                                         f  sin_pt1_reg[3]/CLR
  -------------------------------------------------------------------    -------------------

                         (clock sys_clk rise edge)    0.000     0.000 r  
    N15                                               0.000     0.000 r  clk (IN)
                         net (fo=0)                   0.000     0.000    clk
    N15                  IBUF (Prop_ibuf_I_O)         0.365     0.365 r  clk_IBUF_inst/O
                         net (fo=1, routed)           0.695     1.060    clk_IBUF
    BUFGCTRL_X0Y0        BUFG (Prop_bufg_I_O)         0.029     1.089 r  clk_IBUF_BUFG_inst/O
                         net (fo=42, routed)          0.875     1.964    clk_IBUF_BUFG
    SLICE_X3Y55          FDCE                                         r  sin_pt1_reg[3]/C

Slack:                    inf
  Source:                 rst
                            (input port)
  Destination:            sin_pt1_reg[4]/CLR
                            (removal check against rising-edge clock sys_clk  {rise@0.000ns fall@5.000ns period=10.000ns})
  Path Group:             (none)
  Path Type:              Removal (Min at Fast Process Corner)
  Data Path Delay:        0.776ns  (logic 0.238ns (30.589%)  route 0.539ns (69.411%))
  Logic Levels:           1  (IBUF=1)
  Clock Path Skew:        1.964ns (DCD - SCD - CPR)
    Destination Clock Delay (DCD):    1.964ns
    Source Clock Delay      (SCD):    0.000ns
    Clock Pessimism Removal (CPR):    -0.000ns

    Location             Delay type                Incr(ns)  Path(ns)    Netlist Resource(s)
  -------------------------------------------------------------------    -------------------
    V10                                               0.000     0.000 f  rst (IN)
                         net (fo=0)                   0.000     0.000    rst
    V10                  IBUF (Prop_ibuf_I_O)         0.238     0.238 f  rst_IBUF_inst/O
                         net (fo=42, routed)          0.539     0.776    rst_IBUF
    SLICE_X3Y55          FDCE                                         f  sin_pt1_reg[4]/CLR
  -------------------------------------------------------------------    -------------------

                         (clock sys_clk rise edge)    0.000     0.000 r  
    N15                                               0.000     0.000 r  clk (IN)
                         net (fo=0)                   0.000     0.000    clk
    N15                  IBUF (Prop_ibuf_I_O)         0.365     0.365 r  clk_IBUF_inst/O
                         net (fo=1, routed)           0.695     1.060    clk_IBUF
    BUFGCTRL_X0Y0        BUFG (Prop_bufg_I_O)         0.029     1.089 r  clk_IBUF_BUFG_inst/O
                         net (fo=42, routed)          0.875     1.964    clk_IBUF_BUFG
    SLICE_X3Y55          FDCE                                         r  sin_pt1_reg[4]/C

Slack:                    inf
  Source:                 rst
                            (input port)
  Destination:            sin_pt1_reg[5]/CLR
                            (removal check against rising-edge clock sys_clk  {rise@0.000ns fall@5.000ns period=10.000ns})
  Path Group:             (none)
  Path Type:              Removal (Min at Fast Process Corner)
  Data Path Delay:        0.776ns  (logic 0.238ns (30.589%)  route 0.539ns (69.411%))
  Logic Levels:           1  (IBUF=1)
  Clock Path Skew:        1.964ns (DCD - SCD - CPR)
    Destination Clock Delay (DCD):    1.964ns
    Source Clock Delay      (SCD):    0.000ns
    Clock Pessimism Removal (CPR):    -0.000ns

    Location             Delay type                Incr(ns)  Path(ns)    Netlist Resource(s)
  -------------------------------------------------------------------    -------------------
    V10                                               0.000     0.000 f  rst (IN)
                         net (fo=0)                   0.000     0.000    rst
    V10                  IBUF (Prop_ibuf_I_O)         0.238     0.238 f  rst_IBUF_inst/O
                         net (fo=42, routed)          0.539     0.776    rst_IBUF
    SLICE_X3Y55          FDCE                                         f  sin_pt1_reg[5]/CLR
  -------------------------------------------------------------------    -------------------

                         (clock sys_clk rise edge)    0.000     0.000 r  
    N15                                               0.000     0.000 r  clk (IN)
                         net (fo=0)                   0.000     0.000    clk
    N15                  IBUF (Prop_ibuf_I_O)         0.365     0.365 r  clk_IBUF_inst/O
                         net (fo=1, routed)           0.695     1.060    clk_IBUF
    BUFGCTRL_X0Y0        BUFG (Prop_bufg_I_O)         0.029     1.089 r  clk_IBUF_BUFG_inst/O
                         net (fo=42, routed)          0.875     1.964    clk_IBUF_BUFG
    SLICE_X3Y55          FDCE                                         r  sin_pt1_reg[5]/C

Slack:                    inf
  Source:                 rst
                            (input port)
  Destination:            sin_pt1_reg[6]/CLR
                            (removal check against rising-edge clock sys_clk  {rise@0.000ns fall@5.000ns period=10.000ns})
  Path Group:             (none)
  Path Type:              Removal (Min at Fast Process Corner)
  Data Path Delay:        0.776ns  (logic 0.238ns (30.589%)  route 0.539ns (69.411%))
  Logic Levels:           1  (IBUF=1)
  Clock Path Skew:        1.964ns (DCD - SCD - CPR)
    Destination Clock Delay (DCD):    1.964ns
    Source Clock Delay      (SCD):    0.000ns
    Clock Pessimism Removal (CPR):    -0.000ns

    Location             Delay type                Incr(ns)  Path(ns)    Netlist Resource(s)
  -------------------------------------------------------------------    -------------------
    V10                                               0.000     0.000 f  rst (IN)
                         net (fo=0)                   0.000     0.000    rst
    V10                  IBUF (Prop_ibuf_I_O)         0.238     0.238 f  rst_IBUF_inst/O
                         net (fo=42, routed)          0.539     0.776    rst_IBUF
    SLICE_X3Y55          FDCE                                         f  sin_pt1_reg[6]/CLR
  -------------------------------------------------------------------    -------------------

                         (clock sys_clk rise edge)    0.000     0.000 r  
    N15                                               0.000     0.000 r  clk (IN)
                         net (fo=0)                   0.000     0.000    clk
    N15                  IBUF (Prop_ibuf_I_O)         0.365     0.365 r  clk_IBUF_inst/O
                         net (fo=1, routed)           0.695     1.060    clk_IBUF
    BUFGCTRL_X0Y0        BUFG (Prop_bufg_I_O)         0.029     1.089 r  clk_IBUF_BUFG_inst/O
                         net (fo=42, routed)          0.875     1.964    clk_IBUF_BUFG
    SLICE_X3Y55          FDCE                                         r  sin_pt1_reg[6]/C

Slack:                    inf
  Source:                 rst
                            (input port)
  Destination:            x_sq_reg_pt1_reg[4]/CLR
                            (removal check against rising-edge clock sys_clk  {rise@0.000ns fall@5.000ns period=10.000ns})
  Path Group:             (none)
  Path Type:              Removal (Min at Fast Process Corner)
  Data Path Delay:        0.843ns  (logic 0.238ns (28.187%)  route 0.605ns (71.813%))
  Logic Levels:           1  (IBUF=1)
  Clock Path Skew:        1.960ns (DCD - SCD - CPR)
    Destination Clock Delay (DCD):    1.960ns
    Source Clock Delay      (SCD):    0.000ns
    Clock Pessimism Removal (CPR):    -0.000ns

    Location             Delay type                Incr(ns)  Path(ns)    Netlist Resource(s)
  -------------------------------------------------------------------    -------------------
    V10                                               0.000     0.000 f  rst (IN)
                         net (fo=0)                   0.000     0.000    rst
    V10                  IBUF (Prop_ibuf_I_O)         0.238     0.238 f  rst_IBUF_inst/O
                         net (fo=42, routed)          0.605     0.843    rst_IBUF
    SLICE_X6Y58          FDCE                                         f  x_sq_reg_pt1_reg[4]/CLR
  -------------------------------------------------------------------    -------------------

                         (clock sys_clk rise edge)    0.000     0.000 r  
    N15                                               0.000     0.000 r  clk (IN)
                         net (fo=0)                   0.000     0.000    clk
    N15                  IBUF (Prop_ibuf_I_O)         0.365     0.365 r  clk_IBUF_inst/O
                         net (fo=1, routed)           0.695     1.060    clk_IBUF
    BUFGCTRL_X0Y0        BUFG (Prop_bufg_I_O)         0.029     1.089 r  clk_IBUF_BUFG_inst/O
                         net (fo=42, routed)          0.871     1.960    clk_IBUF_BUFG
    SLICE_X6Y58          FDCE                                         r  x_sq_reg_pt1_reg[4]/C

Slack:                    inf
  Source:                 rst
                            (input port)
  Destination:            x_sq_reg_pt1_reg[5]/CLR
                            (removal check against rising-edge clock sys_clk  {rise@0.000ns fall@5.000ns period=10.000ns})
  Path Group:             (none)
  Path Type:              Removal (Min at Fast Process Corner)
  Data Path Delay:        0.843ns  (logic 0.238ns (28.187%)  route 0.605ns (71.813%))
  Logic Levels:           1  (IBUF=1)
  Clock Path Skew:        1.960ns (DCD - SCD - CPR)
    Destination Clock Delay (DCD):    1.960ns
    Source Clock Delay      (SCD):    0.000ns
    Clock Pessimism Removal (CPR):    -0.000ns

    Location             Delay type                Incr(ns)  Path(ns)    Netlist Resource(s)
  -------------------------------------------------------------------    -------------------
    V10                                               0.000     0.000 f  rst (IN)
                         net (fo=0)                   0.000     0.000    rst
    V10                  IBUF (Prop_ibuf_I_O)         0.238     0.238 f  rst_IBUF_inst/O
                         net (fo=42, routed)          0.605     0.843    rst_IBUF
    SLICE_X6Y58          FDCE                                         f  x_sq_reg_pt1_reg[5]/CLR
  -------------------------------------------------------------------    -------------------

                         (clock sys_clk rise edge)    0.000     0.000 r  
    N15                                               0.000     0.000 r  clk (IN)
                         net (fo=0)                   0.000     0.000    clk
    N15                  IBUF (Prop_ibuf_I_O)         0.365     0.365 r  clk_IBUF_inst/O
                         net (fo=1, routed)           0.695     1.060    clk_IBUF
    BUFGCTRL_X0Y0        BUFG (Prop_bufg_I_O)         0.029     1.089 r  clk_IBUF_BUFG_inst/O
                         net (fo=42, routed)          0.871     1.960    clk_IBUF_BUFG
    SLICE_X6Y58          FDCE                                         r  x_sq_reg_pt1_reg[5]/C





