Copyright 1986-2022 Xilinx, Inc. All Rights Reserved. Copyright 2022-2025 Advanced Micro Devices, Inc. All Rights Reserved.
---------------------------------------------------------------------------------------------------------------------------------------------------------------------------------------------------------------------------------------
| Tool Version : Vivado v.2025.1 (lin64) Build 6140274 Wed May 21 22:58:25 MDT 2025
| Date         : Fri Sep 11 16:02:24 2026
| Host         : k01-dt-0008.ad.oko.camera running 64-bit Ubuntu 24.04.4 LTS
| Command      : report_timing_summary -max_paths 10 -routable_nets -report_unconstrained -file sin_plain_timing_summary_routed.rpt -pb sin_plain_timing_summary_routed.pb -rpx sin_plain_timing_summary_routed.rpx -warn_on_violation
| Design       : sin_plain
| Device       : 7a100t-csg324
| Speed File   : -1  PRODUCTION 1.23 2018-06-13
| Design State : Routed
---------------------------------------------------------------------------------------------------------------------------------------------------------------------------------------------------------------------------------------

Timing Summary Report

------------------------------------------------------------------------------------------------
| Timer Settings
| --------------
------------------------------------------------------------------------------------------------

  Enable Multi Corner Analysis               :  Yes
  Enable Pessimism Removal                   :  Yes
  Pessimism Removal Resolution               :  Nearest Common Node
  Enable Input Delay Default Clock           :  No
  Enable Preset / Clear Arcs                 :  No
  Disable Flight Delays                      :  No
  Ignore I/O Paths                           :  No
  Timing Early Launch at Borrowing Latches   :  No
  Borrow Time for Max Delay Exceptions       :  Yes
  Merge Timing Exceptions                    :  Yes
  Inter-SLR Compensation                     :  Conservative

  Corner  Analyze    Analyze    
  Name    Max Paths  Min Paths  
  ------  ---------  ---------  
  Slow    Yes        Yes        
  Fast    Yes        Yes        


------------------------------------------------------------------------------------------------
| Report Methodology
| ------------------
------------------------------------------------------------------------------------------------

Rule       Severity  Description                    Violations  
---------  --------  -----------------------------  ----------  
DPIR-1     Warning   Asynchronous driver check      15          
SYNTH-9    Warning   Small multiplier               6           
TIMING-16  Warning   Large setup violation          8           
TIMING-18  Warning   Missing input or output delay  17          

Note: This report is based on the most recent report_methodology run and may not be up-to-date. Run report_methodology on the current design for the latest report.



check_timing report

Table of Contents
-----------------
1. checking no_clock (0)
2. checking constant_clock (0)
3. checking pulse_width_clock (0)
4. checking unconstrained_internal_endpoints (0)
5. checking no_input_delay (9)
6. checking no_output_delay (8)
7. checking multiple_clock (0)
8. checking generated_clocks (0)
9. checking loops (0)
10. checking partial_input_delay (0)
11. checking partial_output_delay (0)
12. checking latch_loops (0)

1. checking no_clock (0)
------------------------
 There are 0 register/latch pins with no clock.


2. checking constant_clock (0)
------------------------------
 There are 0 register/latch pins with constant_clock.


3. checking pulse_width_clock (0)
---------------------------------
 There are 0 register/latch pins which need pulse_width check


4. checking unconstrained_internal_endpoints (0)
------------------------------------------------
 There are 0 pins that are not constrained for maximum delay.

 There are 0 pins that are not constrained for maximum delay due to constant clock.


5. checking no_input_delay (9)
------------------------------
 There are 9 input ports with no input delay specified. (HIGH)

 There are 0 input ports with no input delay but user has a false path constraint.


6. checking no_output_delay (8)
-------------------------------
 There are 8 ports with no output delay specified. (HIGH)

 There are 0 ports with no output delay but user has a false path constraint

 There are 0 ports with no output delay but with a timing clock defined on it or propagating through it


7. checking multiple_clock (0)
------------------------------
 There are 0 register/latch pins with multiple clocks.


8. checking generated_clocks (0)
--------------------------------
 There are 0 generated clocks that are not connected to a clock source.


9. checking loops (0)
---------------------
 There are 0 combinational loops in the design.


10. checking partial_input_delay (0)
------------------------------------
 There are 0 input ports with partial input delay specified.


11. checking partial_output_delay (0)
-------------------------------------
 There are 0 ports with partial output delay specified.


12. checking latch_loops (0)
----------------------------
 There are 0 combinational latch loops in the design through latch input



------------------------------------------------------------------------------------------------
| Design Timing Summary
| ---------------------
------------------------------------------------------------------------------------------------

    WNS(ns)      TNS(ns)  TNS Failing Endpoints  TNS Total Endpoints      WHS(ns)      THS(ns)  THS Failing Endpoints  THS Total Endpoints     WPWS(ns)     TPWS(ns)  TPWS Failing Endpoints  TPWS Total Endpoints  
    -------      -------  ---------------------  -------------------      -------      -------  ---------------------  -------------------     --------     --------  ----------------------  --------------------  
    -17.448     -136.673                      8                    8        0.805        0.000                      0                    8        4.500        0.000                       0                    20  


Timing constraints are not met.


------------------------------------------------------------------------------------------------
| Clock Summary
| -------------
------------------------------------------------------------------------------------------------

Clock    Waveform(ns)       Period(ns)      Frequency(MHz)
-----    ------------       ----------      --------------
sys_clk  {0.000 5.000}      10.000          100.000         


------------------------------------------------------------------------------------------------
| Intra Clock Table
| -----------------
------------------------------------------------------------------------------------------------

Clock             WNS(ns)      TNS(ns)  TNS Failing Endpoints  TNS Total Endpoints      WHS(ns)      THS(ns)  THS Failing Endpoints  THS Total Endpoints     WPWS(ns)     TPWS(ns)  TPWS Failing Endpoints  TPWS Total Endpoints  
-----             -------      -------  ---------------------  -------------------      -------      -------  ---------------------  -------------------     --------     --------  ----------------------  --------------------  
sys_clk           -17.448     -136.673                      8                    8        0.805        0.000                      0                    8        4.500        0.000                       0                    20  


------------------------------------------------------------------------------------------------
| Inter Clock Table
| -----------------
------------------------------------------------------------------------------------------------

From Clock    To Clock          WNS(ns)      TNS(ns)  TNS Failing Endpoints  TNS Total Endpoints      WHS(ns)      THS(ns)  THS Failing Endpoints  THS Total Endpoints  
----------    --------          -------      -------  ---------------------  -------------------      -------      -------  ---------------------  -------------------  


------------------------------------------------------------------------------------------------
| Other Path Groups Table
| -----------------------
------------------------------------------------------------------------------------------------

Path Group    From Clock    To Clock          WNS(ns)      TNS(ns)  TNS Failing Endpoints  TNS Total Endpoints      WHS(ns)      THS(ns)  THS Failing Endpoints  THS Total Endpoints  
----------    ----------    --------          -------      -------  ---------------------  -------------------      -------      -------  ---------------------  -------------------  


------------------------------------------------------------------------------------------------
| User Ignored Path Table
| -----------------------
------------------------------------------------------------------------------------------------

Path Group    From Clock    To Clock    
----------    ----------    --------    


------------------------------------------------------------------------------------------------
| Unconstrained Path Table
| ------------------------
------------------------------------------------------------------------------------------------

Path Group    From Clock    To Clock    
----------    ----------    --------    
(none)        sys_clk                     
(none)                      sys_clk       


------------------------------------------------------------------------------------------------
| Timing Details
| --------------
------------------------------------------------------------------------------------------------


---------------------------------------------------------------------------------------------------
From Clock:  sys_clk
  To Clock:  sys_clk

Setup :            8  Failing Endpoints,  Worst Slack      -17.448ns,  Total Violation     -136.673ns
Hold  :            0  Failing Endpoints,  Worst Slack        0.805ns,  Total Violation        0.000ns
PW    :            0  Failing Endpoints,  Worst Slack        4.500ns,  Total Violation        0.000ns
---------------------------------------------------------------------------------------------------


Max Delay Paths
--------------------------------------------------------------------------------------
Slack (VIOLATED) :        -17.448ns  (required time - arrival time)
  Source:                 x_sq_reg_reg[4]_replica/C
                            (rising edge-triggered cell FDCE clocked by sys_clk  {rise@0.000ns fall@5.000ns period=10.000ns})
  Destination:            sin_reg[6]/D
                            (rising edge-triggered cell FDCE clocked by sys_clk  {rise@0.000ns fall@5.000ns period=10.000ns})
  Path Group:             sys_clk
  Path Type:              Setup (Max at Slow Process Corner)
  Requirement:            10.000ns  (sys_clk rise@10.000ns - sys_clk rise@0.000ns)
  Data Path Delay:        27.510ns  (logic 15.773ns (57.335%)  route 11.737ns (42.665%))
  Logic Levels:           27  (CARRY4=15 DSP48E1=2 LUT3=3 LUT4=2 LUT5=2 LUT6=3)
  Clock Path Skew:        0.035ns (DCD - SCD + CPR)
    Destination Clock Delay (DCD):    4.417ns = ( 14.417 - 10.000 ) 
    Source Clock Delay      (SCD):    4.705ns
    Clock Pessimism Removal (CPR):    0.323ns
  Clock Uncertainty:      0.035ns  ((TSJ^2 + TIJ^2)^1/2 + DJ) / 2 + PE
    Total System Jitter     (TSJ):    0.071ns
    Total Input Jitter      (TIJ):    0.000ns
    Discrete Jitter          (DJ):    0.000ns
    Phase Error              (PE):    0.000ns

    Location             Delay type                Incr(ns)  Path(ns)    Netlist Resource(s)
  -------------------------------------------------------------------    -------------------
                         (clock sys_clk rise edge)    0.000     0.000 r  
    N15                                               0.000     0.000 r  clk (IN)
                         net (fo=0)                   0.000     0.000    clk
    N15                  IBUF (Prop_ibuf_I_O)         0.948     0.948 r  clk_IBUF_inst/O
                         net (fo=1, routed)           2.016     2.963    clk_IBUF
    BUFGCTRL_X0Y0        BUFG (Prop_bufg_I_O)         0.096     3.059 r  clk_IBUF_BUFG_inst/O
                         net (fo=19, routed)          1.645     4.705    clk_IBUF_BUFG
    SLICE_X15Y50         FDCE                                         r  x_sq_reg_reg[4]_replica/C
  -------------------------------------------------------------------    -------------------
    SLICE_X15Y50         FDCE (Prop_fdce_C_Q)         0.456     5.161 r  x_sq_reg_reg[4]_replica/Q
                         net (fo=20, routed)          0.666     5.826    x_sq_reg[4]_repN
    SLICE_X14Y51         LUT4 (Prop_lut4_I1_O)        0.124     5.950 r  sin3_i_56/O
                         net (fo=1, routed)           0.516     6.466    sin3_i_56_n_0
    SLICE_X13Y52         CARRY4 (Prop_carry4_DI[0]_CO[3])
                                                      0.526     6.992 r  sin3_i_33/CO[3]
                         net (fo=3, routed)           1.333     8.325    sin3_i_33_n_0
    SLICE_X15Y52         LUT6 (Prop_lut6_I4_O)        0.124     8.449 r  sin3_i_9/O
                         net (fo=2, routed)           0.521     8.970    sin3_i_9_n_0
    SLICE_X12Y52         CARRY4 (Prop_carry4_DI[0]_O[3])
                                                      0.642     9.612 r  sin3_i_2/O[3]
                         net (fo=19, routed)          0.565    10.177    A[14]
    DSP48_X0Y21          DSP48E1 (Prop_dsp48e1_A[14]_P[20])
                                                      4.024    14.201 r  sin3/P[20]
                         net (fo=1, routed)           0.768    14.970    sin3_n_85
    DSP48_X0Y20          DSP48E1 (Prop_dsp48e1_A[20]_P[9])
                                                      3.841    18.811 r  sin2/P[9]
                         net (fo=33, routed)          1.253    20.064    sin2_n_96
    SLICE_X11Y49         LUT3 (Prop_lut3_I1_O)        0.124    20.188 r  sin[0]_i_356/O
                         net (fo=1, routed)           0.473    20.661    sin[0]_i_356_n_0
    SLICE_X10Y51         CARRY4 (Prop_carry4_DI[3]_CO[3])
                                                      0.396    21.057 r  sin_reg[0]_i_275/CO[3]
                         net (fo=1, routed)           0.000    21.057    sin_reg[0]_i_275_n_0
    SLICE_X10Y52         CARRY4 (Prop_carry4_CI_CO[3])
                                                      0.117    21.174 r  sin_reg[0]_i_156/CO[3]
                         net (fo=1, routed)           0.000    21.174    sin_reg[0]_i_156_n_0
    SLICE_X10Y53         CARRY4 (Prop_carry4_CI_CO[3])
                                                      0.117    21.291 r  sin_reg[0]_i_82/CO[3]
                         net (fo=1, routed)           0.000    21.291    sin_reg[0]_i_82_n_0
    SLICE_X10Y54         CARRY4 (Prop_carry4_CI_CO[3])
                                                      0.117    21.408 r  sin_reg[0]_i_77/CO[3]
                         net (fo=1, routed)           0.000    21.408    sin_reg[0]_i_77_n_0
    SLICE_X10Y55         CARRY4 (Prop_carry4_CI_O[3])
                                                      0.315    21.723 r  sin_reg[7]_i_45/O[3]
                         net (fo=4, routed)           0.898    22.621    sin_reg[7]_i_45_n_4
    SLICE_X6Y56          LUT3 (Prop_lut3_I0_O)        0.307    22.928 r  sin[7]_i_47/O
                         net (fo=1, routed)           0.288    23.216    sin[7]_i_47_n_0
    SLICE_X5Y56          LUT5 (Prop_lut5_I4_O)        0.124    23.340 r  sin[7]_i_26/O
                         net (fo=2, routed)           0.642    23.982    sin[7]_i_26_n_0
    SLICE_X7Y56          LUT6 (Prop_lut6_I0_O)        0.124    24.106 r  sin[7]_i_30/O
                         net (fo=1, routed)           0.000    24.106    sin[7]_i_30_n_0
    SLICE_X7Y56          CARRY4 (Prop_carry4_S[0]_CO[3])
                                                      0.532    24.638 r  sin_reg[7]_i_9/CO[3]
                         net (fo=1, routed)           0.000    24.638    sin_reg[7]_i_9_n_0
    SLICE_X7Y57          CARRY4 (Prop_carry4_CI_O[2])
                                                      0.239    24.877 r  sin_reg[0]_i_383/O[2]
                         net (fo=11, routed)          0.744    25.621    sin_reg[0]_i_383_n_5
    SLICE_X5Y58          LUT3 (Prop_lut3_I0_O)        0.302    25.923 f  sin[0]_i_441/O
                         net (fo=2, routed)           0.321    26.244    sin[0]_i_441_n_0
    SLICE_X6Y57          LUT5 (Prop_lut5_I4_O)        0.124    26.368 r  sin[0]_i_375/O
                         net (fo=2, routed)           0.783    27.151    sin[0]_i_375_n_0
    SLICE_X4Y57          CARRY4 (Prop_carry4_DI[2]_CO[3])
                                                      0.398    27.549 r  sin_reg[0]_i_301/CO[3]
                         net (fo=1, routed)           0.000    27.549    sin_reg[0]_i_301_n_0
    SLICE_X4Y58          CARRY4 (Prop_carry4_CI_O[3])
                                                      0.313    27.862 r  sin_reg[0]_i_217/O[3]
                         net (fo=3, routed)           0.785    28.647    sin_reg[0]_i_217_n_4
    SLICE_X3Y58          LUT4 (Prop_lut4_I1_O)        0.306    28.953 r  sin[0]_i_235/O
                         net (fo=1, routed)           0.000    28.953    sin[0]_i_235_n_0
    SLICE_X3Y58          CARRY4 (Prop_carry4_S[1]_CO[3])
                                                      0.550    29.503 r  sin_reg[0]_i_95/CO[3]
                         net (fo=1, routed)           0.000    29.503    sin_reg[0]_i_95_n_0
    SLICE_X3Y59          CARRY4 (Prop_carry4_CI_CO[2])
                                                      0.228    29.731 r  sin_reg[0]_i_31/CO[2]
                         net (fo=17, routed)          0.643    30.373    sin_reg[0]_i_31_n_1
    SLICE_X3Y61          LUT6 (Prop_lut6_I5_O)        0.313    30.686 r  sin[4]_i_10_comp_1/O
                         net (fo=1, routed)           0.538    31.225    sin[4]_i_10_n_0
    SLICE_X1Y59          CARRY4 (Prop_carry4_S[0]_CO[3])
                                                      0.656    31.881 r  sin_reg[4]_i_1/CO[3]
                         net (fo=1, routed)           0.000    31.881    sin_reg[4]_i_1_n_0
    SLICE_X1Y60          CARRY4 (Prop_carry4_CI_O[1])
                                                      0.334    32.215 r  sin_reg[7]_i_1/O[1]
                         net (fo=1, routed)           0.000    32.215    sin0[6]
    SLICE_X1Y60          FDCE                                         r  sin_reg[6]/D
  -------------------------------------------------------------------    -------------------

                         (clock sys_clk rise edge)   10.000    10.000 r  
    N15                                               0.000    10.000 r  clk (IN)
                         net (fo=0)                   0.000    10.000    clk
    N15                  IBUF (Prop_ibuf_I_O)         0.814    10.814 r  clk_IBUF_inst/O
                         net (fo=1, routed)           1.911    12.725    clk_IBUF
    BUFGCTRL_X0Y0        BUFG (Prop_bufg_I_O)         0.091    12.816 r  clk_IBUF_BUFG_inst/O
                         net (fo=19, routed)          1.600    14.417    clk_IBUF_BUFG
    SLICE_X1Y60          FDCE                                         r  sin_reg[6]/C
                         clock pessimism              0.323    14.740    
                         clock uncertainty           -0.035    14.704    
    SLICE_X1Y60          FDCE (Setup_fdce_C_D)        0.062    14.766    sin_reg[6]
  -------------------------------------------------------------------
                         required time                         14.766    
                         arrival time                         -32.215    
  -------------------------------------------------------------------
                         slack                                -17.448    

Slack (VIOLATED) :        -17.353ns  (required time - arrival time)
  Source:                 x_sq_reg_reg[4]_replica/C
                            (rising edge-triggered cell FDCE clocked by sys_clk  {rise@0.000ns fall@5.000ns period=10.000ns})
  Destination:            sin_reg[7]/D
                            (rising edge-triggered cell FDCE clocked by sys_clk  {rise@0.000ns fall@5.000ns period=10.000ns})
  Path Group:             sys_clk
  Path Type:              Setup (Max at Slow Process Corner)
  Requirement:            10.000ns  (sys_clk rise@10.000ns - sys_clk rise@0.000ns)
  Data Path Delay:        27.415ns  (logic 15.678ns (57.188%)  route 11.737ns (42.812%))
  Logic Levels:           27  (CARRY4=15 DSP48E1=2 LUT3=3 LUT4=2 LUT5=2 LUT6=3)
  Clock Path Skew:        0.035ns (DCD - SCD + CPR)
    Destination Clock Delay (DCD):    4.417ns = ( 14.417 - 10.000 ) 
    Source Clock Delay      (SCD):    4.705ns
    Clock Pessimism Removal (CPR):    0.323ns
  Clock Uncertainty:      0.035ns  ((TSJ^2 + TIJ^2)^1/2 + DJ) / 2 + PE
    Total System Jitter     (TSJ):    0.071ns
    Total Input Jitter      (TIJ):    0.000ns
    Discrete Jitter          (DJ):    0.000ns
    Phase Error              (PE):    0.000ns

    Location             Delay type                Incr(ns)  Path(ns)    Netlist Resource(s)
  -------------------------------------------------------------------    -------------------
                         (clock sys_clk rise edge)    0.000     0.000 r  
    N15                                               0.000     0.000 r  clk (IN)
                         net (fo=0)                   0.000     0.000    clk
    N15                  IBUF (Prop_ibuf_I_O)         0.948     0.948 r  clk_IBUF_inst/O
                         net (fo=1, routed)           2.016     2.963    clk_IBUF
    BUFGCTRL_X0Y0        BUFG (Prop_bufg_I_O)         0.096     3.059 r  clk_IBUF_BUFG_inst/O
                         net (fo=19, routed)          1.645     4.705    clk_IBUF_BUFG
    SLICE_X15Y50         FDCE                                         r  x_sq_reg_reg[4]_replica/C
  -------------------------------------------------------------------    -------------------
    SLICE_X15Y50         FDCE (Prop_fdce_C_Q)         0.456     5.161 r  x_sq_reg_reg[4]_replica/Q
                         net (fo=20, routed)          0.666     5.826    x_sq_reg[4]_repN
    SLICE_X14Y51         LUT4 (Prop_lut4_I1_O)        0.124     5.950 r  sin3_i_56/O
                         net (fo=1, routed)           0.516     6.466    sin3_i_56_n_0
    SLICE_X13Y52         CARRY4 (Prop_carry4_DI[0]_CO[3])
                                                      0.526     6.992 r  sin3_i_33/CO[3]
                         net (fo=3, routed)           1.333     8.325    sin3_i_33_n_0
    SLICE_X15Y52         LUT6 (Prop_lut6_I4_O)        0.124     8.449 r  sin3_i_9/O
                         net (fo=2, routed)           0.521     8.970    sin3_i_9_n_0
    SLICE_X12Y52         CARRY4 (Prop_carry4_DI[0]_O[3])
                                                      0.642     9.612 r  sin3_i_2/O[3]
                         net (fo=19, routed)          0.565    10.177    A[14]
    DSP48_X0Y21          DSP48E1 (Prop_dsp48e1_A[14]_P[20])
                                                      4.024    14.201 r  sin3/P[20]
                         net (fo=1, routed)           0.768    14.970    sin3_n_85
    DSP48_X0Y20          DSP48E1 (Prop_dsp48e1_A[20]_P[9])
                                                      3.841    18.811 r  sin2/P[9]
                         net (fo=33, routed)          1.253    20.064    sin2_n_96
    SLICE_X11Y49         LUT3 (Prop_lut3_I1_O)        0.124    20.188 r  sin[0]_i_356/O
                         net (fo=1, routed)           0.473    20.661    sin[0]_i_356_n_0
    SLICE_X10Y51         CARRY4 (Prop_carry4_DI[3]_CO[3])
                                                      0.396    21.057 r  sin_reg[0]_i_275/CO[3]
                         net (fo=1, routed)           0.000    21.057    sin_reg[0]_i_275_n_0
    SLICE_X10Y52         CARRY4 (Prop_carry4_CI_CO[3])
                                                      0.117    21.174 r  sin_reg[0]_i_156/CO[3]
                         net (fo=1, routed)           0.000    21.174    sin_reg[0]_i_156_n_0
    SLICE_X10Y53         CARRY4 (Prop_carry4_CI_CO[3])
                                                      0.117    21.291 r  sin_reg[0]_i_82/CO[3]
                         net (fo=1, routed)           0.000    21.291    sin_reg[0]_i_82_n_0
    SLICE_X10Y54         CARRY4 (Prop_carry4_CI_CO[3])
                                                      0.117    21.408 r  sin_reg[0]_i_77/CO[3]
                         net (fo=1, routed)           0.000    21.408    sin_reg[0]_i_77_n_0
    SLICE_X10Y55         CARRY4 (Prop_carry4_CI_O[3])
                                                      0.315    21.723 r  sin_reg[7]_i_45/O[3]
                         net (fo=4, routed)           0.898    22.621    sin_reg[7]_i_45_n_4
    SLICE_X6Y56          LUT3 (Prop_lut3_I0_O)        0.307    22.928 r  sin[7]_i_47/O
                         net (fo=1, routed)           0.288    23.216    sin[7]_i_47_n_0
    SLICE_X5Y56          LUT5 (Prop_lut5_I4_O)        0.124    23.340 r  sin[7]_i_26/O
                         net (fo=2, routed)           0.642    23.982    sin[7]_i_26_n_0
    SLICE_X7Y56          LUT6 (Prop_lut6_I0_O)        0.124    24.106 r  sin[7]_i_30/O
                         net (fo=1, routed)           0.000    24.106    sin[7]_i_30_n_0
    SLICE_X7Y56          CARRY4 (Prop_carry4_S[0]_CO[3])
                                                      0.532    24.638 r  sin_reg[7]_i_9/CO[3]
                         net (fo=1, routed)           0.000    24.638    sin_reg[7]_i_9_n_0
    SLICE_X7Y57          CARRY4 (Prop_carry4_CI_O[2])
                                                      0.239    24.877 r  sin_reg[0]_i_383/O[2]
                         net (fo=11, routed)          0.744    25.621    sin_reg[0]_i_383_n_5
    SLICE_X5Y58          LUT3 (Prop_lut3_I0_O)        0.302    25.923 f  sin[0]_i_441/O
                         net (fo=2, routed)           0.321    26.244    sin[0]_i_441_n_0
    SLICE_X6Y57          LUT5 (Prop_lut5_I4_O)        0.124    26.368 r  sin[0]_i_375/O
                         net (fo=2, routed)           0.783    27.151    sin[0]_i_375_n_0
    SLICE_X4Y57          CARRY4 (Prop_carry4_DI[2]_CO[3])
                                                      0.398    27.549 r  sin_reg[0]_i_301/CO[3]
                         net (fo=1, routed)           0.000    27.549    sin_reg[0]_i_301_n_0
    SLICE_X4Y58          CARRY4 (Prop_carry4_CI_O[3])
                                                      0.313    27.862 r  sin_reg[0]_i_217/O[3]
                         net (fo=3, routed)           0.785    28.647    sin_reg[0]_i_217_n_4
    SLICE_X3Y58          LUT4 (Prop_lut4_I1_O)        0.306    28.953 r  sin[0]_i_235/O
                         net (fo=1, routed)           0.000    28.953    sin[0]_i_235_n_0
    SLICE_X3Y58          CARRY4 (Prop_carry4_S[1]_CO[3])
                                                      0.550    29.503 r  sin_reg[0]_i_95/CO[3]
                         net (fo=1, routed)           0.000    29.503    sin_reg[0]_i_95_n_0
    SLICE_X3Y59          CARRY4 (Prop_carry4_CI_CO[2])
                                                      0.228    29.731 r  sin_reg[0]_i_31/CO[2]
                         net (fo=17, routed)          0.643    30.373    sin_reg[0]_i_31_n_1
    SLICE_X3Y61          LUT6 (Prop_lut6_I5_O)        0.313    30.686 r  sin[4]_i_10_comp_1/O
                         net (fo=1, routed)           0.538    31.225    sin[4]_i_10_n_0
    SLICE_X1Y59          CARRY4 (Prop_carry4_S[0]_CO[3])
                                                      0.656    31.881 r  sin_reg[4]_i_1/CO[3]
                         net (fo=1, routed)           0.000    31.881    sin_reg[4]_i_1_n_0
    SLICE_X1Y60          CARRY4 (Prop_carry4_CI_O[2])
                                                      0.239    32.120 r  sin_reg[7]_i_1/O[2]
                         net (fo=1, routed)           0.000    32.120    sin0[7]
    SLICE_X1Y60          FDCE                                         r  sin_reg[7]/D
  -------------------------------------------------------------------    -------------------

                         (clock sys_clk rise edge)   10.000    10.000 r  
    N15                                               0.000    10.000 r  clk (IN)
                         net (fo=0)                   0.000    10.000    clk
    N15                  IBUF (Prop_ibuf_I_O)         0.814    10.814 r  clk_IBUF_inst/O
                         net (fo=1, routed)           1.911    12.725    clk_IBUF
    BUFGCTRL_X0Y0        BUFG (Prop_bufg_I_O)         0.091    12.816 r  clk_IBUF_BUFG_inst/O
                         net (fo=19, routed)          1.600    14.417    clk_IBUF_BUFG
    SLICE_X1Y60          FDCE                                         r  sin_reg[7]/C
                         clock pessimism              0.323    14.740    
                         clock uncertainty           -0.035    14.704    
    SLICE_X1Y60          FDCE (Setup_fdce_C_D)        0.062    14.766    sin_reg[7]
  -------------------------------------------------------------------
                         required time                         14.766    
                         arrival time                         -32.120    
  -------------------------------------------------------------------
                         slack                                -17.353    

Slack (VIOLATED) :        -17.337ns  (required time - arrival time)
  Source:                 x_sq_reg_reg[4]_replica/C
                            (rising edge-triggered cell FDCE clocked by sys_clk  {rise@0.000ns fall@5.000ns period=10.000ns})
  Destination:            sin_reg[5]/D
                            (rising edge-triggered cell FDCE clocked by sys_clk  {rise@0.000ns fall@5.000ns period=10.000ns})
  Path Group:             sys_clk
  Path Type:              Setup (Max at Slow Process Corner)
  Requirement:            10.000ns  (sys_clk rise@10.000ns - sys_clk rise@0.000ns)
  Data Path Delay:        27.399ns  (logic 15.662ns (57.163%)  route 11.737ns (42.837%))
  Logic Levels:           27  (CARRY4=15 DSP48E1=2 LUT3=3 LUT4=2 LUT5=2 LUT6=3)
  Clock Path Skew:        0.035ns (DCD - SCD + CPR)
    Destination Clock Delay (DCD):    4.417ns = ( 14.417 - 10.000 ) 
    Source Clock Delay      (SCD):    4.705ns
    Clock Pessimism Removal (CPR):    0.323ns
  Clock Uncertainty:      0.035ns  ((TSJ^2 + TIJ^2)^1/2 + DJ) / 2 + PE
    Total System Jitter     (TSJ):    0.071ns
    Total Input Jitter      (TIJ):    0.000ns
    Discrete Jitter          (DJ):    0.000ns
    Phase Error              (PE):    0.000ns

    Location             Delay type                Incr(ns)  Path(ns)    Netlist Resource(s)
  -------------------------------------------------------------------    -------------------
                         (clock sys_clk rise edge)    0.000     0.000 r  
    N15                                               0.000     0.000 r  clk (IN)
                         net (fo=0)                   0.000     0.000    clk
    N15                  IBUF (Prop_ibuf_I_O)         0.948     0.948 r  clk_IBUF_inst/O
                         net (fo=1, routed)           2.016     2.963    clk_IBUF
    BUFGCTRL_X0Y0        BUFG (Prop_bufg_I_O)         0.096     3.059 r  clk_IBUF_BUFG_inst/O
                         net (fo=19, routed)          1.645     4.705    clk_IBUF_BUFG
    SLICE_X15Y50         FDCE                                         r  x_sq_reg_reg[4]_replica/C
  -------------------------------------------------------------------    -------------------
    SLICE_X15Y50         FDCE (Prop_fdce_C_Q)         0.456     5.161 r  x_sq_reg_reg[4]_replica/Q
                         net (fo=20, routed)          0.666     5.826    x_sq_reg[4]_repN
    SLICE_X14Y51         LUT4 (Prop_lut4_I1_O)        0.124     5.950 r  sin3_i_56/O
                         net (fo=1, routed)           0.516     6.466    sin3_i_56_n_0
    SLICE_X13Y52         CARRY4 (Prop_carry4_DI[0]_CO[3])
                                                      0.526     6.992 r  sin3_i_33/CO[3]
                         net (fo=3, routed)           1.333     8.325    sin3_i_33_n_0
    SLICE_X15Y52         LUT6 (Prop_lut6_I4_O)        0.124     8.449 r  sin3_i_9/O
                         net (fo=2, routed)           0.521     8.970    sin3_i_9_n_0
    SLICE_X12Y52         CARRY4 (Prop_carry4_DI[0]_O[3])
                                                      0.642     9.612 r  sin3_i_2/O[3]
                         net (fo=19, routed)          0.565    10.177    A[14]
    DSP48_X0Y21          DSP48E1 (Prop_dsp48e1_A[14]_P[20])
                                                      4.024    14.201 r  sin3/P[20]
                         net (fo=1, routed)           0.768    14.970    sin3_n_85
    DSP48_X0Y20          DSP48E1 (Prop_dsp48e1_A[20]_P[9])
                                                      3.841    18.811 r  sin2/P[9]
                         net (fo=33, routed)          1.253    20.064    sin2_n_96
    SLICE_X11Y49         LUT3 (Prop_lut3_I1_O)        0.124    20.188 r  sin[0]_i_356/O
                         net (fo=1, routed)           0.473    20.661    sin[0]_i_356_n_0
    SLICE_X10Y51         CARRY4 (Prop_carry4_DI[3]_CO[3])
                                                      0.396    21.057 r  sin_reg[0]_i_275/CO[3]
                         net (fo=1, routed)           0.000    21.057    sin_reg[0]_i_275_n_0
    SLICE_X10Y52         CARRY4 (Prop_carry4_CI_CO[3])
                                                      0.117    21.174 r  sin_reg[0]_i_156/CO[3]
                         net (fo=1, routed)           0.000    21.174    sin_reg[0]_i_156_n_0
    SLICE_X10Y53         CARRY4 (Prop_carry4_CI_CO[3])
                                                      0.117    21.291 r  sin_reg[0]_i_82/CO[3]
                         net (fo=1, routed)           0.000    21.291    sin_reg[0]_i_82_n_0
    SLICE_X10Y54         CARRY4 (Prop_carry4_CI_CO[3])
                                                      0.117    21.408 r  sin_reg[0]_i_77/CO[3]
                         net (fo=1, routed)           0.000    21.408    sin_reg[0]_i_77_n_0
    SLICE_X10Y55         CARRY4 (Prop_carry4_CI_O[3])
                                                      0.315    21.723 r  sin_reg[7]_i_45/O[3]
                         net (fo=4, routed)           0.898    22.621    sin_reg[7]_i_45_n_4
    SLICE_X6Y56          LUT3 (Prop_lut3_I0_O)        0.307    22.928 r  sin[7]_i_47/O
                         net (fo=1, routed)           0.288    23.216    sin[7]_i_47_n_0
    SLICE_X5Y56          LUT5 (Prop_lut5_I4_O)        0.124    23.340 r  sin[7]_i_26/O
                         net (fo=2, routed)           0.642    23.982    sin[7]_i_26_n_0
    SLICE_X7Y56          LUT6 (Prop_lut6_I0_O)        0.124    24.106 r  sin[7]_i_30/O
                         net (fo=1, routed)           0.000    24.106    sin[7]_i_30_n_0
    SLICE_X7Y56          CARRY4 (Prop_carry4_S[0]_CO[3])
                                                      0.532    24.638 r  sin_reg[7]_i_9/CO[3]
                         net (fo=1, routed)           0.000    24.638    sin_reg[7]_i_9_n_0
    SLICE_X7Y57          CARRY4 (Prop_carry4_CI_O[2])
                                                      0.239    24.877 r  sin_reg[0]_i_383/O[2]
                         net (fo=11, routed)          0.744    25.621    sin_reg[0]_i_383_n_5
    SLICE_X5Y58          LUT3 (Prop_lut3_I0_O)        0.302    25.923 f  sin[0]_i_441/O
                         net (fo=2, routed)           0.321    26.244    sin[0]_i_441_n_0
    SLICE_X6Y57          LUT5 (Prop_lut5_I4_O)        0.124    26.368 r  sin[0]_i_375/O
                         net (fo=2, routed)           0.783    27.151    sin[0]_i_375_n_0
    SLICE_X4Y57          CARRY4 (Prop_carry4_DI[2]_CO[3])
                                                      0.398    27.549 r  sin_reg[0]_i_301/CO[3]
                         net (fo=1, routed)           0.000    27.549    sin_reg[0]_i_301_n_0
    SLICE_X4Y58          CARRY4 (Prop_carry4_CI_O[3])
                                                      0.313    27.862 r  sin_reg[0]_i_217/O[3]
                         net (fo=3, routed)           0.785    28.647    sin_reg[0]_i_217_n_4
    SLICE_X3Y58          LUT4 (Prop_lut4_I1_O)        0.306    28.953 r  sin[0]_i_235/O
                         net (fo=1, routed)           0.000    28.953    sin[0]_i_235_n_0
    SLICE_X3Y58          CARRY4 (Prop_carry4_S[1]_CO[3])
                                                      0.550    29.503 r  sin_reg[0]_i_95/CO[3]
                         net (fo=1, routed)           0.000    29.503    sin_reg[0]_i_95_n_0
    SLICE_X3Y59          CARRY4 (Prop_carry4_CI_CO[2])
                                                      0.228    29.731 r  sin_reg[0]_i_31/CO[2]
                         net (fo=17, routed)          0.643    30.373    sin_reg[0]_i_31_n_1
    SLICE_X3Y61          LUT6 (Prop_lut6_I5_O)        0.313    30.686 r  sin[4]_i_10_comp_1/O
                         net (fo=1, routed)           0.538    31.225    sin[4]_i_10_n_0
    SLICE_X1Y59          CARRY4 (Prop_carry4_S[0]_CO[3])
                                                      0.656    31.881 r  sin_reg[4]_i_1/CO[3]
                         net (fo=1, routed)           0.000    31.881    sin_reg[4]_i_1_n_0
    SLICE_X1Y60          CARRY4 (Prop_carry4_CI_O[0])
                                                      0.223    32.104 r  sin_reg[7]_i_1/O[0]
                         net (fo=1, routed)           0.000    32.104    sin0[5]
    SLICE_X1Y60          FDCE                                         r  sin_reg[5]/D
  -------------------------------------------------------------------    -------------------

                         (clock sys_clk rise edge)   10.000    10.000 r  
    N15                                               0.000    10.000 r  clk (IN)
                         net (fo=0)                   0.000    10.000    clk
    N15                  IBUF (Prop_ibuf_I_O)         0.814    10.814 r  clk_IBUF_inst/O
                         net (fo=1, routed)           1.911    12.725    clk_IBUF
    BUFGCTRL_X0Y0        BUFG (Prop_bufg_I_O)         0.091    12.816 r  clk_IBUF_BUFG_inst/O
                         net (fo=19, routed)          1.600    14.417    clk_IBUF_BUFG
    SLICE_X1Y60          FDCE                                         r  sin_reg[5]/C
                         clock pessimism              0.323    14.740    
                         clock uncertainty           -0.035    14.704    
    SLICE_X1Y60          FDCE (Setup_fdce_C_D)        0.062    14.766    sin_reg[5]
  -------------------------------------------------------------------
                         required time                         14.766    
                         arrival time                         -32.104    
  -------------------------------------------------------------------
                         slack                                -17.337    

Slack (VIOLATED) :        -17.188ns  (required time - arrival time)
  Source:                 x_sq_reg_reg[4]_replica/C
                            (rising edge-triggered cell FDCE clocked by sys_clk  {rise@0.000ns fall@5.000ns period=10.000ns})
  Destination:            sin_reg[4]/D
                            (rising edge-triggered cell FDCE clocked by sys_clk  {rise@0.000ns fall@5.000ns period=10.000ns})
  Path Group:             sys_clk
  Path Type:              Setup (Max at Slow Process Corner)
  Requirement:            10.000ns  (sys_clk rise@10.000ns - sys_clk rise@0.000ns)
  Data Path Delay:        27.250ns  (logic 15.513ns (56.928%)  route 11.737ns (43.072%))
  Logic Levels:           26  (CARRY4=14 DSP48E1=2 LUT3=3 LUT4=2 LUT5=2 LUT6=3)
  Clock Path Skew:        0.035ns (DCD - SCD + CPR)
    Destination Clock Delay (DCD):    4.417ns = ( 14.417 - 10.000 ) 
    Source Clock Delay      (SCD):    4.705ns
    Clock Pessimism Removal (CPR):    0.323ns
  Clock Uncertainty:      0.035ns  ((TSJ^2 + TIJ^2)^1/2 + DJ) / 2 + PE
    Total System Jitter     (TSJ):    0.071ns
    Total Input Jitter      (TIJ):    0.000ns
    Discrete Jitter          (DJ):    0.000ns
    Phase Error              (PE):    0.000ns

    Location             Delay type                Incr(ns)  Path(ns)    Netlist Resource(s)
  -------------------------------------------------------------------    -------------------
                         (clock sys_clk rise edge)    0.000     0.000 r  
    N15                                               0.000     0.000 r  clk (IN)
                         net (fo=0)                   0.000     0.000    clk
    N15                  IBUF (Prop_ibuf_I_O)         0.948     0.948 r  clk_IBUF_inst/O
                         net (fo=1, routed)           2.016     2.963    clk_IBUF
    BUFGCTRL_X0Y0        BUFG (Prop_bufg_I_O)         0.096     3.059 r  clk_IBUF_BUFG_inst/O
                         net (fo=19, routed)          1.645     4.705    clk_IBUF_BUFG
    SLICE_X15Y50         FDCE                                         r  x_sq_reg_reg[4]_replica/C
  -------------------------------------------------------------------    -------------------
    SLICE_X15Y50         FDCE (Prop_fdce_C_Q)         0.456     5.161 r  x_sq_reg_reg[4]_replica/Q
                         net (fo=20, routed)          0.666     5.826    x_sq_reg[4]_repN
    SLICE_X14Y51         LUT4 (Prop_lut4_I1_O)        0.124     5.950 r  sin3_i_56/O
                         net (fo=1, routed)           0.516     6.466    sin3_i_56_n_0
    SLICE_X13Y52         CARRY4 (Prop_carry4_DI[0]_CO[3])
                                                      0.526     6.992 r  sin3_i_33/CO[3]
                         net (fo=3, routed)           1.333     8.325    sin3_i_33_n_0
    SLICE_X15Y52         LUT6 (Prop_lut6_I4_O)        0.124     8.449 r  sin3_i_9/O
                         net (fo=2, routed)           0.521     8.970    sin3_i_9_n_0
    SLICE_X12Y52         CARRY4 (Prop_carry4_DI[0]_O[3])
                                                      0.642     9.612 r  sin3_i_2/O[3]
                         net (fo=19, routed)          0.565    10.177    A[14]
    DSP48_X0Y21          DSP48E1 (Prop_dsp48e1_A[14]_P[20])
                                                      4.024    14.201 r  sin3/P[20]
                         net (fo=1, routed)           0.768    14.970    sin3_n_85
    DSP48_X0Y20          DSP48E1 (Prop_dsp48e1_A[20]_P[9])
                                                      3.841    18.811 r  sin2/P[9]
                         net (fo=33, routed)          1.253    20.064    sin2_n_96
    SLICE_X11Y49         LUT3 (Prop_lut3_I1_O)        0.124    20.188 r  sin[0]_i_356/O
                         net (fo=1, routed)           0.473    20.661    sin[0]_i_356_n_0
    SLICE_X10Y51         CARRY4 (Prop_carry4_DI[3]_CO[3])
                                                      0.396    21.057 r  sin_reg[0]_i_275/CO[3]
                         net (fo=1, routed)           0.000    21.057    sin_reg[0]_i_275_n_0
    SLICE_X10Y52         CARRY4 (Prop_carry4_CI_CO[3])
                                                      0.117    21.174 r  sin_reg[0]_i_156/CO[3]
                         net (fo=1, routed)           0.000    21.174    sin_reg[0]_i_156_n_0
    SLICE_X10Y53         CARRY4 (Prop_carry4_CI_CO[3])
                                                      0.117    21.291 r  sin_reg[0]_i_82/CO[3]
                         net (fo=1, routed)           0.000    21.291    sin_reg[0]_i_82_n_0
    SLICE_X10Y54         CARRY4 (Prop_carry4_CI_CO[3])
                                                      0.117    21.408 r  sin_reg[0]_i_77/CO[3]
                         net (fo=1, routed)           0.000    21.408    sin_reg[0]_i_77_n_0
    SLICE_X10Y55         CARRY4 (Prop_carry4_CI_O[3])
                                                      0.315    21.723 r  sin_reg[7]_i_45/O[3]
                         net (fo=4, routed)           0.898    22.621    sin_reg[7]_i_45_n_4
    SLICE_X6Y56          LUT3 (Prop_lut3_I0_O)        0.307    22.928 r  sin[7]_i_47/O
                         net (fo=1, routed)           0.288    23.216    sin[7]_i_47_n_0
    SLICE_X5Y56          LUT5 (Prop_lut5_I4_O)        0.124    23.340 r  sin[7]_i_26/O
                         net (fo=2, routed)           0.642    23.982    sin[7]_i_26_n_0
    SLICE_X7Y56          LUT6 (Prop_lut6_I0_O)        0.124    24.106 r  sin[7]_i_30/O
                         net (fo=1, routed)           0.000    24.106    sin[7]_i_30_n_0
    SLICE_X7Y56          CARRY4 (Prop_carry4_S[0]_CO[3])
                                                      0.532    24.638 r  sin_reg[7]_i_9/CO[3]
                         net (fo=1, routed)           0.000    24.638    sin_reg[7]_i_9_n_0
    SLICE_X7Y57          CARRY4 (Prop_carry4_CI_O[2])
                                                      0.239    24.877 r  sin_reg[0]_i_383/O[2]
                         net (fo=11, routed)          0.744    25.621    sin_reg[0]_i_383_n_5
    SLICE_X5Y58          LUT3 (Prop_lut3_I0_O)        0.302    25.923 f  sin[0]_i_441/O
                         net (fo=2, routed)           0.321    26.244    sin[0]_i_441_n_0
    SLICE_X6Y57          LUT5 (Prop_lut5_I4_O)        0.124    26.368 r  sin[0]_i_375/O
                         net (fo=2, routed)           0.783    27.151    sin[0]_i_375_n_0
    SLICE_X4Y57          CARRY4 (Prop_carry4_DI[2]_CO[3])
                                                      0.398    27.549 r  sin_reg[0]_i_301/CO[3]
                         net (fo=1, routed)           0.000    27.549    sin_reg[0]_i_301_n_0
    SLICE_X4Y58          CARRY4 (Prop_carry4_CI_O[3])
                                                      0.313    27.862 r  sin_reg[0]_i_217/O[3]
                         net (fo=3, routed)           0.785    28.647    sin_reg[0]_i_217_n_4
    SLICE_X3Y58          LUT4 (Prop_lut4_I1_O)        0.306    28.953 r  sin[0]_i_235/O
                         net (fo=1, routed)           0.000    28.953    sin[0]_i_235_n_0
    SLICE_X3Y58          CARRY4 (Prop_carry4_S[1]_CO[3])
                                                      0.550    29.503 r  sin_reg[0]_i_95/CO[3]
                         net (fo=1, routed)           0.000    29.503    sin_reg[0]_i_95_n_0
    SLICE_X3Y59          CARRY4 (Prop_carry4_CI_CO[2])
                                                      0.228    29.731 r  sin_reg[0]_i_31/CO[2]
                         net (fo=17, routed)          0.643    30.373    sin_reg[0]_i_31_n_1
    SLICE_X3Y61          LUT6 (Prop_lut6_I5_O)        0.313    30.686 r  sin[4]_i_10_comp_1/O
                         net (fo=1, routed)           0.538    31.225    sin[4]_i_10_n_0
    SLICE_X1Y59          CARRY4 (Prop_carry4_S[0]_O[3])
                                                      0.730    31.955 r  sin_reg[4]_i_1/O[3]
                         net (fo=1, routed)           0.000    31.955    sin0[4]
    SLICE_X1Y59          FDCE                                         r  sin_reg[4]/D
  -------------------------------------------------------------------    -------------------

                         (clock sys_clk rise edge)   10.000    10.000 r  
    N15                                               0.000    10.000 r  clk (IN)
                         net (fo=0)                   0.000    10.000    clk
    N15                  IBUF (Prop_ibuf_I_O)         0.814    10.814 r  clk_IBUF_inst/O
                         net (fo=1, routed)           1.911    12.725    clk_IBUF
    BUFGCTRL_X0Y0        BUFG (Prop_bufg_I_O)         0.091    12.816 r  clk_IBUF_BUFG_inst/O
                         net (fo=19, routed)          1.600    14.417    clk_IBUF_BUFG
    SLICE_X1Y59          FDCE                                         r  sin_reg[4]/C
                         clock pessimism              0.323    14.740    
                         clock uncertainty           -0.035    14.704    
    SLICE_X1Y59          FDCE (Setup_fdce_C_D)        0.062    14.766    sin_reg[4]
  -------------------------------------------------------------------
                         required time                         14.766    
                         arrival time                         -31.955    
  -------------------------------------------------------------------
                         slack                                -17.188    

Slack (VIOLATED) :        -17.129ns  (required time - arrival time)
  Source:                 x_sq_reg_reg[4]_replica/C
                            (rising edge-triggered cell FDCE clocked by sys_clk  {rise@0.000ns fall@5.000ns period=10.000ns})
  Destination:            sin_reg[3]/D
                            (rising edge-triggered cell FDCE clocked by sys_clk  {rise@0.000ns fall@5.000ns period=10.000ns})
  Path Group:             sys_clk
  Path Type:              Setup (Max at Slow Process Corner)
  Requirement:            10.000ns  (sys_clk rise@10.000ns - sys_clk rise@0.000ns)
  Data Path Delay:        27.191ns  (logic 15.454ns (56.835%)  route 11.737ns (43.165%))
  Logic Levels:           26  (CARRY4=14 DSP48E1=2 LUT3=3 LUT4=2 LUT5=2 LUT6=3)
  Clock Path Skew:        0.035ns (DCD - SCD + CPR)
    Destination Clock Delay (DCD):    4.417ns = ( 14.417 - 10.000 ) 
    Source Clock Delay      (SCD):    4.705ns
    Clock Pessimism Removal (CPR):    0.323ns
  Clock Uncertainty:      0.035ns  ((TSJ^2 + TIJ^2)^1/2 + DJ) / 2 + PE
    Total System Jitter     (TSJ):    0.071ns
    Total Input Jitter      (TIJ):    0.000ns
    Discrete Jitter          (DJ):    0.000ns
    Phase Error              (PE):    0.000ns

    Location             Delay type                Incr(ns)  Path(ns)    Netlist Resource(s)
  -------------------------------------------------------------------    -------------------
                         (clock sys_clk rise edge)    0.000     0.000 r  
    N15                                               0.000     0.000 r  clk (IN)
                         net (fo=0)                   0.000     0.000    clk
    N15                  IBUF (Prop_ibuf_I_O)         0.948     0.948 r  clk_IBUF_inst/O
                         net (fo=1, routed)           2.016     2.963    clk_IBUF
    BUFGCTRL_X0Y0        BUFG (Prop_bufg_I_O)         0.096     3.059 r  clk_IBUF_BUFG_inst/O
                         net (fo=19, routed)          1.645     4.705    clk_IBUF_BUFG
    SLICE_X15Y50         FDCE                                         r  x_sq_reg_reg[4]_replica/C
  -------------------------------------------------------------------    -------------------
    SLICE_X15Y50         FDCE (Prop_fdce_C_Q)         0.456     5.161 r  x_sq_reg_reg[4]_replica/Q
                         net (fo=20, routed)          0.666     5.826    x_sq_reg[4]_repN
    SLICE_X14Y51         LUT4 (Prop_lut4_I1_O)        0.124     5.950 r  sin3_i_56/O
                         net (fo=1, routed)           0.516     6.466    sin3_i_56_n_0
    SLICE_X13Y52         CARRY4 (Prop_carry4_DI[0]_CO[3])
                                                      0.526     6.992 r  sin3_i_33/CO[3]
                         net (fo=3, routed)           1.333     8.325    sin3_i_33_n_0
    SLICE_X15Y52         LUT6 (Prop_lut6_I4_O)        0.124     8.449 r  sin3_i_9/O
                         net (fo=2, routed)           0.521     8.970    sin3_i_9_n_0
    SLICE_X12Y52         CARRY4 (Prop_carry4_DI[0]_O[3])
                                                      0.642     9.612 r  sin3_i_2/O[3]
                         net (fo=19, routed)          0.565    10.177    A[14]
    DSP48_X0Y21          DSP48E1 (Prop_dsp48e1_A[14]_P[20])
                                                      4.024    14.201 r  sin3/P[20]
                         net (fo=1, routed)           0.768    14.970    sin3_n_85
    DSP48_X0Y20          DSP48E1 (Prop_dsp48e1_A[20]_P[9])
                                                      3.841    18.811 r  sin2/P[9]
                         net (fo=33, routed)          1.253    20.064    sin2_n_96
    SLICE_X11Y49         LUT3 (Prop_lut3_I1_O)        0.124    20.188 r  sin[0]_i_356/O
                         net (fo=1, routed)           0.473    20.661    sin[0]_i_356_n_0
    SLICE_X10Y51         CARRY4 (Prop_carry4_DI[3]_CO[3])
                                                      0.396    21.057 r  sin_reg[0]_i_275/CO[3]
                         net (fo=1, routed)           0.000    21.057    sin_reg[0]_i_275_n_0
    SLICE_X10Y52         CARRY4 (Prop_carry4_CI_CO[3])
                                                      0.117    21.174 r  sin_reg[0]_i_156/CO[3]
                         net (fo=1, routed)           0.000    21.174    sin_reg[0]_i_156_n_0
    SLICE_X10Y53         CARRY4 (Prop_carry4_CI_CO[3])
                                                      0.117    21.291 r  sin_reg[0]_i_82/CO[3]
                         net (fo=1, routed)           0.000    21.291    sin_reg[0]_i_82_n_0
    SLICE_X10Y54         CARRY4 (Prop_carry4_CI_CO[3])
                                                      0.117    21.408 r  sin_reg[0]_i_77/CO[3]
                         net (fo=1, routed)           0.000    21.408    sin_reg[0]_i_77_n_0
    SLICE_X10Y55         CARRY4 (Prop_carry4_CI_O[3])
                                                      0.315    21.723 r  sin_reg[7]_i_45/O[3]
                         net (fo=4, routed)           0.898    22.621    sin_reg[7]_i_45_n_4
    SLICE_X6Y56          LUT3 (Prop_lut3_I0_O)        0.307    22.928 r  sin[7]_i_47/O
                         net (fo=1, routed)           0.288    23.216    sin[7]_i_47_n_0
    SLICE_X5Y56          LUT5 (Prop_lut5_I4_O)        0.124    23.340 r  sin[7]_i_26/O
                         net (fo=2, routed)           0.642    23.982    sin[7]_i_26_n_0
    SLICE_X7Y56          LUT6 (Prop_lut6_I0_O)        0.124    24.106 r  sin[7]_i_30/O
                         net (fo=1, routed)           0.000    24.106    sin[7]_i_30_n_0
    SLICE_X7Y56          CARRY4 (Prop_carry4_S[0]_CO[3])
                                                      0.532    24.638 r  sin_reg[7]_i_9/CO[3]
                         net (fo=1, routed)           0.000    24.638    sin_reg[7]_i_9_n_0
    SLICE_X7Y57          CARRY4 (Prop_carry4_CI_O[2])
                                                      0.239    24.877 r  sin_reg[0]_i_383/O[2]
                         net (fo=11, routed)          0.744    25.621    sin_reg[0]_i_383_n_5
    SLICE_X5Y58          LUT3 (Prop_lut3_I0_O)        0.302    25.923 f  sin[0]_i_441/O
                         net (fo=2, routed)           0.321    26.244    sin[0]_i_441_n_0
    SLICE_X6Y57          LUT5 (Prop_lut5_I4_O)        0.124    26.368 r  sin[0]_i_375/O
                         net (fo=2, routed)           0.783    27.151    sin[0]_i_375_n_0
    SLICE_X4Y57          CARRY4 (Prop_carry4_DI[2]_CO[3])
                                                      0.398    27.549 r  sin_reg[0]_i_301/CO[3]
                         net (fo=1, routed)           0.000    27.549    sin_reg[0]_i_301_n_0
    SLICE_X4Y58          CARRY4 (Prop_carry4_CI_O[3])
                                                      0.313    27.862 r  sin_reg[0]_i_217/O[3]
                         net (fo=3, routed)           0.785    28.647    sin_reg[0]_i_217_n_4
    SLICE_X3Y58          LUT4 (Prop_lut4_I1_O)        0.306    28.953 r  sin[0]_i_235/O
                         net (fo=1, routed)           0.000    28.953    sin[0]_i_235_n_0
    SLICE_X3Y58          CARRY4 (Prop_carry4_S[1]_CO[3])
                                                      0.550    29.503 r  sin_reg[0]_i_95/CO[3]
                         net (fo=1, routed)           0.000    29.503    sin_reg[0]_i_95_n_0
    SLICE_X3Y59          CARRY4 (Prop_carry4_CI_CO[2])
                                                      0.228    29.731 r  sin_reg[0]_i_31/CO[2]
                         net (fo=17, routed)          0.643    30.373    sin_reg[0]_i_31_n_1
    SLICE_X3Y61          LUT6 (Prop_lut6_I5_O)        0.313    30.686 r  sin[4]_i_10_comp_1/O
                         net (fo=1, routed)           0.538    31.225    sin[4]_i_10_n_0
    SLICE_X1Y59          CARRY4 (Prop_carry4_S[0]_O[2])
                                                      0.671    31.896 r  sin_reg[4]_i_1/O[2]
                         net (fo=1, routed)           0.000    31.896    sin0[3]
    SLICE_X1Y59          FDCE                                         r  sin_reg[3]/D
  -------------------------------------------------------------------    -------------------

                         (clock sys_clk rise edge)   10.000    10.000 r  
    N15                                               0.000    10.000 r  clk (IN)
                         net (fo=0)                   0.000    10.000    clk
    N15                  IBUF (Prop_ibuf_I_O)         0.814    10.814 r  clk_IBUF_inst/O
                         net (fo=1, routed)           1.911    12.725    clk_IBUF
    BUFGCTRL_X0Y0        BUFG (Prop_bufg_I_O)         0.091    12.816 r  clk_IBUF_BUFG_inst/O
                         net (fo=19, routed)          1.600    14.417    clk_IBUF_BUFG
    SLICE_X1Y59          FDCE                                         r  sin_reg[3]/C
                         clock pessimism              0.323    14.740    
                         clock uncertainty           -0.035    14.704    
    SLICE_X1Y59          FDCE (Setup_fdce_C_D)        0.062    14.766    sin_reg[3]
  -------------------------------------------------------------------
                         required time                         14.766    
                         arrival time                         -31.896    
  -------------------------------------------------------------------
                         slack                                -17.129    

Slack (VIOLATED) :        -17.007ns  (required time - arrival time)
  Source:                 x_sq_reg_reg[4]_replica/C
                            (rising edge-triggered cell FDCE clocked by sys_clk  {rise@0.000ns fall@5.000ns period=10.000ns})
  Destination:            sin_reg[2]/D
                            (rising edge-triggered cell FDCE clocked by sys_clk  {rise@0.000ns fall@5.000ns period=10.000ns})
  Path Group:             sys_clk
  Path Type:              Setup (Max at Slow Process Corner)
  Requirement:            10.000ns  (sys_clk rise@10.000ns - sys_clk rise@0.000ns)
  Data Path Delay:        27.068ns  (logic 15.331ns (56.638%)  route 11.737ns (43.361%))
  Logic Levels:           26  (CARRY4=14 DSP48E1=2 LUT3=3 LUT4=2 LUT5=2 LUT6=3)
  Clock Path Skew:        0.035ns (DCD - SCD + CPR)
    Destination Clock Delay (DCD):    4.417ns = ( 14.417 - 10.000 ) 
    Source Clock Delay      (SCD):    4.705ns
    Clock Pessimism Removal (CPR):    0.323ns
  Clock Uncertainty:      0.035ns  ((TSJ^2 + TIJ^2)^1/2 + DJ) / 2 + PE
    Total System Jitter     (TSJ):    0.071ns
    Total Input Jitter      (TIJ):    0.000ns
    Discrete Jitter          (DJ):    0.000ns
    Phase Error              (PE):    0.000ns

    Location             Delay type                Incr(ns)  Path(ns)    Netlist Resource(s)
  -------------------------------------------------------------------    -------------------
                         (clock sys_clk rise edge)    0.000     0.000 r  
    N15                                               0.000     0.000 r  clk (IN)
                         net (fo=0)                   0.000     0.000    clk
    N15                  IBUF (Prop_ibuf_I_O)         0.948     0.948 r  clk_IBUF_inst/O
                         net (fo=1, routed)           2.016     2.963    clk_IBUF
    BUFGCTRL_X0Y0        BUFG (Prop_bufg_I_O)         0.096     3.059 r  clk_IBUF_BUFG_inst/O
                         net (fo=19, routed)          1.645     4.705    clk_IBUF_BUFG
    SLICE_X15Y50         FDCE                                         r  x_sq_reg_reg[4]_replica/C
  -------------------------------------------------------------------    -------------------
    SLICE_X15Y50         FDCE (Prop_fdce_C_Q)         0.456     5.161 r  x_sq_reg_reg[4]_replica/Q
                         net (fo=20, routed)          0.666     5.826    x_sq_reg[4]_repN
    SLICE_X14Y51         LUT4 (Prop_lut4_I1_O)        0.124     5.950 r  sin3_i_56/O
                         net (fo=1, routed)           0.516     6.466    sin3_i_56_n_0
    SLICE_X13Y52         CARRY4 (Prop_carry4_DI[0]_CO[3])
                                                      0.526     6.992 r  sin3_i_33/CO[3]
                         net (fo=3, routed)           1.333     8.325    sin3_i_33_n_0
    SLICE_X15Y52         LUT6 (Prop_lut6_I4_O)        0.124     8.449 r  sin3_i_9/O
                         net (fo=2, routed)           0.521     8.970    sin3_i_9_n_0
    SLICE_X12Y52         CARRY4 (Prop_carry4_DI[0]_O[3])
                                                      0.642     9.612 r  sin3_i_2/O[3]
                         net (fo=19, routed)          0.565    10.177    A[14]
    DSP48_X0Y21          DSP48E1 (Prop_dsp48e1_A[14]_P[20])
                                                      4.024    14.201 r  sin3/P[20]
                         net (fo=1, routed)           0.768    14.970    sin3_n_85
    DSP48_X0Y20          DSP48E1 (Prop_dsp48e1_A[20]_P[9])
                                                      3.841    18.811 r  sin2/P[9]
                         net (fo=33, routed)          1.253    20.064    sin2_n_96
    SLICE_X11Y49         LUT3 (Prop_lut3_I1_O)        0.124    20.188 r  sin[0]_i_356/O
                         net (fo=1, routed)           0.473    20.661    sin[0]_i_356_n_0
    SLICE_X10Y51         CARRY4 (Prop_carry4_DI[3]_CO[3])
                                                      0.396    21.057 r  sin_reg[0]_i_275/CO[3]
                         net (fo=1, routed)           0.000    21.057    sin_reg[0]_i_275_n_0
    SLICE_X10Y52         CARRY4 (Prop_carry4_CI_CO[3])
                                                      0.117    21.174 r  sin_reg[0]_i_156/CO[3]
                         net (fo=1, routed)           0.000    21.174    sin_reg[0]_i_156_n_0
    SLICE_X10Y53         CARRY4 (Prop_carry4_CI_CO[3])
                                                      0.117    21.291 r  sin_reg[0]_i_82/CO[3]
                         net (fo=1, routed)           0.000    21.291    sin_reg[0]_i_82_n_0
    SLICE_X10Y54         CARRY4 (Prop_carry4_CI_CO[3])
                                                      0.117    21.408 r  sin_reg[0]_i_77/CO[3]
                         net (fo=1, routed)           0.000    21.408    sin_reg[0]_i_77_n_0
    SLICE_X10Y55         CARRY4 (Prop_carry4_CI_O[3])
                                                      0.315    21.723 r  sin_reg[7]_i_45/O[3]
                         net (fo=4, routed)           0.898    22.621    sin_reg[7]_i_45_n_4
    SLICE_X6Y56          LUT3 (Prop_lut3_I0_O)        0.307    22.928 r  sin[7]_i_47/O
                         net (fo=1, routed)           0.288    23.216    sin[7]_i_47_n_0
    SLICE_X5Y56          LUT5 (Prop_lut5_I4_O)        0.124    23.340 r  sin[7]_i_26/O
                         net (fo=2, routed)           0.642    23.982    sin[7]_i_26_n_0
    SLICE_X7Y56          LUT6 (Prop_lut6_I0_O)        0.124    24.106 r  sin[7]_i_30/O
                         net (fo=1, routed)           0.000    24.106    sin[7]_i_30_n_0
    SLICE_X7Y56          CARRY4 (Prop_carry4_S[0]_CO[3])
                                                      0.532    24.638 r  sin_reg[7]_i_9/CO[3]
                         net (fo=1, routed)           0.000    24.638    sin_reg[7]_i_9_n_0
    SLICE_X7Y57          CARRY4 (Prop_carry4_CI_O[2])
                                                      0.239    24.877 r  sin_reg[0]_i_383/O[2]
                         net (fo=11, routed)          0.744    25.621    sin_reg[0]_i_383_n_5
    SLICE_X5Y58          LUT3 (Prop_lut3_I0_O)        0.302    25.923 f  sin[0]_i_441/O
                         net (fo=2, routed)           0.321    26.244    sin[0]_i_441_n_0
    SLICE_X6Y57          LUT5 (Prop_lut5_I4_O)        0.124    26.368 r  sin[0]_i_375/O
                         net (fo=2, routed)           0.783    27.151    sin[0]_i_375_n_0
    SLICE_X4Y57          CARRY4 (Prop_carry4_DI[2]_CO[3])
                                                      0.398    27.549 r  sin_reg[0]_i_301/CO[3]
                         net (fo=1, routed)           0.000    27.549    sin_reg[0]_i_301_n_0
    SLICE_X4Y58          CARRY4 (Prop_carry4_CI_O[3])
                                                      0.313    27.862 r  sin_reg[0]_i_217/O[3]
                         net (fo=3, routed)           0.785    28.647    sin_reg[0]_i_217_n_4
    SLICE_X3Y58          LUT4 (Prop_lut4_I1_O)        0.306    28.953 r  sin[0]_i_235/O
                         net (fo=1, routed)           0.000    28.953    sin[0]_i_235_n_0
    SLICE_X3Y58          CARRY4 (Prop_carry4_S[1]_CO[3])
                                                      0.550    29.503 r  sin_reg[0]_i_95/CO[3]
                         net (fo=1, routed)           0.000    29.503    sin_reg[0]_i_95_n_0
    SLICE_X3Y59          CARRY4 (Prop_carry4_CI_CO[2])
                                                      0.228    29.731 r  sin_reg[0]_i_31/CO[2]
                         net (fo=17, routed)          0.643    30.373    sin_reg[0]_i_31_n_1
    SLICE_X3Y61          LUT6 (Prop_lut6_I5_O)        0.313    30.686 r  sin[4]_i_10_comp_1/O
                         net (fo=1, routed)           0.538    31.225    sin[4]_i_10_n_0
    SLICE_X1Y59          CARRY4 (Prop_carry4_S[0]_O[1])
                                                      0.548    31.773 r  sin_reg[4]_i_1/O[1]
                         net (fo=1, routed)           0.000    31.773    sin0[2]
    SLICE_X1Y59          FDCE                                         r  sin_reg[2]/D
  -------------------------------------------------------------------    -------------------

                         (clock sys_clk rise edge)   10.000    10.000 r  
    N15                                               0.000    10.000 r  clk (IN)
                         net (fo=0)                   0.000    10.000    clk
    N15                  IBUF (Prop_ibuf_I_O)         0.814    10.814 r  clk_IBUF_inst/O
                         net (fo=1, routed)           1.911    12.725    clk_IBUF
    BUFGCTRL_X0Y0        BUFG (Prop_bufg_I_O)         0.091    12.816 r  clk_IBUF_BUFG_inst/O
                         net (fo=19, routed)          1.600    14.417    clk_IBUF_BUFG
    SLICE_X1Y59          FDCE                                         r  sin_reg[2]/C
                         clock pessimism              0.323    14.740    
                         clock uncertainty           -0.035    14.704    
    SLICE_X1Y59          FDCE (Setup_fdce_C_D)        0.062    14.766    sin_reg[2]
  -------------------------------------------------------------------
                         required time                         14.766    
                         arrival time                         -31.773    
  -------------------------------------------------------------------
                         slack                                -17.007    

Slack (VIOLATED) :        -16.891ns  (required time - arrival time)
  Source:                 x_sq_reg_reg[4]_replica/C
                            (rising edge-triggered cell FDCE clocked by sys_clk  {rise@0.000ns fall@5.000ns period=10.000ns})
  Destination:            sin_reg[1]/D
                            (rising edge-triggered cell FDCE clocked by sys_clk  {rise@0.000ns fall@5.000ns period=10.000ns})
  Path Group:             sys_clk
  Path Type:              Setup (Max at Slow Process Corner)
  Requirement:            10.000ns  (sys_clk rise@10.000ns - sys_clk rise@0.000ns)
  Data Path Delay:        26.952ns  (logic 15.265ns (56.637%)  route 11.687ns (43.363%))
  Logic Levels:           26  (CARRY4=14 DSP48E1=2 LUT3=3 LUT4=2 LUT5=2 LUT6=3)
  Clock Path Skew:        0.035ns (DCD - SCD + CPR)
    Destination Clock Delay (DCD):    4.417ns = ( 14.417 - 10.000 ) 
    Source Clock Delay      (SCD):    4.705ns
    Clock Pessimism Removal (CPR):    0.323ns
  Clock Uncertainty:      0.035ns  ((TSJ^2 + TIJ^2)^1/2 + DJ) / 2 + PE
    Total System Jitter     (TSJ):    0.071ns
    Total Input Jitter      (TIJ):    0.000ns
    Discrete Jitter          (DJ):    0.000ns
    Phase Error              (PE):    0.000ns

    Location             Delay type                Incr(ns)  Path(ns)    Netlist Resource(s)
  -------------------------------------------------------------------    -------------------
                         (clock sys_clk rise edge)    0.000     0.000 r  
    N15                                               0.000     0.000 r  clk (IN)
                         net (fo=0)                   0.000     0.000    clk
    N15                  IBUF (Prop_ibuf_I_O)         0.948     0.948 r  clk_IBUF_inst/O
                         net (fo=1, routed)           2.016     2.963    clk_IBUF
    BUFGCTRL_X0Y0        BUFG (Prop_bufg_I_O)         0.096     3.059 r  clk_IBUF_BUFG_inst/O
                         net (fo=19, routed)          1.645     4.705    clk_IBUF_BUFG
    SLICE_X15Y50         FDCE                                         r  x_sq_reg_reg[4]_replica/C
  -------------------------------------------------------------------    -------------------
    SLICE_X15Y50         FDCE (Prop_fdce_C_Q)         0.456     5.161 r  x_sq_reg_reg[4]_replica/Q
                         net (fo=20, routed)          0.666     5.826    x_sq_reg[4]_repN
    SLICE_X14Y51         LUT4 (Prop_lut4_I1_O)        0.124     5.950 r  sin3_i_56/O
                         net (fo=1, routed)           0.516     6.466    sin3_i_56_n_0
    SLICE_X13Y52         CARRY4 (Prop_carry4_DI[0]_CO[3])
                                                      0.526     6.992 r  sin3_i_33/CO[3]
                         net (fo=3, routed)           1.333     8.325    sin3_i_33_n_0
    SLICE_X15Y52         LUT6 (Prop_lut6_I4_O)        0.124     8.449 r  sin3_i_9/O
                         net (fo=2, routed)           0.521     8.970    sin3_i_9_n_0
    SLICE_X12Y52         CARRY4 (Prop_carry4_DI[0]_O[3])
                                                      0.642     9.612 r  sin3_i_2/O[3]
                         net (fo=19, routed)          0.565    10.177    A[14]
    DSP48_X0Y21          DSP48E1 (Prop_dsp48e1_A[14]_P[20])
                                                      4.024    14.201 r  sin3/P[20]
                         net (fo=1, routed)           0.768    14.970    sin3_n_85
    DSP48_X0Y20          DSP48E1 (Prop_dsp48e1_A[20]_P[9])
                                                      3.841    18.811 r  sin2/P[9]
                         net (fo=33, routed)          1.253    20.064    sin2_n_96
    SLICE_X11Y49         LUT3 (Prop_lut3_I1_O)        0.124    20.188 r  sin[0]_i_356/O
                         net (fo=1, routed)           0.473    20.661    sin[0]_i_356_n_0
    SLICE_X10Y51         CARRY4 (Prop_carry4_DI[3]_CO[3])
                                                      0.396    21.057 r  sin_reg[0]_i_275/CO[3]
                         net (fo=1, routed)           0.000    21.057    sin_reg[0]_i_275_n_0
    SLICE_X10Y52         CARRY4 (Prop_carry4_CI_CO[3])
                                                      0.117    21.174 r  sin_reg[0]_i_156/CO[3]
                         net (fo=1, routed)           0.000    21.174    sin_reg[0]_i_156_n_0
    SLICE_X10Y53         CARRY4 (Prop_carry4_CI_CO[3])
                                                      0.117    21.291 r  sin_reg[0]_i_82/CO[3]
                         net (fo=1, routed)           0.000    21.291    sin_reg[0]_i_82_n_0
    SLICE_X10Y54         CARRY4 (Prop_carry4_CI_CO[3])
                                                      0.117    21.408 r  sin_reg[0]_i_77/CO[3]
                         net (fo=1, routed)           0.000    21.408    sin_reg[0]_i_77_n_0
    SLICE_X10Y55         CARRY4 (Prop_carry4_CI_O[3])
                                                      0.315    21.723 r  sin_reg[7]_i_45/O[3]
                         net (fo=4, routed)           0.898    22.621    sin_reg[7]_i_45_n_4
    SLICE_X6Y56          LUT3 (Prop_lut3_I0_O)        0.307    22.928 r  sin[7]_i_47/O
                         net (fo=1, routed)           0.288    23.216    sin[7]_i_47_n_0
    SLICE_X5Y56          LUT5 (Prop_lut5_I4_O)        0.124    23.340 r  sin[7]_i_26/O
                         net (fo=2, routed)           0.642    23.982    sin[7]_i_26_n_0
    SLICE_X7Y56          LUT6 (Prop_lut6_I0_O)        0.124    24.106 r  sin[7]_i_30/O
                         net (fo=1, routed)           0.000    24.106    sin[7]_i_30_n_0
    SLICE_X7Y56          CARRY4 (Prop_carry4_S[0]_CO[3])
                                                      0.532    24.638 r  sin_reg[7]_i_9/CO[3]
                         net (fo=1, routed)           0.000    24.638    sin_reg[7]_i_9_n_0
    SLICE_X7Y57          CARRY4 (Prop_carry4_CI_O[2])
                                                      0.239    24.877 r  sin_reg[0]_i_383/O[2]
                         net (fo=11, routed)          0.744    25.621    sin_reg[0]_i_383_n_5
    SLICE_X5Y58          LUT3 (Prop_lut3_I0_O)        0.302    25.923 f  sin[0]_i_441/O
                         net (fo=2, routed)           0.321    26.244    sin[0]_i_441_n_0
    SLICE_X6Y57          LUT5 (Prop_lut5_I4_O)        0.124    26.368 r  sin[0]_i_375/O
                         net (fo=2, routed)           0.783    27.151    sin[0]_i_375_n_0
    SLICE_X4Y57          CARRY4 (Prop_carry4_DI[2]_CO[3])
                                                      0.398    27.549 r  sin_reg[0]_i_301/CO[3]
                         net (fo=1, routed)           0.000    27.549    sin_reg[0]_i_301_n_0
    SLICE_X4Y58          CARRY4 (Prop_carry4_CI_O[3])
                                                      0.313    27.862 r  sin_reg[0]_i_217/O[3]
                         net (fo=3, routed)           0.785    28.647    sin_reg[0]_i_217_n_4
    SLICE_X3Y58          LUT4 (Prop_lut4_I1_O)        0.306    28.953 r  sin[0]_i_235/O
                         net (fo=1, routed)           0.000    28.953    sin[0]_i_235_n_0
    SLICE_X3Y58          CARRY4 (Prop_carry4_S[1]_CO[3])
                                                      0.550    29.503 r  sin_reg[0]_i_95/CO[3]
                         net (fo=1, routed)           0.000    29.503    sin_reg[0]_i_95_n_0
    SLICE_X3Y59          CARRY4 (Prop_carry4_CI_CO[2])
                                                      0.228    29.731 r  sin_reg[0]_i_31/CO[2]
                         net (fo=17, routed)          0.653    30.383    sin_reg[0]_i_31_n_1
    SLICE_X2Y61          LUT6 (Prop_lut6_I4_O)        0.313    30.696 r  sin[4]_i_2_comp/O
                         net (fo=1, routed)           0.478    31.175    sin[4]_i_2_n_0
    SLICE_X1Y59          CARRY4 (Prop_carry4_CYINIT_O[0])
                                                      0.482    31.657 r  sin_reg[4]_i_1/O[0]
                         net (fo=1, routed)           0.000    31.657    sin0[1]
    SLICE_X1Y59          FDCE                                         r  sin_reg[1]/D
  -------------------------------------------------------------------    -------------------

                         (clock sys_clk rise edge)   10.000    10.000 r  
    N15                                               0.000    10.000 r  clk (IN)
                         net (fo=0)                   0.000    10.000    clk
    N15                  IBUF (Prop_ibuf_I_O)         0.814    10.814 r  clk_IBUF_inst/O
                         net (fo=1, routed)           1.911    12.725    clk_IBUF
    BUFGCTRL_X0Y0        BUFG (Prop_bufg_I_O)         0.091    12.816 r  clk_IBUF_BUFG_inst/O
                         net (fo=19, routed)          1.600    14.417    clk_IBUF_BUFG
    SLICE_X1Y59          FDCE                                         r  sin_reg[1]/C
                         clock pessimism              0.323    14.740    
                         clock uncertainty           -0.035    14.704    
    SLICE_X1Y59          FDCE (Setup_fdce_C_D)        0.062    14.766    sin_reg[1]
  -------------------------------------------------------------------
                         required time                         14.766    
                         arrival time                         -31.657    
  -------------------------------------------------------------------
                         slack                                -16.891    

Slack (VIOLATED) :        -16.318ns  (required time - arrival time)
  Source:                 x_sq_reg_reg[4]_replica/C
                            (rising edge-triggered cell FDCE clocked by sys_clk  {rise@0.000ns fall@5.000ns period=10.000ns})
  Destination:            sin_reg[0]/D
                            (rising edge-triggered cell FDCE clocked by sys_clk  {rise@0.000ns fall@5.000ns period=10.000ns})
  Path Group:             sys_clk
  Path Type:              Setup (Max at Slow Process Corner)
  Requirement:            10.000ns  (sys_clk rise@10.000ns - sys_clk rise@0.000ns)
  Data Path Delay:        26.346ns  (logic 14.907ns (56.582%)  route 11.439ns (43.418%))
  Logic Levels:           26  (CARRY4=13 DSP48E1=2 LUT3=4 LUT4=2 LUT5=2 LUT6=3)
  Clock Path Skew:        0.034ns (DCD - SCD + CPR)
    Destination Clock Delay (DCD):    4.416ns = ( 14.416 - 10.000 ) 
    Source Clock Delay      (SCD):    4.705ns
    Clock Pessimism Removal (CPR):    0.323ns
  Clock Uncertainty:      0.035ns  ((TSJ^2 + TIJ^2)^1/2 + DJ) / 2 + PE
    Total System Jitter     (TSJ):    0.071ns
    Total Input Jitter      (TIJ):    0.000ns
    Discrete Jitter          (DJ):    0.000ns
    Phase Error              (PE):    0.000ns

    Location             Delay type                Incr(ns)  Path(ns)    Netlist Resource(s)
  -------------------------------------------------------------------    -------------------
                         (clock sys_clk rise edge)    0.000     0.000 r  
    N15                                               0.000     0.000 r  clk (IN)
                         net (fo=0)                   0.000     0.000    clk
    N15                  IBUF (Prop_ibuf_I_O)         0.948     0.948 r  clk_IBUF_inst/O
                         net (fo=1, routed)           2.016     2.963    clk_IBUF
    BUFGCTRL_X0Y0        BUFG (Prop_bufg_I_O)         0.096     3.059 r  clk_IBUF_BUFG_inst/O
                         net (fo=19, routed)          1.645     4.705    clk_IBUF_BUFG
    SLICE_X15Y50         FDCE                                         r  x_sq_reg_reg[4]_replica/C
  -------------------------------------------------------------------    -------------------
    SLICE_X15Y50         FDCE (Prop_fdce_C_Q)         0.456     5.161 r  x_sq_reg_reg[4]_replica/Q
                         net (fo=20, routed)          0.666     5.826    x_sq_reg[4]_repN
    SLICE_X14Y51         LUT4 (Prop_lut4_I1_O)        0.124     5.950 r  sin3_i_56/O
                         net (fo=1, routed)           0.516     6.466    sin3_i_56_n_0
    SLICE_X13Y52         CARRY4 (Prop_carry4_DI[0]_CO[3])
                                                      0.526     6.992 r  sin3_i_33/CO[3]
                         net (fo=3, routed)           1.333     8.325    sin3_i_33_n_0
    SLICE_X15Y52         LUT6 (Prop_lut6_I4_O)        0.124     8.449 r  sin3_i_9/O
                         net (fo=2, routed)           0.521     8.970    sin3_i_9_n_0
    SLICE_X12Y52         CARRY4 (Prop_carry4_DI[0]_O[3])
                                                      0.642     9.612 r  sin3_i_2/O[3]
                         net (fo=19, routed)          0.565    10.177    A[14]
    DSP48_X0Y21          DSP48E1 (Prop_dsp48e1_A[14]_P[20])
                                                      4.024    14.201 r  sin3/P[20]
                         net (fo=1, routed)           0.768    14.970    sin3_n_85
    DSP48_X0Y20          DSP48E1 (Prop_dsp48e1_A[20]_P[9])
                                                      3.841    18.811 r  sin2/P[9]
                         net (fo=33, routed)          1.253    20.064    sin2_n_96
    SLICE_X11Y49         LUT3 (Prop_lut3_I1_O)        0.124    20.188 r  sin[0]_i_356/O
                         net (fo=1, routed)           0.473    20.661    sin[0]_i_356_n_0
    SLICE_X10Y51         CARRY4 (Prop_carry4_DI[3]_CO[3])
                                                      0.396    21.057 r  sin_reg[0]_i_275/CO[3]
                         net (fo=1, routed)           0.000    21.057    sin_reg[0]_i_275_n_0
    SLICE_X10Y52         CARRY4 (Prop_carry4_CI_CO[3])
                                                      0.117    21.174 r  sin_reg[0]_i_156/CO[3]
                         net (fo=1, routed)           0.000    21.174    sin_reg[0]_i_156_n_0
    SLICE_X10Y53         CARRY4 (Prop_carry4_CI_CO[3])
                                                      0.117    21.291 r  sin_reg[0]_i_82/CO[3]
                         net (fo=1, routed)           0.000    21.291    sin_reg[0]_i_82_n_0
    SLICE_X10Y54         CARRY4 (Prop_carry4_CI_CO[3])
                                                      0.117    21.408 r  sin_reg[0]_i_77/CO[3]
                         net (fo=1, routed)           0.000    21.408    sin_reg[0]_i_77_n_0
    SLICE_X10Y55         CARRY4 (Prop_carry4_CI_O[3])
                                                      0.315    21.723 r  sin_reg[7]_i_45/O[3]
                         net (fo=4, routed)           0.898    22.621    sin_reg[7]_i_45_n_4
    SLICE_X6Y56          LUT3 (Prop_lut3_I0_O)        0.307    22.928 r  sin[7]_i_47/O
                         net (fo=1, routed)           0.288    23.216    sin[7]_i_47_n_0
    SLICE_X5Y56          LUT5 (Prop_lut5_I4_O)        0.124    23.340 r  sin[7]_i_26/O
                         net (fo=2, routed)           0.642    23.982    sin[7]_i_26_n_0
    SLICE_X7Y56          LUT6 (Prop_lut6_I0_O)        0.124    24.106 r  sin[7]_i_30/O
                         net (fo=1, routed)           0.000    24.106    sin[7]_i_30_n_0
    SLICE_X7Y56          CARRY4 (Prop_carry4_S[0]_CO[3])
                                                      0.532    24.638 r  sin_reg[7]_i_9/CO[3]
                         net (fo=1, routed)           0.000    24.638    sin_reg[7]_i_9_n_0
    SLICE_X7Y57          CARRY4 (Prop_carry4_CI_O[2])
                                                      0.239    24.877 r  sin_reg[0]_i_383/O[2]
                         net (fo=11, routed)          0.744    25.621    sin_reg[0]_i_383_n_5
    SLICE_X5Y58          LUT3 (Prop_lut3_I0_O)        0.302    25.923 f  sin[0]_i_441/O
                         net (fo=2, routed)           0.321    26.244    sin[0]_i_441_n_0
    SLICE_X6Y57          LUT5 (Prop_lut5_I4_O)        0.124    26.368 r  sin[0]_i_375/O
                         net (fo=2, routed)           0.783    27.151    sin[0]_i_375_n_0
    SLICE_X4Y57          CARRY4 (Prop_carry4_DI[2]_CO[3])
                                                      0.398    27.549 r  sin_reg[0]_i_301/CO[3]
                         net (fo=1, routed)           0.000    27.549    sin_reg[0]_i_301_n_0
    SLICE_X4Y58          CARRY4 (Prop_carry4_CI_O[3])
                                                      0.313    27.862 r  sin_reg[0]_i_217/O[3]
                         net (fo=3, routed)           0.785    28.647    sin_reg[0]_i_217_n_4
    SLICE_X3Y58          LUT4 (Prop_lut4_I1_O)        0.306    28.953 r  sin[0]_i_235/O
                         net (fo=1, routed)           0.000    28.953    sin[0]_i_235_n_0
    SLICE_X3Y58          CARRY4 (Prop_carry4_S[1]_CO[3])
                                                      0.550    29.503 r  sin_reg[0]_i_95/CO[3]
                         net (fo=1, routed)           0.000    29.503    sin_reg[0]_i_95_n_0
    SLICE_X3Y59          CARRY4 (Prop_carry4_CI_CO[2])
                                                      0.228    29.731 r  sin_reg[0]_i_31/CO[2]
                         net (fo=17, routed)          0.389    30.119    sin_reg[0]_i_31_n_1
    SLICE_X2Y58          LUT3 (Prop_lut3_I2_O)        0.313    30.432 r  sin[0]_i_6/O
                         net (fo=9, routed)           0.494    30.926    sin[0]_i_6_n_0
    SLICE_X3Y61          LUT6 (Prop_lut6_I4_O)        0.124    31.050 r  sin[0]_i_1/O
                         net (fo=1, routed)           0.000    31.050    sin0[0]
    SLICE_X3Y61          FDCE                                         r  sin_reg[0]/D
  -------------------------------------------------------------------    -------------------

                         (clock sys_clk rise edge)   10.000    10.000 r  
    N15                                               0.000    10.000 r  clk (IN)
                         net (fo=0)                   0.000    10.000    clk
    N15                  IBUF (Prop_ibuf_I_O)         0.814    10.814 r  clk_IBUF_inst/O
                         net (fo=1, routed)           1.911    12.725    clk_IBUF
    BUFGCTRL_X0Y0        BUFG (Prop_bufg_I_O)         0.091    12.816 r  clk_IBUF_BUFG_inst/O
                         net (fo=19, routed)          1.599    14.416    clk_IBUF_BUFG
    SLICE_X3Y61          FDCE                                         r  sin_reg[0]/C
                         clock pessimism              0.323    14.739    
                         clock uncertainty           -0.035    14.703    
    SLICE_X3Y61          FDCE (Setup_fdce_C_D)        0.029    14.732    sin_reg[0]
  -------------------------------------------------------------------
                         required time                         14.732    
                         arrival time                         -31.050    
  -------------------------------------------------------------------
                         slack                                -16.318    





Min Delay Paths
--------------------------------------------------------------------------------------
Slack (MET) :             0.805ns  (arrival time - required time)
  Source:                 x_sq_reg_reg[5]/C
                            (rising edge-triggered cell FDCE clocked by sys_clk  {rise@0.000ns fall@5.000ns period=10.000ns})
  Destination:            sin_reg[5]/D
                            (rising edge-triggered cell FDCE clocked by sys_clk  {rise@0.000ns fall@5.000ns period=10.000ns})
  Path Group:             sys_clk
  Path Type:              Hold (Min at Fast Process Corner)
  Requirement:            0.000ns  (sys_clk rise@0.000ns - sys_clk rise@0.000ns)
  Data Path Delay:        0.975ns  (logic 0.256ns (26.254%)  route 0.719ns (73.746%))
  Logic Levels:           2  (CARRY4=1 LUT5=1)
  Clock Path Skew:        0.065ns (DCD - SCD - CPR)
    Destination Clock Delay (DCD):    1.962ns
    Source Clock Delay      (SCD):    1.416ns
    Clock Pessimism Removal (CPR):    0.480ns

    Location             Delay type                Incr(ns)  Path(ns)    Netlist Resource(s)
  -------------------------------------------------------------------    -------------------
                         (clock sys_clk rise edge)    0.000     0.000 r  
    N15                                               0.000     0.000 r  clk (IN)
                         net (fo=0)                   0.000     0.000    clk
    N15                  IBUF (Prop_ibuf_I_O)         0.177     0.177 r  clk_IBUF_inst/O
                         net (fo=1, routed)           0.640     0.817    clk_IBUF
    BUFGCTRL_X0Y0        BUFG (Prop_bufg_I_O)         0.026     0.843 r  clk_IBUF_BUFG_inst/O
                         net (fo=19, routed)          0.574     1.416    clk_IBUF_BUFG
    SLICE_X15Y52         FDCE                                         r  x_sq_reg_reg[5]/C
  -------------------------------------------------------------------    -------------------
    SLICE_X15Y52         FDCE (Prop_fdce_C_Q)         0.141     1.557 r  x_sq_reg_reg[5]/Q
                         net (fo=10, routed)          0.719     2.276    x_sq_reg[5]
    SLICE_X1Y60          LUT5 (Prop_lut5_I1_O)        0.045     2.321 r  sin[7]_i_6/O
                         net (fo=1, routed)           0.000     2.321    sin[7]_i_6_n_0
    SLICE_X1Y60          CARRY4 (Prop_carry4_S[0]_O[0])
                                                      0.070     2.391 r  sin_reg[7]_i_1/O[0]
                         net (fo=1, routed)           0.000     2.391    sin0[5]
    SLICE_X1Y60          FDCE                                         r  sin_reg[5]/D
  -------------------------------------------------------------------    -------------------

                         (clock sys_clk rise edge)    0.000     0.000 r  
    N15                                               0.000     0.000 r  clk (IN)
                         net (fo=0)                   0.000     0.000    clk
    N15                  IBUF (Prop_ibuf_I_O)         0.365     0.365 r  clk_IBUF_inst/O
                         net (fo=1, routed)           0.695     1.060    clk_IBUF
    BUFGCTRL_X0Y0        BUFG (Prop_bufg_I_O)         0.029     1.089 r  clk_IBUF_BUFG_inst/O
                         net (fo=19, routed)          0.873     1.962    clk_IBUF_BUFG
    SLICE_X1Y60          FDCE                                         r  sin_reg[5]/C
                         clock pessimism             -0.480     1.481    
    SLICE_X1Y60          FDCE (Hold_fdce_C_D)         0.105     1.586    sin_reg[5]
  -------------------------------------------------------------------
                         required time                         -1.586    
                         arrival time                           2.391    
  -------------------------------------------------------------------
                         slack                                  0.805    

Slack (MET) :             0.841ns  (arrival time - required time)
  Source:                 x_sq_reg_reg[5]/C
                            (rising edge-triggered cell FDCE clocked by sys_clk  {rise@0.000ns fall@5.000ns period=10.000ns})
  Destination:            sin_reg[6]/D
                            (rising edge-triggered cell FDCE clocked by sys_clk  {rise@0.000ns fall@5.000ns period=10.000ns})
  Path Group:             sys_clk
  Path Type:              Hold (Min at Fast Process Corner)
  Requirement:            0.000ns  (sys_clk rise@0.000ns - sys_clk rise@0.000ns)
  Data Path Delay:        1.011ns  (logic 0.292ns (28.880%)  route 0.719ns (71.120%))
  Logic Levels:           2  (CARRY4=1 LUT5=1)
  Clock Path Skew:        0.065ns (DCD - SCD - CPR)
    Destination Clock Delay (DCD):    1.962ns
    Source Clock Delay      (SCD):    1.416ns
    Clock Pessimism Removal (CPR):    0.480ns

    Location             Delay type                Incr(ns)  Path(ns)    Netlist Resource(s)
  -------------------------------------------------------------------    -------------------
                         (clock sys_clk rise edge)    0.000     0.000 r  
    N15                                               0.000     0.000 r  clk (IN)
                         net (fo=0)                   0.000     0.000    clk
    N15                  IBUF (Prop_ibuf_I_O)         0.177     0.177 r  clk_IBUF_inst/O
                         net (fo=1, routed)           0.640     0.817    clk_IBUF
    BUFGCTRL_X0Y0        BUFG (Prop_bufg_I_O)         0.026     0.843 r  clk_IBUF_BUFG_inst/O
                         net (fo=19, routed)          0.574     1.416    clk_IBUF_BUFG
    SLICE_X15Y52         FDCE                                         r  x_sq_reg_reg[5]/C
  -------------------------------------------------------------------    -------------------
    SLICE_X15Y52         FDCE (Prop_fdce_C_Q)         0.141     1.557 r  x_sq_reg_reg[5]/Q
                         net (fo=10, routed)          0.719     2.276    x_sq_reg[5]
    SLICE_X1Y60          LUT5 (Prop_lut5_I1_O)        0.045     2.321 r  sin[7]_i_6/O
                         net (fo=1, routed)           0.000     2.321    sin[7]_i_6_n_0
    SLICE_X1Y60          CARRY4 (Prop_carry4_S[0]_O[1])
                                                      0.106     2.427 r  sin_reg[7]_i_1/O[1]
                         net (fo=1, routed)           0.000     2.427    sin0[6]
    SLICE_X1Y60          FDCE                                         r  sin_reg[6]/D
  -------------------------------------------------------------------    -------------------

                         (clock sys_clk rise edge)    0.000     0.000 r  
    N15                                               0.000     0.000 r  clk (IN)
                         net (fo=0)                   0.000     0.000    clk
    N15                  IBUF (Prop_ibuf_I_O)         0.365     0.365 r  clk_IBUF_inst/O
                         net (fo=1, routed)           0.695     1.060    clk_IBUF
    BUFGCTRL_X0Y0        BUFG (Prop_bufg_I_O)         0.029     1.089 r  clk_IBUF_BUFG_inst/O
                         net (fo=19, routed)          0.873     1.962    clk_IBUF_BUFG
    SLICE_X1Y60          FDCE                                         r  sin_reg[6]/C
                         clock pessimism             -0.480     1.481    
    SLICE_X1Y60          FDCE (Hold_fdce_C_D)         0.105     1.586    sin_reg[6]
  -------------------------------------------------------------------
                         required time                         -1.586    
                         arrival time                           2.427    
  -------------------------------------------------------------------
                         slack                                  0.841    

Slack (MET) :             0.872ns  (arrival time - required time)
  Source:                 x_sq_reg_reg[7]/C
                            (rising edge-triggered cell FDCE clocked by sys_clk  {rise@0.000ns fall@5.000ns period=10.000ns})
  Destination:            sin_reg[7]/D
                            (rising edge-triggered cell FDCE clocked by sys_clk  {rise@0.000ns fall@5.000ns period=10.000ns})
  Path Group:             sys_clk
  Path Type:              Hold (Min at Fast Process Corner)
  Requirement:            0.000ns  (sys_clk rise@0.000ns - sys_clk rise@0.000ns)
  Data Path Delay:        1.043ns  (logic 0.252ns (24.152%)  route 0.791ns (75.848%))
  Logic Levels:           2  (CARRY4=1 LUT5=1)
  Clock Path Skew:        0.066ns (DCD - SCD - CPR)
    Destination Clock Delay (DCD):    1.962ns
    Source Clock Delay      (SCD):    1.415ns
    Clock Pessimism Removal (CPR):    0.480ns

    Location             Delay type                Incr(ns)  Path(ns)    Netlist Resource(s)
  -------------------------------------------------------------------    -------------------
                         (clock sys_clk rise edge)    0.000     0.000 r  
    N15                                               0.000     0.000 r  clk (IN)
                         net (fo=0)                   0.000     0.000    clk
    N15                  IBUF (Prop_ibuf_I_O)         0.177     0.177 r  clk_IBUF_inst/O
                         net (fo=1, routed)           0.640     0.817    clk_IBUF
    BUFGCTRL_X0Y0        BUFG (Prop_bufg_I_O)         0.026     0.843 r  clk_IBUF_BUFG_inst/O
                         net (fo=19, routed)          0.573     1.415    clk_IBUF_BUFG
    SLICE_X13Y54         FDCE                                         r  x_sq_reg_reg[7]/C
  -------------------------------------------------------------------    -------------------
    SLICE_X13Y54         FDCE (Prop_fdce_C_Q)         0.141     1.556 r  x_sq_reg_reg[7]/Q
                         net (fo=29, routed)          0.791     2.348    x_sq_reg[7]
    SLICE_X1Y60          LUT5 (Prop_lut5_I2_O)        0.045     2.393 r  sin[7]_i_4/O
                         net (fo=1, routed)           0.000     2.393    sin[7]_i_4_n_0
    SLICE_X1Y60          CARRY4 (Prop_carry4_S[2]_O[2])
                                                      0.066     2.459 r  sin_reg[7]_i_1/O[2]
                         net (fo=1, routed)           0.000     2.459    sin0[7]
    SLICE_X1Y60          FDCE                                         r  sin_reg[7]/D
  -------------------------------------------------------------------    -------------------

                         (clock sys_clk rise edge)    0.000     0.000 r  
    N15                                               0.000     0.000 r  clk (IN)
                         net (fo=0)                   0.000     0.000    clk
    N15                  IBUF (Prop_ibuf_I_O)         0.365     0.365 r  clk_IBUF_inst/O
                         net (fo=1, routed)           0.695     1.060    clk_IBUF
    BUFGCTRL_X0Y0        BUFG (Prop_bufg_I_O)         0.029     1.089 r  clk_IBUF_BUFG_inst/O
                         net (fo=19, routed)          0.873     1.962    clk_IBUF_BUFG
    SLICE_X1Y60          FDCE                                         r  sin_reg[7]/C
                         clock pessimism             -0.480     1.481    
    SLICE_X1Y60          FDCE (Hold_fdce_C_D)         0.105     1.586    sin_reg[7]
  -------------------------------------------------------------------
                         required time                         -1.586    
                         arrival time                           2.459    
  -------------------------------------------------------------------
                         slack                                  0.872    

Slack (MET) :             0.883ns  (arrival time - required time)
  Source:                 x_sq_reg_reg[4]/C
                            (rising edge-triggered cell FDCE clocked by sys_clk  {rise@0.000ns fall@5.000ns period=10.000ns})
  Destination:            sin_reg[4]/D
                            (rising edge-triggered cell FDCE clocked by sys_clk  {rise@0.000ns fall@5.000ns period=10.000ns})
  Path Group:             sys_clk
  Path Type:              Hold (Min at Fast Process Corner)
  Requirement:            0.000ns  (sys_clk rise@0.000ns - sys_clk rise@0.000ns)
  Data Path Delay:        1.054ns  (logic 0.249ns (23.622%)  route 0.805ns (76.378%))
  Logic Levels:           2  (CARRY4=1 LUT5=1)
  Clock Path Skew:        0.066ns (DCD - SCD - CPR)
    Destination Clock Delay (DCD):    1.963ns
    Source Clock Delay      (SCD):    1.416ns
    Clock Pessimism Removal (CPR):    0.480ns

    Location             Delay type                Incr(ns)  Path(ns)    Netlist Resource(s)
  -------------------------------------------------------------------    -------------------
                         (clock sys_clk rise edge)    0.000     0.000 r  
    N15                                               0.000     0.000 r  clk (IN)
                         net (fo=0)                   0.000     0.000    clk
    N15                  IBUF (Prop_ibuf_I_O)         0.177     0.177 r  clk_IBUF_inst/O
                         net (fo=1, routed)           0.640     0.817    clk_IBUF
    BUFGCTRL_X0Y0        BUFG (Prop_bufg_I_O)         0.026     0.843 r  clk_IBUF_BUFG_inst/O
                         net (fo=19, routed)          0.574     1.416    clk_IBUF_BUFG
    SLICE_X15Y52         FDCE                                         r  x_sq_reg_reg[4]/C
  -------------------------------------------------------------------    -------------------
    SLICE_X15Y52         FDCE (Prop_fdce_C_Q)         0.141     1.557 r  x_sq_reg_reg[4]/Q
                         net (fo=11, routed)          0.805     2.362    x_sq_reg[4]
    SLICE_X1Y59          LUT5 (Prop_lut5_I1_O)        0.045     2.407 r  sin[4]_i_7/O
                         net (fo=1, routed)           0.000     2.407    sin[4]_i_7_n_0
    SLICE_X1Y59          CARRY4 (Prop_carry4_S[3]_O[3])
                                                      0.063     2.470 r  sin_reg[4]_i_1/O[3]
                         net (fo=1, routed)           0.000     2.470    sin0[4]
    SLICE_X1Y59          FDCE                                         r  sin_reg[4]/D
  -------------------------------------------------------------------    -------------------

                         (clock sys_clk rise edge)    0.000     0.000 r  
    N15                                               0.000     0.000 r  clk (IN)
                         net (fo=0)                   0.000     0.000    clk
    N15                  IBUF (Prop_ibuf_I_O)         0.365     0.365 r  clk_IBUF_inst/O
                         net (fo=1, routed)           0.695     1.060    clk_IBUF
    BUFGCTRL_X0Y0        BUFG (Prop_bufg_I_O)         0.029     1.089 r  clk_IBUF_BUFG_inst/O
                         net (fo=19, routed)          0.874     1.963    clk_IBUF_BUFG
    SLICE_X1Y59          FDCE                                         r  sin_reg[4]/C
                         clock pessimism             -0.480     1.482    
    SLICE_X1Y59          FDCE (Hold_fdce_C_D)         0.105     1.587    sin_reg[4]
  -------------------------------------------------------------------
                         required time                         -1.587    
                         arrival time                           2.470    
  -------------------------------------------------------------------
                         slack                                  0.883    

Slack (MET) :             1.147ns  (arrival time - required time)
  Source:                 x_sq_reg_reg[3]/C
                            (rising edge-triggered cell FDCE clocked by sys_clk  {rise@0.000ns fall@5.000ns period=10.000ns})
  Destination:            sin_reg[3]/D
                            (rising edge-triggered cell FDCE clocked by sys_clk  {rise@0.000ns fall@5.000ns period=10.000ns})
  Path Group:             sys_clk
  Path Type:              Hold (Min at Fast Process Corner)
  Requirement:            0.000ns  (sys_clk rise@0.000ns - sys_clk rise@0.000ns)
  Data Path Delay:        1.318ns  (logic 0.252ns (19.117%)  route 1.066ns (80.883%))
  Logic Levels:           2  (CARRY4=1 LUT5=1)
  Clock Path Skew:        0.066ns (DCD - SCD - CPR)
    Destination Clock Delay (DCD):    1.963ns
    Source Clock Delay      (SCD):    1.416ns
    Clock Pessimism Removal (CPR):    0.480ns

    Location             Delay type                Incr(ns)  Path(ns)    Netlist Resource(s)
  -------------------------------------------------------------------    -------------------
                         (clock sys_clk rise edge)    0.000     0.000 r  
    N15                                               0.000     0.000 r  clk (IN)
                         net (fo=0)                   0.000     0.000    clk
    N15                  IBUF (Prop_ibuf_I_O)         0.177     0.177 r  clk_IBUF_inst/O
                         net (fo=1, routed)           0.640     0.817    clk_IBUF
    BUFGCTRL_X0Y0        BUFG (Prop_bufg_I_O)         0.026     0.843 r  clk_IBUF_BUFG_inst/O
                         net (fo=19, routed)          0.574     1.416    clk_IBUF_BUFG
    SLICE_X15Y51         FDCE                                         r  x_sq_reg_reg[3]/C
  -------------------------------------------------------------------    -------------------
    SLICE_X15Y51         FDCE (Prop_fdce_C_Q)         0.141     1.557 r  x_sq_reg_reg[3]/Q
                         net (fo=26, routed)          1.066     2.624    x_sq_reg[3]
    SLICE_X1Y59          LUT5 (Prop_lut5_I1_O)        0.045     2.669 r  sin[4]_i_8/O
                         net (fo=1, routed)           0.000     2.669    sin[4]_i_8_n_0
    SLICE_X1Y59          CARRY4 (Prop_carry4_S[2]_O[2])
                                                      0.066     2.735 r  sin_reg[4]_i_1/O[2]
                         net (fo=1, routed)           0.000     2.735    sin0[3]
    SLICE_X1Y59          FDCE                                         r  sin_reg[3]/D
  -------------------------------------------------------------------    -------------------

                         (clock sys_clk rise edge)    0.000     0.000 r  
    N15                                               0.000     0.000 r  clk (IN)
                         net (fo=0)                   0.000     0.000    clk
    N15                  IBUF (Prop_ibuf_I_O)         0.365     0.365 r  clk_IBUF_inst/O
                         net (fo=1, routed)           0.695     1.060    clk_IBUF
    BUFGCTRL_X0Y0        BUFG (Prop_bufg_I_O)         0.029     1.089 r  clk_IBUF_BUFG_inst/O
                         net (fo=19, routed)          0.874     1.963    clk_IBUF_BUFG
    SLICE_X1Y59          FDCE                                         r  sin_reg[3]/C
                         clock pessimism             -0.480     1.482    
    SLICE_X1Y59          FDCE (Hold_fdce_C_D)         0.105     1.587    sin_reg[3]
  -------------------------------------------------------------------
                         required time                         -1.587    
                         arrival time                           2.735    
  -------------------------------------------------------------------
                         slack                                  1.147    

Slack (MET) :             1.210ns  (arrival time - required time)
  Source:                 x_sq_reg_reg[3]/C
                            (rising edge-triggered cell FDCE clocked by sys_clk  {rise@0.000ns fall@5.000ns period=10.000ns})
  Destination:            sin_reg[2]/D
                            (rising edge-triggered cell FDCE clocked by sys_clk  {rise@0.000ns fall@5.000ns period=10.000ns})
  Path Group:             sys_clk
  Path Type:              Hold (Min at Fast Process Corner)
  Requirement:            0.000ns  (sys_clk rise@0.000ns - sys_clk rise@0.000ns)
  Data Path Delay:        1.381ns  (logic 0.296ns (21.435%)  route 1.085ns (78.565%))
  Logic Levels:           3  (CARRY4=1 LUT4=1 LUT5=1)
  Clock Path Skew:        0.066ns (DCD - SCD - CPR)
    Destination Clock Delay (DCD):    1.963ns
    Source Clock Delay      (SCD):    1.416ns
    Clock Pessimism Removal (CPR):    0.480ns

    Location             Delay type                Incr(ns)  Path(ns)    Netlist Resource(s)
  -------------------------------------------------------------------    -------------------
                         (clock sys_clk rise edge)    0.000     0.000 r  
    N15                                               0.000     0.000 r  clk (IN)
                         net (fo=0)                   0.000     0.000    clk
    N15                  IBUF (Prop_ibuf_I_O)         0.177     0.177 r  clk_IBUF_inst/O
                         net (fo=1, routed)           0.640     0.817    clk_IBUF
    BUFGCTRL_X0Y0        BUFG (Prop_bufg_I_O)         0.026     0.843 r  clk_IBUF_BUFG_inst/O
                         net (fo=19, routed)          0.574     1.416    clk_IBUF_BUFG
    SLICE_X15Y51         FDCE                                         r  x_sq_reg_reg[3]/C
  -------------------------------------------------------------------    -------------------
    SLICE_X15Y51         FDCE (Prop_fdce_C_Q)         0.141     1.557 r  x_sq_reg_reg[3]/Q
                         net (fo=26, routed)          0.942     2.499    x_sq_reg[3]
    SLICE_X0Y59          LUT5 (Prop_lut5_I1_O)        0.045     2.544 r  sin[4]_i_20_comp_1/O
                         net (fo=1, routed)           0.143     2.687    sin[4]_i_20_n_0
    SLICE_X1Y59          LUT4 (Prop_lut4_I1_O)        0.045     2.732 r  sin[4]_i_9_comp/O
                         net (fo=1, routed)           0.000     2.732    sin[4]_i_9_n_0
    SLICE_X1Y59          CARRY4 (Prop_carry4_S[1]_O[1])
                                                      0.065     2.797 r  sin_reg[4]_i_1/O[1]
                         net (fo=1, routed)           0.000     2.797    sin0[2]
    SLICE_X1Y59          FDCE                                         r  sin_reg[2]/D
  -------------------------------------------------------------------    -------------------

                         (clock sys_clk rise edge)    0.000     0.000 r  
    N15                                               0.000     0.000 r  clk (IN)
                         net (fo=0)                   0.000     0.000    clk
    N15                  IBUF (Prop_ibuf_I_O)         0.365     0.365 r  clk_IBUF_inst/O
                         net (fo=1, routed)           0.695     1.060    clk_IBUF
    BUFGCTRL_X0Y0        BUFG (Prop_bufg_I_O)         0.029     1.089 r  clk_IBUF_BUFG_inst/O
                         net (fo=19, routed)          0.874     1.963    clk_IBUF_BUFG
    SLICE_X1Y59          FDCE                                         r  sin_reg[2]/C
                         clock pessimism             -0.480     1.482    
    SLICE_X1Y59          FDCE (Hold_fdce_C_D)         0.105     1.587    sin_reg[2]
  -------------------------------------------------------------------
                         required time                         -1.587    
                         arrival time                           2.797    
  -------------------------------------------------------------------
                         slack                                  1.210    

Slack (MET) :             1.395ns  (arrival time - required time)
  Source:                 x_sq_reg_reg[0]/C
                            (rising edge-triggered cell FDCE clocked by sys_clk  {rise@0.000ns fall@5.000ns period=10.000ns})
  Destination:            sin_reg[0]/D
                            (rising edge-triggered cell FDCE clocked by sys_clk  {rise@0.000ns fall@5.000ns period=10.000ns})
  Path Group:             sys_clk
  Path Type:              Hold (Min at Fast Process Corner)
  Requirement:            0.000ns  (sys_clk rise@0.000ns - sys_clk rise@0.000ns)
  Data Path Delay:        1.551ns  (logic 0.505ns (32.569%)  route 1.046ns (67.431%))
  Logic Levels:           4  (CARRY4=3 LUT6=1)
  Clock Path Skew:        0.065ns (DCD - SCD - CPR)
    Destination Clock Delay (DCD):    1.962ns
    Source Clock Delay      (SCD):    1.416ns
    Clock Pessimism Removal (CPR):    0.480ns

    Location             Delay type                Incr(ns)  Path(ns)    Netlist Resource(s)
  -------------------------------------------------------------------    -------------------
                         (clock sys_clk rise edge)    0.000     0.000 r  
    N15                                               0.000     0.000 r  clk (IN)
                         net (fo=0)                   0.000     0.000    clk
    N15                  IBUF (Prop_ibuf_I_O)         0.177     0.177 r  clk_IBUF_inst/O
                         net (fo=1, routed)           0.640     0.817    clk_IBUF
    BUFGCTRL_X0Y0        BUFG (Prop_bufg_I_O)         0.026     0.843 r  clk_IBUF_BUFG_inst/O
                         net (fo=19, routed)          0.574     1.416    clk_IBUF_BUFG
    SLICE_X15Y52         FDCE                                         r  x_sq_reg_reg[0]/C
  -------------------------------------------------------------------    -------------------
    SLICE_X15Y52         FDCE (Prop_fdce_C_Q)         0.141     1.557 r  x_sq_reg_reg[0]/Q
                         net (fo=33, routed)          0.652     2.210    x_sq_reg[0]
    SLICE_X2Y49          CARRY4 (Prop_carry4_DI[1]_CO[3])
                                                      0.150     2.360 r  sin_reg[0]_i_52/CO[3]
                         net (fo=1, routed)           0.001     2.360    sin_reg[0]_i_52_n_0
    SLICE_X2Y50          CARRY4 (Prop_carry4_CI_CO[3])
                                                      0.040     2.400 r  sin_reg[0]_i_12/CO[3]
                         net (fo=1, routed)           0.000     2.400    sin_reg[0]_i_12_n_0
    SLICE_X2Y51          CARRY4 (Prop_carry4_CI_O[2])
                                                      0.066     2.466 r  sin_reg[0]_i_4/O[2]
                         net (fo=7, routed)           0.393     2.859    sin_reg[0]_i_4_n_5
    SLICE_X3Y61          LUT6 (Prop_lut6_I2_O)        0.108     2.967 r  sin[0]_i_1/O
                         net (fo=1, routed)           0.000     2.967    sin0[0]
    SLICE_X3Y61          FDCE                                         r  sin_reg[0]/D
  -------------------------------------------------------------------    -------------------

                         (clock sys_clk rise edge)    0.000     0.000 r  
    N15                                               0.000     0.000 r  clk (IN)
                         net (fo=0)                   0.000     0.000    clk
    N15                  IBUF (Prop_ibuf_I_O)         0.365     0.365 r  clk_IBUF_inst/O
                         net (fo=1, routed)           0.695     1.060    clk_IBUF
    BUFGCTRL_X0Y0        BUFG (Prop_bufg_I_O)         0.029     1.089 r  clk_IBUF_BUFG_inst/O
                         net (fo=19, routed)          0.873     1.962    clk_IBUF_BUFG
    SLICE_X3Y61          FDCE                                         r  sin_reg[0]/C
                         clock pessimism             -0.480     1.481    
    SLICE_X3Y61          FDCE (Hold_fdce_C_D)         0.091     1.572    sin_reg[0]
  -------------------------------------------------------------------
                         required time                         -1.572    
                         arrival time                           2.967    
  -------------------------------------------------------------------
                         slack                                  1.395    

Slack (MET) :             1.536ns  (arrival time - required time)
  Source:                 x_sq_reg_reg[2]/C
                            (rising edge-triggered cell FDCE clocked by sys_clk  {rise@0.000ns fall@5.000ns period=10.000ns})
  Destination:            sin_reg[1]/D
                            (rising edge-triggered cell FDCE clocked by sys_clk  {rise@0.000ns fall@5.000ns period=10.000ns})
  Path Group:             sys_clk
  Path Type:              Hold (Min at Fast Process Corner)
  Requirement:            0.000ns  (sys_clk rise@0.000ns - sys_clk rise@0.000ns)
  Data Path Delay:        1.707ns  (logic 0.346ns (20.267%)  route 1.361ns (79.733%))
  Logic Levels:           3  (CARRY4=1 LUT6=2)
  Clock Path Skew:        0.066ns (DCD - SCD - CPR)
    Destination Clock Delay (DCD):    1.963ns
    Source Clock Delay      (SCD):    1.416ns
    Clock Pessimism Removal (CPR):    0.480ns

    Location             Delay type                Incr(ns)  Path(ns)    Netlist Resource(s)
  -------------------------------------------------------------------    -------------------
                         (clock sys_clk rise edge)    0.000     0.000 r  
    N15                                               0.000     0.000 r  clk (IN)
                         net (fo=0)                   0.000     0.000    clk
    N15                  IBUF (Prop_ibuf_I_O)         0.177     0.177 r  clk_IBUF_inst/O
                         net (fo=1, routed)           0.640     0.817    clk_IBUF
    BUFGCTRL_X0Y0        BUFG (Prop_bufg_I_O)         0.026     0.843 r  clk_IBUF_BUFG_inst/O
                         net (fo=19, routed)          0.574     1.416    clk_IBUF_BUFG
    SLICE_X13Y52         FDCE                                         r  x_sq_reg_reg[2]/C
  -------------------------------------------------------------------    -------------------
    SLICE_X13Y52         FDCE (Prop_fdce_C_Q)         0.141     1.557 r  x_sq_reg_reg[2]/Q
                         net (fo=30, routed)          0.896     2.453    x_sq_reg[2]
    SLICE_X3Y61          LUT6 (Prop_lut6_I0_O)        0.045     2.498 r  sin[4]_i_21_comp_1/O
                         net (fo=1, routed)           0.280     2.777    sin[4]_i_21_n_0
    SLICE_X3Y61          LUT6 (Prop_lut6_I1_O)        0.045     2.822 r  sin[4]_i_10_comp_1/O
                         net (fo=1, routed)           0.186     3.009    sin[4]_i_10_n_0
    SLICE_X1Y59          CARRY4 (Prop_carry4_S[0]_O[0])
                                                      0.115     3.124 r  sin_reg[4]_i_1/O[0]
                         net (fo=1, routed)           0.000     3.124    sin0[1]
    SLICE_X1Y59          FDCE                                         r  sin_reg[1]/D
  -------------------------------------------------------------------    -------------------

                         (clock sys_clk rise edge)    0.000     0.000 r  
    N15                                               0.000     0.000 r  clk (IN)
                         net (fo=0)                   0.000     0.000    clk
    N15                  IBUF (Prop_ibuf_I_O)         0.365     0.365 r  clk_IBUF_inst/O
                         net (fo=1, routed)           0.695     1.060    clk_IBUF
    BUFGCTRL_X0Y0        BUFG (Prop_bufg_I_O)         0.029     1.089 r  clk_IBUF_BUFG_inst/O
                         net (fo=19, routed)          0.874     1.963    clk_IBUF_BUFG
    SLICE_X1Y59          FDCE                                         r  sin_reg[1]/C
                         clock pessimism             -0.480     1.482    
    SLICE_X1Y59          FDCE (Hold_fdce_C_D)         0.105     1.587    sin_reg[1]
  -------------------------------------------------------------------
                         required time                         -1.587    
                         arrival time                           3.124    
  -------------------------------------------------------------------
                         slack                                  1.536    





Pulse Width Checks
--------------------------------------------------------------------------------------
Clock Name:         sys_clk
Waveform(ns):       { 0.000 5.000 }
Period(ns):         10.000
Sources:            { clk }

Check Type        Corner  Lib Pin  Reference Pin  Required(ns)  Actual(ns)  Slack(ns)  Location       Pin
Min Period        n/a     BUFG/I   n/a            2.155         10.000      7.845      BUFGCTRL_X0Y0  clk_IBUF_BUFG_inst/I
Min Period        n/a     FDCE/C   n/a            1.000         10.000      9.000      SLICE_X3Y61    sin_reg[0]/C
Min Period        n/a     FDCE/C   n/a            1.000         10.000      9.000      SLICE_X1Y59    sin_reg[1]/C
Min Period        n/a     FDCE/C   n/a            1.000         10.000      9.000      SLICE_X1Y59    sin_reg[2]/C
Min Period        n/a     FDCE/C   n/a            1.000         10.000      9.000      SLICE_X1Y59    sin_reg[3]/C
Min Period        n/a     FDCE/C   n/a            1.000         10.000      9.000      SLICE_X1Y59    sin_reg[4]/C
Min Period        n/a     FDCE/C   n/a            1.000         10.000      9.000      SLICE_X1Y60    sin_reg[5]/C
Min Period        n/a     FDCE/C   n/a            1.000         10.000      9.000      SLICE_X1Y60    sin_reg[6]/C
Min Period        n/a     FDCE/C   n/a            1.000         10.000      9.000      SLICE_X1Y60    sin_reg[7]/C
Min Period        n/a     FDCE/C   n/a            1.000         10.000      9.000      SLICE_X15Y52   x_sq_reg_reg[0]/C
Low Pulse Width   Slow    FDCE/C   n/a            0.500         5.000       4.500      SLICE_X3Y61    sin_reg[0]/C
Low Pulse Width   Fast    FDCE/C   n/a            0.500         5.000       4.500      SLICE_X3Y61    sin_reg[0]/C
Low Pulse Width   Slow    FDCE/C   n/a            0.500         5.000       4.500      SLICE_X1Y59    sin_reg[1]/C
Low Pulse Width   Fast    FDCE/C   n/a            0.500         5.000       4.500      SLICE_X1Y59    sin_reg[1]/C
Low Pulse Width   Slow    FDCE/C   n/a            0.500         5.000       4.500      SLICE_X1Y59    sin_reg[2]/C
Low Pulse Width   Fast    FDCE/C   n/a            0.500         5.000       4.500      SLICE_X1Y59    sin_reg[2]/C
Low Pulse Width   Slow    FDCE/C   n/a            0.500         5.000       4.500      SLICE_X1Y59    sin_reg[3]/C
Low Pulse Width   Fast    FDCE/C   n/a            0.500         5.000       4.500      SLICE_X1Y59    sin_reg[3]/C
Low Pulse Width   Slow    FDCE/C   n/a            0.500         5.000       4.500      SLICE_X1Y59    sin_reg[4]/C
Low Pulse Width   Fast    FDCE/C   n/a            0.500         5.000       4.500      SLICE_X1Y59    sin_reg[4]/C
High Pulse Width  Slow    FDCE/C   n/a            0.500         5.000       4.500      SLICE_X3Y61    sin_reg[0]/C
High Pulse Width  Fast    FDCE/C   n/a            0.500         5.000       4.500      SLICE_X3Y61    sin_reg[0]/C
High Pulse Width  Slow    FDCE/C   n/a            0.500         5.000       4.500      SLICE_X1Y59    sin_reg[1]/C
High Pulse Width  Fast    FDCE/C   n/a            0.500         5.000       4.500      SLICE_X1Y59    sin_reg[1]/C
High Pulse Width  Slow    FDCE/C   n/a            0.500         5.000       4.500      SLICE_X1Y59    sin_reg[2]/C
High Pulse Width  Fast    FDCE/C   n/a            0.500         5.000       4.500      SLICE_X1Y59    sin_reg[2]/C
High Pulse Width  Slow    FDCE/C   n/a            0.500         5.000       4.500      SLICE_X1Y59    sin_reg[3]/C
High Pulse Width  Fast    FDCE/C   n/a            0.500         5.000       4.500      SLICE_X1Y59    sin_reg[3]/C
High Pulse Width  Slow    FDCE/C   n/a            0.500         5.000       4.500      SLICE_X1Y59    sin_reg[4]/C
High Pulse Width  Fast    FDCE/C   n/a            0.500         5.000       4.500      SLICE_X1Y59    sin_reg[4]/C



--------------------------------------------------------------------------------------
Path Group:  (none)
From Clock:  sys_clk
  To Clock:  

Max Delay             8 Endpoints
Min Delay             8 Endpoints
--------------------------------------------------------------------------------------


Max Delay Paths
--------------------------------------------------------------------------------------
Slack:                    inf
  Source:                 sin_reg[7]/C
                            (rising edge-triggered cell FDCE clocked by sys_clk  {rise@0.000ns fall@5.000ns period=10.000ns})
  Destination:            sin[7]
                            (output port)
  Path Group:             (none)
  Path Type:              Max at Slow Process Corner
  Data Path Delay:        4.965ns  (logic 3.104ns (62.512%)  route 1.861ns (37.488%))
  Logic Levels:           1  (OBUF=1)
  Clock Uncertainty:      0.025ns  ((TSJ^2 + TIJ^2)^1/2 + DJ) / 2 + PE
    Total System Jitter     (TSJ):    0.050ns
    Total Input Jitter      (TIJ):    0.000ns
    Discrete Jitter          (DJ):    0.000ns
    Phase Error              (PE):    0.000ns

    Location             Delay type                Incr(ns)  Path(ns)    Netlist Resource(s)
  -------------------------------------------------------------------    -------------------
                         (clock sys_clk rise edge)    0.000     0.000 r  
    N15                                               0.000     0.000 r  clk (IN)
                         net (fo=0)                   0.000     0.000    clk
    N15                  IBUF (Prop_ibuf_I_O)         0.948     0.948 r  clk_IBUF_inst/O
                         net (fo=1, routed)           2.016     2.963    clk_IBUF
    BUFGCTRL_X0Y0        BUFG (Prop_bufg_I_O)         0.096     3.059 r  clk_IBUF_BUFG_inst/O
                         net (fo=19, routed)          1.721     4.781    clk_IBUF_BUFG
    SLICE_X1Y60          FDCE                                         r  sin_reg[7]/C
  -------------------------------------------------------------------    -------------------
    SLICE_X1Y60          FDCE (Prop_fdce_C_Q)         0.456     5.237 r  sin_reg[7]/Q
                         net (fo=1, routed)           1.861     7.098    sin_OBUF[7]
    U17                  OBUF (Prop_obuf_I_O)         2.648     9.746 r  sin_OBUF[7]_inst/O
                         net (fo=0)                   0.000     9.746    sin[7]
    U17                                                               r  sin[7] (OUT)
  -------------------------------------------------------------------    -------------------

Slack:                    inf
  Source:                 sin_reg[0]/C
                            (rising edge-triggered cell FDCE clocked by sys_clk  {rise@0.000ns fall@5.000ns period=10.000ns})
  Destination:            sin[0]
                            (output port)
  Path Group:             (none)
  Path Type:              Max at Slow Process Corner
  Data Path Delay:        4.933ns  (logic 3.119ns (63.232%)  route 1.814ns (36.768%))
  Logic Levels:           1  (OBUF=1)
  Clock Uncertainty:      0.025ns  ((TSJ^2 + TIJ^2)^1/2 + DJ) / 2 + PE
    Total System Jitter     (TSJ):    0.050ns
    Total Input Jitter      (TIJ):    0.000ns
    Discrete Jitter          (DJ):    0.000ns
    Phase Error              (PE):    0.000ns

    Location             Delay type                Incr(ns)  Path(ns)    Netlist Resource(s)
  -------------------------------------------------------------------    -------------------
                         (clock sys_clk rise edge)    0.000     0.000 r  
    N15                                               0.000     0.000 r  clk (IN)
                         net (fo=0)                   0.000     0.000    clk
    N15                  IBUF (Prop_ibuf_I_O)         0.948     0.948 r  clk_IBUF_inst/O
                         net (fo=1, routed)           2.016     2.963    clk_IBUF
    BUFGCTRL_X0Y0        BUFG (Prop_bufg_I_O)         0.096     3.059 r  clk_IBUF_BUFG_inst/O
                         net (fo=19, routed)          1.720     4.780    clk_IBUF_BUFG
    SLICE_X3Y61          FDCE                                         r  sin_reg[0]/C
  -------------------------------------------------------------------    -------------------
    SLICE_X3Y61          FDCE (Prop_fdce_C_Q)         0.456     5.236 r  sin_reg[0]/Q
                         net (fo=1, routed)           1.814     7.049    sin_OBUF[0]
    V12                  OBUF (Prop_obuf_I_O)         2.663     9.713 r  sin_OBUF[0]_inst/O
                         net (fo=0)                   0.000     9.713    sin[0]
    V12                                                               r  sin[0] (OUT)
  -------------------------------------------------------------------    -------------------

Slack:                    inf
  Source:                 sin_reg[3]/C
                            (rising edge-triggered cell FDCE clocked by sys_clk  {rise@0.000ns fall@5.000ns period=10.000ns})
  Destination:            sin[3]
                            (output port)
  Path Group:             (none)
  Path Type:              Max at Slow Process Corner
  Data Path Delay:        4.831ns  (logic 3.110ns (64.367%)  route 1.722ns (35.633%))
  Logic Levels:           1  (OBUF=1)
  Clock Uncertainty:      0.025ns  ((TSJ^2 + TIJ^2)^1/2 + DJ) / 2 + PE
    Total System Jitter     (TSJ):    0.050ns
    Total Input Jitter      (TIJ):    0.000ns
    Discrete Jitter          (DJ):    0.000ns
    Phase Error              (PE):    0.000ns

    Location             Delay type                Incr(ns)  Path(ns)    Netlist Resource(s)
  -------------------------------------------------------------------    -------------------
                         (clock sys_clk rise edge)    0.000     0.000 r  
    N15                                               0.000     0.000 r  clk (IN)
                         net (fo=0)                   0.000     0.000    clk
    N15                  IBUF (Prop_ibuf_I_O)         0.948     0.948 r  clk_IBUF_inst/O
                         net (fo=1, routed)           2.016     2.963    clk_IBUF
    BUFGCTRL_X0Y0        BUFG (Prop_bufg_I_O)         0.096     3.059 r  clk_IBUF_BUFG_inst/O
                         net (fo=19, routed)          1.721     4.781    clk_IBUF_BUFG
    SLICE_X1Y59          FDCE                                         r  sin_reg[3]/C
  -------------------------------------------------------------------    -------------------
    SLICE_X1Y59          FDCE (Prop_fdce_C_Q)         0.456     5.237 r  sin_reg[3]/Q
                         net (fo=1, routed)           1.722     6.958    sin_OBUF[3]
    T11                  OBUF (Prop_obuf_I_O)         2.654     9.612 r  sin_OBUF[3]_inst/O
                         net (fo=0)                   0.000     9.612    sin[3]
    T11                                                               r  sin[3] (OUT)
  -------------------------------------------------------------------    -------------------

Slack:                    inf
  Source:                 sin_reg[6]/C
                            (rising edge-triggered cell FDCE clocked by sys_clk  {rise@0.000ns fall@5.000ns period=10.000ns})
  Destination:            sin[6]
                            (output port)
  Path Group:             (none)
  Path Type:              Max at Slow Process Corner
  Data Path Delay:        4.821ns  (logic 3.098ns (64.253%)  route 1.724ns (35.747%))
  Logic Levels:           1  (OBUF=1)
  Clock Uncertainty:      0.025ns  ((TSJ^2 + TIJ^2)^1/2 + DJ) / 2 + PE
    Total System Jitter     (TSJ):    0.050ns
    Total Input Jitter      (TIJ):    0.000ns
    Discrete Jitter          (DJ):    0.000ns
    Phase Error              (PE):    0.000ns

    Location             Delay type                Incr(ns)  Path(ns)    Netlist Resource(s)
  -------------------------------------------------------------------    -------------------
                         (clock sys_clk rise edge)    0.000     0.000 r  
    N15                                               0.000     0.000 r  clk (IN)
                         net (fo=0)                   0.000     0.000    clk
    N15                  IBUF (Prop_ibuf_I_O)         0.948     0.948 r  clk_IBUF_inst/O
                         net (fo=1, routed)           2.016     2.963    clk_IBUF
    BUFGCTRL_X0Y0        BUFG (Prop_bufg_I_O)         0.096     3.059 r  clk_IBUF_BUFG_inst/O
                         net (fo=19, routed)          1.721     4.781    clk_IBUF_BUFG
    SLICE_X1Y60          FDCE                                         r  sin_reg[6]/C
  -------------------------------------------------------------------    -------------------
    SLICE_X1Y60          FDCE (Prop_fdce_C_Q)         0.456     5.237 r  sin_reg[6]/Q
                         net (fo=1, routed)           1.724     6.960    sin_OBUF[6]
    U18                  OBUF (Prop_obuf_I_O)         2.642     9.602 r  sin_OBUF[6]_inst/O
                         net (fo=0)                   0.000     9.602    sin[6]
    U18                                                               r  sin[6] (OUT)
  -------------------------------------------------------------------    -------------------

Slack:                    inf
  Source:                 sin_reg[5]/C
                            (rising edge-triggered cell FDCE clocked by sys_clk  {rise@0.000ns fall@5.000ns period=10.000ns})
  Destination:            sin[5]
                            (output port)
  Path Group:             (none)
  Path Type:              Max at Slow Process Corner
  Data Path Delay:        4.814ns  (logic 3.104ns (64.478%)  route 1.710ns (35.522%))
  Logic Levels:           1  (OBUF=1)
  Clock Uncertainty:      0.025ns  ((TSJ^2 + TIJ^2)^1/2 + DJ) / 2 + PE
    Total System Jitter     (TSJ):    0.050ns
    Total Input Jitter      (TIJ):    0.000ns
    Discrete Jitter          (DJ):    0.000ns
    Phase Error              (PE):    0.000ns

    Location             Delay type                Incr(ns)  Path(ns)    Netlist Resource(s)
  -------------------------------------------------------------------    -------------------
                         (clock sys_clk rise edge)    0.000     0.000 r  
    N15                                               0.000     0.000 r  clk (IN)
                         net (fo=0)                   0.000     0.000    clk
    N15                  IBUF (Prop_ibuf_I_O)         0.948     0.948 r  clk_IBUF_inst/O
                         net (fo=1, routed)           2.016     2.963    clk_IBUF
    BUFGCTRL_X0Y0        BUFG (Prop_bufg_I_O)         0.096     3.059 r  clk_IBUF_BUFG_inst/O
                         net (fo=19, routed)          1.721     4.781    clk_IBUF_BUFG
    SLICE_X1Y60          FDCE                                         r  sin_reg[5]/C
  -------------------------------------------------------------------    -------------------
    SLICE_X1Y60          FDCE (Prop_fdce_C_Q)         0.456     5.237 r  sin_reg[5]/Q
                         net (fo=1, routed)           1.710     6.947    sin_OBUF[5]
    U16                  OBUF (Prop_obuf_I_O)         2.648     9.595 r  sin_OBUF[5]_inst/O
                         net (fo=0)                   0.000     9.595    sin[5]
    U16                                                               r  sin[5] (OUT)
  -------------------------------------------------------------------    -------------------

Slack:                    inf
  Source:                 sin_reg[4]/C
                            (rising edge-triggered cell FDCE clocked by sys_clk  {rise@0.000ns fall@5.000ns period=10.000ns})
  Destination:            sin[4]
                            (output port)
  Path Group:             (none)
  Path Type:              Max at Slow Process Corner
  Data Path Delay:        4.813ns  (logic 3.101ns (64.426%)  route 1.712ns (35.574%))
  Logic Levels:           1  (OBUF=1)
  Clock Uncertainty:      0.025ns  ((TSJ^2 + TIJ^2)^1/2 + DJ) / 2 + PE
    Total System Jitter     (TSJ):    0.050ns
    Total Input Jitter      (TIJ):    0.000ns
    Discrete Jitter          (DJ):    0.000ns
    Phase Error              (PE):    0.000ns

    Location             Delay type                Incr(ns)  Path(ns)    Netlist Resource(s)
  -------------------------------------------------------------------    -------------------
                         (clock sys_clk rise edge)    0.000     0.000 r  
    N15                                               0.000     0.000 r  clk (IN)
                         net (fo=0)                   0.000     0.000    clk
    N15                  IBUF (Prop_ibuf_I_O)         0.948     0.948 r  clk_IBUF_inst/O
                         net (fo=1, routed)           2.016     2.963    clk_IBUF
    BUFGCTRL_X0Y0        BUFG (Prop_bufg_I_O)         0.096     3.059 r  clk_IBUF_BUFG_inst/O
                         net (fo=19, routed)          1.721     4.781    clk_IBUF_BUFG
    SLICE_X1Y59          FDCE                                         r  sin_reg[4]/C
  -------------------------------------------------------------------    -------------------
    SLICE_X1Y59          FDCE (Prop_fdce_C_Q)         0.456     5.237 r  sin_reg[4]/Q
                         net (fo=1, routed)           1.712     6.949    sin_OBUF[4]
    V17                  OBUF (Prop_obuf_I_O)         2.645     9.594 r  sin_OBUF[4]_inst/O
                         net (fo=0)                   0.000     9.594    sin[4]
    V17                                                               r  sin[4] (OUT)
  -------------------------------------------------------------------    -------------------

Slack:                    inf
  Source:                 sin_reg[1]/C
                            (rising edge-triggered cell FDCE clocked by sys_clk  {rise@0.000ns fall@5.000ns period=10.000ns})
  Destination:            sin[1]
                            (output port)
  Path Group:             (none)
  Path Type:              Max at Slow Process Corner
  Data Path Delay:        4.796ns  (logic 3.127ns (65.210%)  route 1.668ns (34.790%))
  Logic Levels:           1  (OBUF=1)
  Clock Uncertainty:      0.025ns  ((TSJ^2 + TIJ^2)^1/2 + DJ) / 2 + PE
    Total System Jitter     (TSJ):    0.050ns
    Total Input Jitter      (TIJ):    0.000ns
    Discrete Jitter          (DJ):    0.000ns
    Phase Error              (PE):    0.000ns

    Location             Delay type                Incr(ns)  Path(ns)    Netlist Resource(s)
  -------------------------------------------------------------------    -------------------
                         (clock sys_clk rise edge)    0.000     0.000 r  
    N15                                               0.000     0.000 r  clk (IN)
                         net (fo=0)                   0.000     0.000    clk
    N15                  IBUF (Prop_ibuf_I_O)         0.948     0.948 r  clk_IBUF_inst/O
                         net (fo=1, routed)           2.016     2.963    clk_IBUF
    BUFGCTRL_X0Y0        BUFG (Prop_bufg_I_O)         0.096     3.059 r  clk_IBUF_BUFG_inst/O
                         net (fo=19, routed)          1.721     4.781    clk_IBUF_BUFG
    SLICE_X1Y59          FDCE                                         r  sin_reg[1]/C
  -------------------------------------------------------------------    -------------------
    SLICE_X1Y59          FDCE (Prop_fdce_C_Q)         0.456     5.237 r  sin_reg[1]/Q
                         net (fo=1, routed)           1.668     6.905    sin_OBUF[1]
    U12                  OBUF (Prop_obuf_I_O)         2.671     9.576 r  sin_OBUF[1]_inst/O
                         net (fo=0)                   0.000     9.576    sin[1]
    U12                                                               r  sin[1] (OUT)
  -------------------------------------------------------------------    -------------------

Slack:                    inf
  Source:                 sin_reg[2]/C
                            (rising edge-triggered cell FDCE clocked by sys_clk  {rise@0.000ns fall@5.000ns period=10.000ns})
  Destination:            sin[2]
                            (output port)
  Path Group:             (none)
  Path Type:              Max at Slow Process Corner
  Data Path Delay:        4.795ns  (logic 3.114ns (64.931%)  route 1.682ns (35.069%))
  Logic Levels:           1  (OBUF=1)
  Clock Uncertainty:      0.025ns  ((TSJ^2 + TIJ^2)^1/2 + DJ) / 2 + PE
    Total System Jitter     (TSJ):    0.050ns
    Total Input Jitter      (TIJ):    0.000ns
    Discrete Jitter          (DJ):    0.000ns
    Phase Error              (PE):    0.000ns

    Location             Delay type                Incr(ns)  Path(ns)    Netlist Resource(s)
  -------------------------------------------------------------------    -------------------
                         (clock sys_clk rise edge)    0.000     0.000 r  
    N15                                               0.000     0.000 r  clk (IN)
                         net (fo=0)                   0.000     0.000    clk
    N15                  IBUF (Prop_ibuf_I_O)         0.948     0.948 r  clk_IBUF_inst/O
                         net (fo=1, routed)           2.016     2.963    clk_IBUF
    BUFGCTRL_X0Y0        BUFG (Prop_bufg_I_O)         0.096     3.059 r  clk_IBUF_BUFG_inst/O
                         net (fo=19, routed)          1.721     4.781    clk_IBUF_BUFG
    SLICE_X1Y59          FDCE                                         r  sin_reg[2]/C
  -------------------------------------------------------------------    -------------------
    SLICE_X1Y59          FDCE (Prop_fdce_C_Q)         0.456     5.237 r  sin_reg[2]/Q
                         net (fo=1, routed)           1.682     6.918    sin_OBUF[2]
    U11                  OBUF (Prop_obuf_I_O)         2.658     9.576 r  sin_OBUF[2]_inst/O
                         net (fo=0)                   0.000     9.576    sin[2]
    U11                                                               r  sin[2] (OUT)
  -------------------------------------------------------------------    -------------------





Min Delay Paths
--------------------------------------------------------------------------------------
Slack:                    inf
  Source:                 sin_reg[2]/C
                            (rising edge-triggered cell FDCE clocked by sys_clk  {rise@0.000ns fall@5.000ns period=10.000ns})
  Destination:            sin[2]
                            (output port)
  Path Group:             (none)
  Path Type:              Min at Fast Process Corner
  Data Path Delay:        1.633ns  (logic 1.315ns (80.546%)  route 0.318ns (19.454%))
  Logic Levels:           1  (OBUF=1)
  Clock Uncertainty:      0.025ns  ((TSJ^2 + TIJ^2)^1/2 + DJ) / 2 + PE
    Total System Jitter     (TSJ):    0.050ns
    Total Input Jitter      (TIJ):    0.000ns
    Discrete Jitter          (DJ):    0.000ns
    Phase Error              (PE):    0.000ns

    Location             Delay type                Incr(ns)  Path(ns)    Netlist Resource(s)
  -------------------------------------------------------------------    -------------------
                         (clock sys_clk rise edge)    0.000     0.000 r  
    N15                                               0.000     0.000 r  clk (IN)
                         net (fo=0)                   0.000     0.000    clk
    N15                  IBUF (Prop_ibuf_I_O)         0.177     0.177 r  clk_IBUF_inst/O
                         net (fo=1, routed)           0.640     0.817    clk_IBUF
    BUFGCTRL_X0Y0        BUFG (Prop_bufg_I_O)         0.026     0.843 r  clk_IBUF_BUFG_inst/O
                         net (fo=19, routed)          0.601     1.443    clk_IBUF_BUFG
    SLICE_X1Y59          FDCE                                         r  sin_reg[2]/C
  -------------------------------------------------------------------    -------------------
    SLICE_X1Y59          FDCE (Prop_fdce_C_Q)         0.141     1.584 r  sin_reg[2]/Q
                         net (fo=1, routed)           0.318     1.902    sin_OBUF[2]
    U11                  OBUF (Prop_obuf_I_O)         1.174     3.076 r  sin_OBUF[2]_inst/O
                         net (fo=0)                   0.000     3.076    sin[2]
    U11                                                               r  sin[2] (OUT)
  -------------------------------------------------------------------    -------------------

Slack:                    inf
  Source:                 sin_reg[1]/C
                            (rising edge-triggered cell FDCE clocked by sys_clk  {rise@0.000ns fall@5.000ns period=10.000ns})
  Destination:            sin[1]
                            (output port)
  Path Group:             (none)
  Path Type:              Min at Fast Process Corner
  Data Path Delay:        1.648ns  (logic 1.329ns (80.618%)  route 0.319ns (19.382%))
  Logic Levels:           1  (OBUF=1)
  Clock Uncertainty:      0.025ns  ((TSJ^2 + TIJ^2)^1/2 + DJ) / 2 + PE
    Total System Jitter     (TSJ):    0.050ns
    Total Input Jitter      (TIJ):    0.000ns
    Discrete Jitter          (DJ):    0.000ns
    Phase Error              (PE):    0.000ns

    Location             Delay type                Incr(ns)  Path(ns)    Netlist Resource(s)
  -------------------------------------------------------------------    -------------------
                         (clock sys_clk rise edge)    0.000     0.000 r  
    N15                                               0.000     0.000 r  clk (IN)
                         net (fo=0)                   0.000     0.000    clk
    N15                  IBUF (Prop_ibuf_I_O)         0.177     0.177 r  clk_IBUF_inst/O
                         net (fo=1, routed)           0.640     0.817    clk_IBUF
    BUFGCTRL_X0Y0        BUFG (Prop_bufg_I_O)         0.026     0.843 r  clk_IBUF_BUFG_inst/O
                         net (fo=19, routed)          0.601     1.443    clk_IBUF_BUFG
    SLICE_X1Y59          FDCE                                         r  sin_reg[1]/C
  -------------------------------------------------------------------    -------------------
    SLICE_X1Y59          FDCE (Prop_fdce_C_Q)         0.141     1.584 r  sin_reg[1]/Q
                         net (fo=1, routed)           0.319     1.904    sin_OBUF[1]
    U12                  OBUF (Prop_obuf_I_O)         1.188     3.091 r  sin_OBUF[1]_inst/O
                         net (fo=0)                   0.000     3.091    sin[1]
    U12                                                               r  sin[1] (OUT)
  -------------------------------------------------------------------    -------------------

Slack:                    inf
  Source:                 sin_reg[6]/C
                            (rising edge-triggered cell FDCE clocked by sys_clk  {rise@0.000ns fall@5.000ns period=10.000ns})
  Destination:            sin[6]
                            (output port)
  Path Group:             (none)
  Path Type:              Min at Fast Process Corner
  Data Path Delay:        1.650ns  (logic 1.300ns (78.758%)  route 0.351ns (21.242%))
  Logic Levels:           1  (OBUF=1)
  Clock Uncertainty:      0.025ns  ((TSJ^2 + TIJ^2)^1/2 + DJ) / 2 + PE
    Total System Jitter     (TSJ):    0.050ns
    Total Input Jitter      (TIJ):    0.000ns
    Discrete Jitter          (DJ):    0.000ns
    Phase Error              (PE):    0.000ns

    Location             Delay type                Incr(ns)  Path(ns)    Netlist Resource(s)
  -------------------------------------------------------------------    -------------------
                         (clock sys_clk rise edge)    0.000     0.000 r  
    N15                                               0.000     0.000 r  clk (IN)
                         net (fo=0)                   0.000     0.000    clk
    N15                  IBUF (Prop_ibuf_I_O)         0.177     0.177 r  clk_IBUF_inst/O
                         net (fo=1, routed)           0.640     0.817    clk_IBUF
    BUFGCTRL_X0Y0        BUFG (Prop_bufg_I_O)         0.026     0.843 r  clk_IBUF_BUFG_inst/O
                         net (fo=19, routed)          0.600     1.442    clk_IBUF_BUFG
    SLICE_X1Y60          FDCE                                         r  sin_reg[6]/C
  -------------------------------------------------------------------    -------------------
    SLICE_X1Y60          FDCE (Prop_fdce_C_Q)         0.141     1.583 r  sin_reg[6]/Q
                         net (fo=1, routed)           0.351     1.934    sin_OBUF[6]
    U18                  OBUF (Prop_obuf_I_O)         1.159     3.092 r  sin_OBUF[6]_inst/O
                         net (fo=0)                   0.000     3.092    sin[6]
    U18                                                               r  sin[6] (OUT)
  -------------------------------------------------------------------    -------------------

Slack:                    inf
  Source:                 sin_reg[4]/C
                            (rising edge-triggered cell FDCE clocked by sys_clk  {rise@0.000ns fall@5.000ns period=10.000ns})
  Destination:            sin[4]
                            (output port)
  Path Group:             (none)
  Path Type:              Min at Fast Process Corner
  Data Path Delay:        1.656ns  (logic 1.302ns (78.669%)  route 0.353ns (21.331%))
  Logic Levels:           1  (OBUF=1)
  Clock Uncertainty:      0.025ns  ((TSJ^2 + TIJ^2)^1/2 + DJ) / 2 + PE
    Total System Jitter     (TSJ):    0.050ns
    Total Input Jitter      (TIJ):    0.000ns
    Discrete Jitter          (DJ):    0.000ns
    Phase Error              (PE):    0.000ns

    Location             Delay type                Incr(ns)  Path(ns)    Netlist Resource(s)
  -------------------------------------------------------------------    -------------------
                         (clock sys_clk rise edge)    0.000     0.000 r  
    N15                                               0.000     0.000 r  clk (IN)
                         net (fo=0)                   0.000     0.000    clk
    N15                  IBUF (Prop_ibuf_I_O)         0.177     0.177 r  clk_IBUF_inst/O
                         net (fo=1, routed)           0.640     0.817    clk_IBUF
    BUFGCTRL_X0Y0        BUFG (Prop_bufg_I_O)         0.026     0.843 r  clk_IBUF_BUFG_inst/O
                         net (fo=19, routed)          0.601     1.443    clk_IBUF_BUFG
    SLICE_X1Y59          FDCE                                         r  sin_reg[4]/C
  -------------------------------------------------------------------    -------------------
    SLICE_X1Y59          FDCE (Prop_fdce_C_Q)         0.141     1.584 r  sin_reg[4]/Q
                         net (fo=1, routed)           0.353     1.938    sin_OBUF[4]
    V17                  OBUF (Prop_obuf_I_O)         1.161     3.099 r  sin_OBUF[4]_inst/O
                         net (fo=0)                   0.000     3.099    sin[4]
    V17                                                               r  sin[4] (OUT)
  -------------------------------------------------------------------    -------------------

Slack:                    inf
  Source:                 sin_reg[5]/C
                            (rising edge-triggered cell FDCE clocked by sys_clk  {rise@0.000ns fall@5.000ns period=10.000ns})
  Destination:            sin[5]
                            (output port)
  Path Group:             (none)
  Path Type:              Min at Fast Process Corner
  Data Path Delay:        1.658ns  (logic 1.306ns (78.760%)  route 0.352ns (21.240%))
  Logic Levels:           1  (OBUF=1)
  Clock Uncertainty:      0.025ns  ((TSJ^2 + TIJ^2)^1/2 + DJ) / 2 + PE
    Total System Jitter     (TSJ):    0.050ns
    Total Input Jitter      (TIJ):    0.000ns
    Discrete Jitter          (DJ):    0.000ns
    Phase Error              (PE):    0.000ns

    Location             Delay type                Incr(ns)  Path(ns)    Netlist Resource(s)
  -------------------------------------------------------------------    -------------------
                         (clock sys_clk rise edge)    0.000     0.000 r  
    N15                                               0.000     0.000 r  clk (IN)
                         net (fo=0)                   0.000     0.000    clk
    N15                  IBUF (Prop_ibuf_I_O)         0.177     0.177 r  clk_IBUF_inst/O
                         net (fo=1, routed)           0.640     0.817    clk_IBUF
    BUFGCTRL_X0Y0        BUFG (Prop_bufg_I_O)         0.026     0.843 r  clk_IBUF_BUFG_inst/O
                         net (fo=19, routed)          0.600     1.442    clk_IBUF_BUFG
    SLICE_X1Y60          FDCE                                         r  sin_reg[5]/C
  -------------------------------------------------------------------    -------------------
    SLICE_X1Y60          FDCE (Prop_fdce_C_Q)         0.141     1.583 r  sin_reg[5]/Q
                         net (fo=1, routed)           0.352     1.936    sin_OBUF[5]
    U16                  OBUF (Prop_obuf_I_O)         1.165     3.100 r  sin_OBUF[5]_inst/O
                         net (fo=0)                   0.000     3.100    sin[5]
    U16                                                               r  sin[5] (OUT)
  -------------------------------------------------------------------    -------------------

Slack:                    inf
  Source:                 sin_reg[3]/C
                            (rising edge-triggered cell FDCE clocked by sys_clk  {rise@0.000ns fall@5.000ns period=10.000ns})
  Destination:            sin[3]
                            (output port)
  Path Group:             (none)
  Path Type:              Min at Fast Process Corner
  Data Path Delay:        1.664ns  (logic 1.311ns (78.812%)  route 0.353ns (21.188%))
  Logic Levels:           1  (OBUF=1)
  Clock Uncertainty:      0.025ns  ((TSJ^2 + TIJ^2)^1/2 + DJ) / 2 + PE
    Total System Jitter     (TSJ):    0.050ns
    Total Input Jitter      (TIJ):    0.000ns
    Discrete Jitter          (DJ):    0.000ns
    Phase Error              (PE):    0.000ns

    Location             Delay type                Incr(ns)  Path(ns)    Netlist Resource(s)
  -------------------------------------------------------------------    -------------------
                         (clock sys_clk rise edge)    0.000     0.000 r  
    N15                                               0.000     0.000 r  clk (IN)
                         net (fo=0)                   0.000     0.000    clk
    N15                  IBUF (Prop_ibuf_I_O)         0.177     0.177 r  clk_IBUF_inst/O
                         net (fo=1, routed)           0.640     0.817    clk_IBUF
    BUFGCTRL_X0Y0        BUFG (Prop_bufg_I_O)         0.026     0.843 r  clk_IBUF_BUFG_inst/O
                         net (fo=19, routed)          0.601     1.443    clk_IBUF_BUFG
    SLICE_X1Y59          FDCE                                         r  sin_reg[3]/C
  -------------------------------------------------------------------    -------------------
    SLICE_X1Y59          FDCE (Prop_fdce_C_Q)         0.141     1.584 r  sin_reg[3]/Q
                         net (fo=1, routed)           0.353     1.937    sin_OBUF[3]
    T11                  OBUF (Prop_obuf_I_O)         1.170     3.107 r  sin_OBUF[3]_inst/O
                         net (fo=0)                   0.000     3.107    sin[3]
    T11                                                               r  sin[3] (OUT)
  -------------------------------------------------------------------    -------------------

Slack:                    inf
  Source:                 sin_reg[0]/C
                            (rising edge-triggered cell FDCE clocked by sys_clk  {rise@0.000ns fall@5.000ns period=10.000ns})
  Destination:            sin[0]
                            (output port)
  Path Group:             (none)
  Path Type:              Min at Fast Process Corner
  Data Path Delay:        1.703ns  (logic 1.321ns (77.573%)  route 0.382ns (22.427%))
  Logic Levels:           1  (OBUF=1)
  Clock Uncertainty:      0.025ns  ((TSJ^2 + TIJ^2)^1/2 + DJ) / 2 + PE
    Total System Jitter     (TSJ):    0.050ns
    Total Input Jitter      (TIJ):    0.000ns
    Discrete Jitter          (DJ):    0.000ns
    Phase Error              (PE):    0.000ns

    Location             Delay type                Incr(ns)  Path(ns)    Netlist Resource(s)
  -------------------------------------------------------------------    -------------------
                         (clock sys_clk rise edge)    0.000     0.000 r  
    N15                                               0.000     0.000 r  clk (IN)
                         net (fo=0)                   0.000     0.000    clk
    N15                  IBUF (Prop_ibuf_I_O)         0.177     0.177 r  clk_IBUF_inst/O
                         net (fo=1, routed)           0.640     0.817    clk_IBUF
    BUFGCTRL_X0Y0        BUFG (Prop_bufg_I_O)         0.026     0.843 r  clk_IBUF_BUFG_inst/O
                         net (fo=19, routed)          0.600     1.442    clk_IBUF_BUFG
    SLICE_X3Y61          FDCE                                         r  sin_reg[0]/C
  -------------------------------------------------------------------    -------------------
    SLICE_X3Y61          FDCE (Prop_fdce_C_Q)         0.141     1.583 r  sin_reg[0]/Q
                         net (fo=1, routed)           0.382     1.965    sin_OBUF[0]
    V12                  OBUF (Prop_obuf_I_O)         1.180     3.145 r  sin_OBUF[0]_inst/O
                         net (fo=0)                   0.000     3.145    sin[0]
    V12                                                               r  sin[0] (OUT)
  -------------------------------------------------------------------    -------------------

Slack:                    inf
  Source:                 sin_reg[7]/C
                            (rising edge-triggered cell FDCE clocked by sys_clk  {rise@0.000ns fall@5.000ns period=10.000ns})
  Destination:            sin[7]
                            (output port)
  Path Group:             (none)
  Path Type:              Min at Fast Process Corner
  Data Path Delay:        1.718ns  (logic 1.306ns (75.994%)  route 0.412ns (24.006%))
  Logic Levels:           1  (OBUF=1)
  Clock Uncertainty:      0.025ns  ((TSJ^2 + TIJ^2)^1/2 + DJ) / 2 + PE
    Total System Jitter     (TSJ):    0.050ns
    Total Input Jitter      (TIJ):    0.000ns
    Discrete Jitter          (DJ):    0.000ns
    Phase Error              (PE):    0.000ns

    Location             Delay type                Incr(ns)  Path(ns)    Netlist Resource(s)
  -------------------------------------------------------------------    -------------------
                         (clock sys_clk rise edge)    0.000     0.000 r  
    N15                                               0.000     0.000 r  clk (IN)
                         net (fo=0)                   0.000     0.000    clk
    N15                  IBUF (Prop_ibuf_I_O)         0.177     0.177 r  clk_IBUF_inst/O
                         net (fo=1, routed)           0.640     0.817    clk_IBUF
    BUFGCTRL_X0Y0        BUFG (Prop_bufg_I_O)         0.026     0.843 r  clk_IBUF_BUFG_inst/O
                         net (fo=19, routed)          0.600     1.442    clk_IBUF_BUFG
    SLICE_X1Y60          FDCE                                         r  sin_reg[7]/C
  -------------------------------------------------------------------    -------------------
    SLICE_X1Y60          FDCE (Prop_fdce_C_Q)         0.141     1.583 r  sin_reg[7]/Q
                         net (fo=1, routed)           0.412     1.996    sin_OBUF[7]
    U17                  OBUF (Prop_obuf_I_O)         1.165     3.160 r  sin_OBUF[7]_inst/O
                         net (fo=0)                   0.000     3.160    sin[7]
    U17                                                               r  sin[7] (OUT)
  -------------------------------------------------------------------    -------------------





--------------------------------------------------------------------------------------
Path Group:  (none)
From Clock:  
  To Clock:  sys_clk

Max Delay            30 Endpoints
Min Delay            30 Endpoints
--------------------------------------------------------------------------------------


Max Delay Paths
--------------------------------------------------------------------------------------
Slack:                    inf
  Source:                 x[2]
                            (input port)
  Destination:            x_sq_reg_reg[5]_replica_2/D
                            (rising edge-triggered cell FDCE clocked by sys_clk  {rise@0.000ns fall@5.000ns period=10.000ns})
  Path Group:             (none)
  Path Type:              Setup (Max at Slow Process Corner)
  Data Path Delay:        7.343ns  (logic 2.281ns (31.057%)  route 5.063ns (68.943%))
  Logic Levels:           6  (CARRY4=2 IBUF=1 LUT2=2 LUT6=1)
  Clock Path Skew:        4.342ns (DCD - SCD + CPR)
    Destination Clock Delay (DCD):    4.342ns
    Source Clock Delay      (SCD):    0.000ns
    Clock Pessimism Removal (CPR):    0.000ns
  Clock Uncertainty:      0.025ns  ((TSJ^2 + TIJ^2)^1/2 + DJ) / 2 + PE
    Total System Jitter     (TSJ):    0.050ns
    Total Input Jitter      (TIJ):    0.000ns
    Discrete Jitter          (DJ):    0.000ns
    Phase Error              (PE):    0.000ns

    Location             Delay type                Incr(ns)  Path(ns)    Netlist Resource(s)
  -------------------------------------------------------------------    -------------------
    T9                                                0.000     0.000 r  x[2] (IN)
                         net (fo=0)                   0.000     0.000    x[2]
    T9                   IBUF (Prop_ibuf_I_O)         1.005     1.005 r  x_IBUF[2]_inst/O
                         net (fo=13, routed)          1.902     2.907    x_IBUF[2]
    SLICE_X4Y52          LUT2 (Prop_lut2_I1_O)        0.150     3.057 r  x_sq_reg[6]_i_9/O
                         net (fo=2, routed)           0.743     3.800    x_sq_reg[6]_i_9_n_0
    SLICE_X4Y53          LUT6 (Prop_lut6_I0_O)        0.332     4.132 r  x_sq_reg[6]_i_12/O
                         net (fo=1, routed)           0.000     4.132    x_sq_reg[6]_i_12_n_0
    SLICE_X4Y53          CARRY4 (Prop_carry4_S[0]_O[0])
                                                      0.247     4.379 r  x_sq_reg_reg[6]_i_3/O[0]
                         net (fo=2, routed)           1.088     5.468    x_sq_reg_reg[6]_i_3_n_7
    SLICE_X13Y53         LUT2 (Prop_lut2_I0_O)        0.299     5.767 r  x_sq_reg[6]_i_5/O
                         net (fo=1, routed)           0.000     5.767    x_sq_reg[6]_i_5_n_0
    SLICE_X13Y53         CARRY4 (Prop_carry4_S[2]_O[2])
                                                      0.248     6.015 r  x_sq_reg_reg[6]_i_1/O[2]
                         net (fo=4, routed)           1.329     7.343    x_sq_reg0[5]
    SLICE_X11Y50         FDCE                                         r  x_sq_reg_reg[5]_replica_2/D
  -------------------------------------------------------------------    -------------------

                         (clock sys_clk rise edge)    0.000     0.000 r  
    N15                                               0.000     0.000 r  clk (IN)
                         net (fo=0)                   0.000     0.000    clk
    N15                  IBUF (Prop_ibuf_I_O)         0.814     0.814 r  clk_IBUF_inst/O
                         net (fo=1, routed)           1.911     2.725    clk_IBUF
    BUFGCTRL_X0Y0        BUFG (Prop_bufg_I_O)         0.091     2.816 r  clk_IBUF_BUFG_inst/O
                         net (fo=19, routed)          1.525     4.342    clk_IBUF_BUFG
    SLICE_X11Y50         FDCE                                         r  x_sq_reg_reg[5]_replica_2/C

Slack:                    inf
  Source:                 x[2]
                            (input port)
  Destination:            x_sq_reg_reg[7]/D
                            (rising edge-triggered cell FDCE clocked by sys_clk  {rise@0.000ns fall@5.000ns period=10.000ns})
  Path Group:             (none)
  Path Type:              Setup (Max at Slow Process Corner)
  Data Path Delay:        7.263ns  (logic 2.837ns (39.055%)  route 4.426ns (60.945%))
  Logic Levels:           7  (CARRY4=3 IBUF=1 LUT2=1 LUT4=1 LUT6=1)
  Clock Path Skew:        4.338ns (DCD - SCD + CPR)
    Destination Clock Delay (DCD):    4.338ns
    Source Clock Delay      (SCD):    0.000ns
    Clock Pessimism Removal (CPR):    0.000ns
  Clock Uncertainty:      0.025ns  ((TSJ^2 + TIJ^2)^1/2 + DJ) / 2 + PE
    Total System Jitter     (TSJ):    0.050ns
    Total Input Jitter      (TIJ):    0.000ns
    Discrete Jitter          (DJ):    0.000ns
    Phase Error              (PE):    0.000ns

    Location             Delay type                Incr(ns)  Path(ns)    Netlist Resource(s)
  -------------------------------------------------------------------    -------------------
    T9                                                0.000     0.000 r  x[2] (IN)
                         net (fo=0)                   0.000     0.000    x[2]
    T9                   IBUF (Prop_ibuf_I_O)         1.005     1.005 r  x_IBUF[2]_inst/O
                         net (fo=13, routed)          1.902     2.907    x_IBUF[2]
    SLICE_X4Y52          LUT2 (Prop_lut2_I1_O)        0.150     3.057 r  x_sq_reg[6]_i_9/O
                         net (fo=2, routed)           0.743     3.800    x_sq_reg[6]_i_9_n_0
    SLICE_X4Y53          LUT6 (Prop_lut6_I0_O)        0.332     4.132 r  x_sq_reg[6]_i_12/O
                         net (fo=1, routed)           0.000     4.132    x_sq_reg[6]_i_12_n_0
    SLICE_X4Y53          CARRY4 (Prop_carry4_S[0]_O[1])
                                                      0.424     4.556 r  x_sq_reg_reg[6]_i_3/O[1]
                         net (fo=2, routed)           0.933     5.489    x_sq_reg_reg[6]_i_3_n_6
    SLICE_X13Y53         LUT4 (Prop_lut4_I1_O)        0.303     5.792 r  x_sq_reg[6]_i_4/O
                         net (fo=1, routed)           0.000     5.792    x_sq_reg[6]_i_4_n_0
    SLICE_X13Y53         CARRY4 (Prop_carry4_S[3]_CO[3])
                                                      0.401     6.193 r  x_sq_reg_reg[6]_i_1/CO[3]
                         net (fo=1, routed)           0.000     6.193    x_sq_reg_reg[6]_i_1_n_0
    SLICE_X13Y54         CARRY4 (Prop_carry4_CI_O[0])
                                                      0.222     6.415 r  x_sq_reg_reg[7]_i_1/O[0]
                         net (fo=1, routed)           0.848     7.263    x_sq_reg0[7]
    SLICE_X13Y54         FDCE                                         r  x_sq_reg_reg[7]/D
  -------------------------------------------------------------------    -------------------

                         (clock sys_clk rise edge)    0.000     0.000 r  
    N15                                               0.000     0.000 r  clk (IN)
                         net (fo=0)                   0.000     0.000    clk
    N15                  IBUF (Prop_ibuf_I_O)         0.814     0.814 r  clk_IBUF_inst/O
                         net (fo=1, routed)           1.911     2.725    clk_IBUF
    BUFGCTRL_X0Y0        BUFG (Prop_bufg_I_O)         0.091     2.816 r  clk_IBUF_BUFG_inst/O
                         net (fo=19, routed)          1.521     4.338    clk_IBUF_BUFG
    SLICE_X13Y54         FDCE                                         r  x_sq_reg_reg[7]/C

Slack:                    inf
  Source:                 x[2]
                            (input port)
  Destination:            x_sq_reg_reg[5]_replica_1/D
                            (rising edge-triggered cell FDCE clocked by sys_clk  {rise@0.000ns fall@5.000ns period=10.000ns})
  Path Group:             (none)
  Path Type:              Setup (Max at Slow Process Corner)
  Data Path Delay:        7.154ns  (logic 2.281ns (31.878%)  route 4.873ns (68.122%))
  Logic Levels:           6  (CARRY4=2 IBUF=1 LUT2=2 LUT6=1)
  Clock Path Skew:        4.342ns (DCD - SCD + CPR)
    Destination Clock Delay (DCD):    4.342ns
    Source Clock Delay      (SCD):    0.000ns
    Clock Pessimism Removal (CPR):    0.000ns
  Clock Uncertainty:      0.025ns  ((TSJ^2 + TIJ^2)^1/2 + DJ) / 2 + PE
    Total System Jitter     (TSJ):    0.050ns
    Total Input Jitter      (TIJ):    0.000ns
    Discrete Jitter          (DJ):    0.000ns
    Phase Error              (PE):    0.000ns

    Location             Delay type                Incr(ns)  Path(ns)    Netlist Resource(s)
  -------------------------------------------------------------------    -------------------
    T9                                                0.000     0.000 r  x[2] (IN)
                         net (fo=0)                   0.000     0.000    x[2]
    T9                   IBUF (Prop_ibuf_I_O)         1.005     1.005 r  x_IBUF[2]_inst/O
                         net (fo=13, routed)          1.902     2.907    x_IBUF[2]
    SLICE_X4Y52          LUT2 (Prop_lut2_I1_O)        0.150     3.057 r  x_sq_reg[6]_i_9/O
                         net (fo=2, routed)           0.743     3.800    x_sq_reg[6]_i_9_n_0
    SLICE_X4Y53          LUT6 (Prop_lut6_I0_O)        0.332     4.132 r  x_sq_reg[6]_i_12/O
                         net (fo=1, routed)           0.000     4.132    x_sq_reg[6]_i_12_n_0
    SLICE_X4Y53          CARRY4 (Prop_carry4_S[0]_O[0])
                                                      0.247     4.379 r  x_sq_reg_reg[6]_i_3/O[0]
                         net (fo=2, routed)           1.088     5.468    x_sq_reg_reg[6]_i_3_n_7
    SLICE_X13Y53         LUT2 (Prop_lut2_I0_O)        0.299     5.767 r  x_sq_reg[6]_i_5/O
                         net (fo=1, routed)           0.000     5.767    x_sq_reg[6]_i_5_n_0
    SLICE_X13Y53         CARRY4 (Prop_carry4_S[2]_O[2])
                                                      0.248     6.015 r  x_sq_reg_reg[6]_i_1/O[2]
                         net (fo=4, routed)           1.139     7.154    x_sq_reg0[5]
    SLICE_X11Y50         FDCE                                         r  x_sq_reg_reg[5]_replica_1/D
  -------------------------------------------------------------------    -------------------

                         (clock sys_clk rise edge)    0.000     0.000 r  
    N15                                               0.000     0.000 r  clk (IN)
                         net (fo=0)                   0.000     0.000    clk
    N15                  IBUF (Prop_ibuf_I_O)         0.814     0.814 r  clk_IBUF_inst/O
                         net (fo=1, routed)           1.911     2.725    clk_IBUF
    BUFGCTRL_X0Y0        BUFG (Prop_bufg_I_O)         0.091     2.816 r  clk_IBUF_BUFG_inst/O
                         net (fo=19, routed)          1.525     4.342    clk_IBUF_BUFG
    SLICE_X11Y50         FDCE                                         r  x_sq_reg_reg[5]_replica_1/C

Slack:                    inf
  Source:                 x[2]
                            (input port)
  Destination:            x_sq_reg_reg[5]_replica/D
                            (rising edge-triggered cell FDCE clocked by sys_clk  {rise@0.000ns fall@5.000ns period=10.000ns})
  Path Group:             (none)
  Path Type:              Setup (Max at Slow Process Corner)
  Data Path Delay:        6.709ns  (logic 2.281ns (33.994%)  route 4.428ns (66.006%))
  Logic Levels:           6  (CARRY4=2 IBUF=1 LUT2=2 LUT6=1)
  Clock Path Skew:        4.339ns (DCD - SCD + CPR)
    Destination Clock Delay (DCD):    4.339ns
    Source Clock Delay      (SCD):    0.000ns
    Clock Pessimism Removal (CPR):    0.000ns
  Clock Uncertainty:      0.025ns  ((TSJ^2 + TIJ^2)^1/2 + DJ) / 2 + PE
    Total System Jitter     (TSJ):    0.050ns
    Total Input Jitter      (TIJ):    0.000ns
    Discrete Jitter          (DJ):    0.000ns
    Phase Error              (PE):    0.000ns

    Location             Delay type                Incr(ns)  Path(ns)    Netlist Resource(s)
  -------------------------------------------------------------------    -------------------
    T9                                                0.000     0.000 r  x[2] (IN)
                         net (fo=0)                   0.000     0.000    x[2]
    T9                   IBUF (Prop_ibuf_I_O)         1.005     1.005 r  x_IBUF[2]_inst/O
                         net (fo=13, routed)          1.902     2.907    x_IBUF[2]
    SLICE_X4Y52          LUT2 (Prop_lut2_I1_O)        0.150     3.057 r  x_sq_reg[6]_i_9/O
                         net (fo=2, routed)           0.743     3.800    x_sq_reg[6]_i_9_n_0
    SLICE_X4Y53          LUT6 (Prop_lut6_I0_O)        0.332     4.132 r  x_sq_reg[6]_i_12/O
                         net (fo=1, routed)           0.000     4.132    x_sq_reg[6]_i_12_n_0
    SLICE_X4Y53          CARRY4 (Prop_carry4_S[0]_O[0])
                                                      0.247     4.379 r  x_sq_reg_reg[6]_i_3/O[0]
                         net (fo=2, routed)           1.088     5.468    x_sq_reg_reg[6]_i_3_n_7
    SLICE_X13Y53         LUT2 (Prop_lut2_I0_O)        0.299     5.767 r  x_sq_reg[6]_i_5/O
                         net (fo=1, routed)           0.000     5.767    x_sq_reg[6]_i_5_n_0
    SLICE_X13Y53         CARRY4 (Prop_carry4_S[2]_O[2])
                                                      0.248     6.015 r  x_sq_reg_reg[6]_i_1/O[2]
                         net (fo=4, routed)           0.694     6.709    x_sq_reg0[5]
    SLICE_X15Y50         FDCE                                         r  x_sq_reg_reg[5]_replica/D
  -------------------------------------------------------------------    -------------------

                         (clock sys_clk rise edge)    0.000     0.000 r  
    N15                                               0.000     0.000 r  clk (IN)
                         net (fo=0)                   0.000     0.000    clk
    N15                  IBUF (Prop_ibuf_I_O)         0.814     0.814 r  clk_IBUF_inst/O
                         net (fo=1, routed)           1.911     2.725    clk_IBUF
    BUFGCTRL_X0Y0        BUFG (Prop_bufg_I_O)         0.091     2.816 r  clk_IBUF_BUFG_inst/O
                         net (fo=19, routed)          1.522     4.339    clk_IBUF_BUFG
    SLICE_X15Y50         FDCE                                         r  x_sq_reg_reg[5]_replica/C

Slack:                    inf
  Source:                 x[2]
                            (input port)
  Destination:            x_sq_reg_reg[6]/D
                            (rising edge-triggered cell FDCE clocked by sys_clk  {rise@0.000ns fall@5.000ns period=10.000ns})
  Path Group:             (none)
  Path Type:              Setup (Max at Slow Process Corner)
  Data Path Delay:        6.650ns  (logic 2.385ns (35.861%)  route 4.265ns (64.139%))
  Logic Levels:           6  (CARRY4=2 IBUF=1 LUT2=2 LUT6=1)
  Clock Path Skew:        4.339ns (DCD - SCD + CPR)
    Destination Clock Delay (DCD):    4.339ns
    Source Clock Delay      (SCD):    0.000ns
    Clock Pessimism Removal (CPR):    0.000ns
  Clock Uncertainty:      0.025ns  ((TSJ^2 + TIJ^2)^1/2 + DJ) / 2 + PE
    Total System Jitter     (TSJ):    0.050ns
    Total Input Jitter      (TIJ):    0.000ns
    Discrete Jitter          (DJ):    0.000ns
    Phase Error              (PE):    0.000ns

    Location             Delay type                Incr(ns)  Path(ns)    Netlist Resource(s)
  -------------------------------------------------------------------    -------------------
    T9                                                0.000     0.000 r  x[2] (IN)
                         net (fo=0)                   0.000     0.000    x[2]
    T9                   IBUF (Prop_ibuf_I_O)         1.005     1.005 r  x_IBUF[2]_inst/O
                         net (fo=13, routed)          1.902     2.907    x_IBUF[2]
    SLICE_X4Y52          LUT2 (Prop_lut2_I1_O)        0.150     3.057 r  x_sq_reg[6]_i_9/O
                         net (fo=2, routed)           0.743     3.800    x_sq_reg[6]_i_9_n_0
    SLICE_X4Y53          LUT6 (Prop_lut6_I0_O)        0.332     4.132 r  x_sq_reg[6]_i_12/O
                         net (fo=1, routed)           0.000     4.132    x_sq_reg[6]_i_12_n_0
    SLICE_X4Y53          CARRY4 (Prop_carry4_S[0]_O[0])
                                                      0.247     4.379 r  x_sq_reg_reg[6]_i_3/O[0]
                         net (fo=2, routed)           1.088     5.468    x_sq_reg_reg[6]_i_3_n_7
    SLICE_X13Y53         LUT2 (Prop_lut2_I0_O)        0.299     5.767 r  x_sq_reg[6]_i_5/O
                         net (fo=1, routed)           0.000     5.767    x_sq_reg[6]_i_5_n_0
    SLICE_X13Y53         CARRY4 (Prop_carry4_S[2]_O[3])
                                                      0.352     6.119 r  x_sq_reg_reg[6]_i_1/O[3]
                         net (fo=1, routed)           0.531     6.650    x_sq_reg0[6]
    SLICE_X14Y51         FDCE                                         r  x_sq_reg_reg[6]/D
  -------------------------------------------------------------------    -------------------

                         (clock sys_clk rise edge)    0.000     0.000 r  
    N15                                               0.000     0.000 r  clk (IN)
                         net (fo=0)                   0.000     0.000    clk
    N15                  IBUF (Prop_ibuf_I_O)         0.814     0.814 r  clk_IBUF_inst/O
                         net (fo=1, routed)           1.911     2.725    clk_IBUF
    BUFGCTRL_X0Y0        BUFG (Prop_bufg_I_O)         0.091     2.816 r  clk_IBUF_BUFG_inst/O
                         net (fo=19, routed)          1.522     4.339    clk_IBUF_BUFG
    SLICE_X14Y51         FDCE                                         r  x_sq_reg_reg[6]/C

Slack:                    inf
  Source:                 x[2]
                            (input port)
  Destination:            x_sq_reg_reg[5]/D
                            (rising edge-triggered cell FDCE clocked by sys_clk  {rise@0.000ns fall@5.000ns period=10.000ns})
  Path Group:             (none)
  Path Type:              Setup (Max at Slow Process Corner)
  Data Path Delay:        6.366ns  (logic 2.281ns (35.822%)  route 4.086ns (64.178%))
  Logic Levels:           6  (CARRY4=2 IBUF=1 LUT2=2 LUT6=1)
  Clock Path Skew:        4.339ns (DCD - SCD + CPR)
    Destination Clock Delay (DCD):    4.339ns
    Source Clock Delay      (SCD):    0.000ns
    Clock Pessimism Removal (CPR):    0.000ns
  Clock Uncertainty:      0.025ns  ((TSJ^2 + TIJ^2)^1/2 + DJ) / 2 + PE
    Total System Jitter     (TSJ):    0.050ns
    Total Input Jitter      (TIJ):    0.000ns
    Discrete Jitter          (DJ):    0.000ns
    Phase Error              (PE):    0.000ns

    Location             Delay type                Incr(ns)  Path(ns)    Netlist Resource(s)
  -------------------------------------------------------------------    -------------------
    T9                                                0.000     0.000 r  x[2] (IN)
                         net (fo=0)                   0.000     0.000    x[2]
    T9                   IBUF (Prop_ibuf_I_O)         1.005     1.005 r  x_IBUF[2]_inst/O
                         net (fo=13, routed)          1.902     2.907    x_IBUF[2]
    SLICE_X4Y52          LUT2 (Prop_lut2_I1_O)        0.150     3.057 r  x_sq_reg[6]_i_9/O
                         net (fo=2, routed)           0.743     3.800    x_sq_reg[6]_i_9_n_0
    SLICE_X4Y53          LUT6 (Prop_lut6_I0_O)        0.332     4.132 r  x_sq_reg[6]_i_12/O
                         net (fo=1, routed)           0.000     4.132    x_sq_reg[6]_i_12_n_0
    SLICE_X4Y53          CARRY4 (Prop_carry4_S[0]_O[0])
                                                      0.247     4.379 r  x_sq_reg_reg[6]_i_3/O[0]
                         net (fo=2, routed)           1.088     5.468    x_sq_reg_reg[6]_i_3_n_7
    SLICE_X13Y53         LUT2 (Prop_lut2_I0_O)        0.299     5.767 r  x_sq_reg[6]_i_5/O
                         net (fo=1, routed)           0.000     5.767    x_sq_reg[6]_i_5_n_0
    SLICE_X13Y53         CARRY4 (Prop_carry4_S[2]_O[2])
                                                      0.248     6.015 r  x_sq_reg_reg[6]_i_1/O[2]
                         net (fo=4, routed)           0.352     6.366    x_sq_reg0[5]
    SLICE_X15Y52         FDCE                                         r  x_sq_reg_reg[5]/D
  -------------------------------------------------------------------    -------------------

                         (clock sys_clk rise edge)    0.000     0.000 r  
    N15                                               0.000     0.000 r  clk (IN)
                         net (fo=0)                   0.000     0.000    clk
    N15                  IBUF (Prop_ibuf_I_O)         0.814     0.814 r  clk_IBUF_inst/O
                         net (fo=1, routed)           1.911     2.725    clk_IBUF
    BUFGCTRL_X0Y0        BUFG (Prop_bufg_I_O)         0.091     2.816 r  clk_IBUF_BUFG_inst/O
                         net (fo=19, routed)          1.522     4.339    clk_IBUF_BUFG
    SLICE_X15Y52         FDCE                                         r  x_sq_reg_reg[5]/C

Slack:                    inf
  Source:                 x[1]
                            (input port)
  Destination:            x_sq_reg_reg[4]/D
                            (rising edge-triggered cell FDCE clocked by sys_clk  {rise@0.000ns fall@5.000ns period=10.000ns})
  Path Group:             (none)
  Path Type:              Setup (Max at Slow Process Corner)
  Data Path Delay:        5.683ns  (logic 2.437ns (42.883%)  route 3.246ns (57.117%))
  Logic Levels:           5  (CARRY4=2 IBUF=1 LUT2=2)
  Clock Path Skew:        4.339ns (DCD - SCD + CPR)
    Destination Clock Delay (DCD):    4.339ns
    Source Clock Delay      (SCD):    0.000ns
    Clock Pessimism Removal (CPR):    0.000ns
  Clock Uncertainty:      0.025ns  ((TSJ^2 + TIJ^2)^1/2 + DJ) / 2 + PE
    Total System Jitter     (TSJ):    0.050ns
    Total Input Jitter      (TIJ):    0.000ns
    Discrete Jitter          (DJ):    0.000ns
    Phase Error              (PE):    0.000ns

    Location             Delay type                Incr(ns)  Path(ns)    Netlist Resource(s)
  -------------------------------------------------------------------    -------------------
    T10                                               0.000     0.000 r  x[1] (IN)
                         net (fo=0)                   0.000     0.000    x[1]
    T10                  IBUF (Prop_ibuf_I_O)         1.007     1.007 r  x_IBUF[1]_inst/O
                         net (fo=16, routed)          1.626     2.633    x_IBUF[1]
    SLICE_X4Y52          LUT2 (Prop_lut2_I0_O)        0.124     2.757 r  x_sq_reg[2]_i_6/O
                         net (fo=1, routed)           0.000     2.757    x_sq_reg[2]_i_6_n_0
    SLICE_X4Y52          CARRY4 (Prop_carry4_S[1]_O[2])
                                                      0.580     3.337 r  x_sq_reg_reg[2]_i_1/O[2]
                         net (fo=2, routed)           1.073     4.410    x_sq_reg_reg[2]_i_1_n_5
    SLICE_X13Y53         LUT2 (Prop_lut2_I0_O)        0.302     4.712 r  x_sq_reg[6]_i_7/O
                         net (fo=1, routed)           0.000     4.712    x_sq_reg[6]_i_7_n_0
    SLICE_X13Y53         CARRY4 (Prop_carry4_S[0]_O[1])
                                                      0.424     5.136 r  x_sq_reg_reg[6]_i_1/O[1]
                         net (fo=2, routed)           0.547     5.683    x_sq_reg0[4]
    SLICE_X15Y52         FDCE                                         r  x_sq_reg_reg[4]/D
  -------------------------------------------------------------------    -------------------

                         (clock sys_clk rise edge)    0.000     0.000 r  
    N15                                               0.000     0.000 r  clk (IN)
                         net (fo=0)                   0.000     0.000    clk
    N15                  IBUF (Prop_ibuf_I_O)         0.814     0.814 r  clk_IBUF_inst/O
                         net (fo=1, routed)           1.911     2.725    clk_IBUF
    BUFGCTRL_X0Y0        BUFG (Prop_bufg_I_O)         0.091     2.816 r  clk_IBUF_BUFG_inst/O
                         net (fo=19, routed)          1.522     4.339    clk_IBUF_BUFG
    SLICE_X15Y52         FDCE                                         r  x_sq_reg_reg[4]/C

Slack:                    inf
  Source:                 x[1]
                            (input port)
  Destination:            x_sq_reg_reg[4]_replica/D
                            (rising edge-triggered cell FDCE clocked by sys_clk  {rise@0.000ns fall@5.000ns period=10.000ns})
  Path Group:             (none)
  Path Type:              Setup (Max at Slow Process Corner)
  Data Path Delay:        5.635ns  (logic 2.437ns (43.249%)  route 3.198ns (56.751%))
  Logic Levels:           5  (CARRY4=2 IBUF=1 LUT2=2)
  Clock Path Skew:        4.339ns (DCD - SCD + CPR)
    Destination Clock Delay (DCD):    4.339ns
    Source Clock Delay      (SCD):    0.000ns
    Clock Pessimism Removal (CPR):    0.000ns
  Clock Uncertainty:      0.025ns  ((TSJ^2 + TIJ^2)^1/2 + DJ) / 2 + PE
    Total System Jitter     (TSJ):    0.050ns
    Total Input Jitter      (TIJ):    0.000ns
    Discrete Jitter          (DJ):    0.000ns
    Phase Error              (PE):    0.000ns

    Location             Delay type                Incr(ns)  Path(ns)    Netlist Resource(s)
  -------------------------------------------------------------------    -------------------
    T10                                               0.000     0.000 r  x[1] (IN)
                         net (fo=0)                   0.000     0.000    x[1]
    T10                  IBUF (Prop_ibuf_I_O)         1.007     1.007 r  x_IBUF[1]_inst/O
                         net (fo=16, routed)          1.626     2.633    x_IBUF[1]
    SLICE_X4Y52          LUT2 (Prop_lut2_I0_O)        0.124     2.757 r  x_sq_reg[2]_i_6/O
                         net (fo=1, routed)           0.000     2.757    x_sq_reg[2]_i_6_n_0
    SLICE_X4Y52          CARRY4 (Prop_carry4_S[1]_O[2])
                                                      0.580     3.337 r  x_sq_reg_reg[2]_i_1/O[2]
                         net (fo=2, routed)           1.073     4.410    x_sq_reg_reg[2]_i_1_n_5
    SLICE_X13Y53         LUT2 (Prop_lut2_I0_O)        0.302     4.712 r  x_sq_reg[6]_i_7/O
                         net (fo=1, routed)           0.000     4.712    x_sq_reg[6]_i_7_n_0
    SLICE_X13Y53         CARRY4 (Prop_carry4_S[0]_O[1])
                                                      0.424     5.136 r  x_sq_reg_reg[6]_i_1/O[1]
                         net (fo=2, routed)           0.499     5.635    x_sq_reg0[4]
    SLICE_X15Y50         FDCE                                         r  x_sq_reg_reg[4]_replica/D
  -------------------------------------------------------------------    -------------------

                         (clock sys_clk rise edge)    0.000     0.000 r  
    N15                                               0.000     0.000 r  clk (IN)
                         net (fo=0)                   0.000     0.000    clk
    N15                  IBUF (Prop_ibuf_I_O)         0.814     0.814 r  clk_IBUF_inst/O
                         net (fo=1, routed)           1.911     2.725    clk_IBUF
    BUFGCTRL_X0Y0        BUFG (Prop_bufg_I_O)         0.091     2.816 r  clk_IBUF_BUFG_inst/O
                         net (fo=19, routed)          1.522     4.339    clk_IBUF_BUFG
    SLICE_X15Y50         FDCE                                         r  x_sq_reg_reg[4]_replica/C

Slack:                    inf
  Source:                 x[1]
                            (input port)
  Destination:            x_sq_reg_reg[3]/D
                            (rising edge-triggered cell FDCE clocked by sys_clk  {rise@0.000ns fall@5.000ns period=10.000ns})
  Path Group:             (none)
  Path Type:              Setup (Max at Slow Process Corner)
  Data Path Delay:        5.581ns  (logic 2.260ns (40.500%)  route 3.321ns (59.500%))
  Logic Levels:           5  (CARRY4=2 IBUF=1 LUT2=2)
  Clock Path Skew:        4.339ns (DCD - SCD + CPR)
    Destination Clock Delay (DCD):    4.339ns
    Source Clock Delay      (SCD):    0.000ns
    Clock Pessimism Removal (CPR):    0.000ns
  Clock Uncertainty:      0.025ns  ((TSJ^2 + TIJ^2)^1/2 + DJ) / 2 + PE
    Total System Jitter     (TSJ):    0.050ns
    Total Input Jitter      (TIJ):    0.000ns
    Discrete Jitter          (DJ):    0.000ns
    Phase Error              (PE):    0.000ns

    Location             Delay type                Incr(ns)  Path(ns)    Netlist Resource(s)
  -------------------------------------------------------------------    -------------------
    T10                                               0.000     0.000 r  x[1] (IN)
                         net (fo=0)                   0.000     0.000    x[1]
    T10                  IBUF (Prop_ibuf_I_O)         1.007     1.007 r  x_IBUF[1]_inst/O
                         net (fo=16, routed)          1.626     2.633    x_IBUF[1]
    SLICE_X4Y52          LUT2 (Prop_lut2_I0_O)        0.124     2.757 r  x_sq_reg[2]_i_6/O
                         net (fo=1, routed)           0.000     2.757    x_sq_reg[2]_i_6_n_0
    SLICE_X4Y52          CARRY4 (Prop_carry4_S[1]_O[2])
                                                      0.580     3.337 r  x_sq_reg_reg[2]_i_1/O[2]
                         net (fo=2, routed)           1.073     4.410    x_sq_reg_reg[2]_i_1_n_5
    SLICE_X13Y53         LUT2 (Prop_lut2_I0_O)        0.302     4.712 r  x_sq_reg[6]_i_7/O
                         net (fo=1, routed)           0.000     4.712    x_sq_reg[6]_i_7_n_0
    SLICE_X13Y53         CARRY4 (Prop_carry4_S[0]_O[0])
                                                      0.247     4.959 r  x_sq_reg_reg[6]_i_1/O[0]
                         net (fo=1, routed)           0.622     5.581    x_sq_reg0[3]
    SLICE_X15Y51         FDCE                                         r  x_sq_reg_reg[3]/D
  -------------------------------------------------------------------    -------------------

                         (clock sys_clk rise edge)    0.000     0.000 r  
    N15                                               0.000     0.000 r  clk (IN)
                         net (fo=0)                   0.000     0.000    clk
    N15                  IBUF (Prop_ibuf_I_O)         0.814     0.814 r  clk_IBUF_inst/O
                         net (fo=1, routed)           1.911     2.725    clk_IBUF
    BUFGCTRL_X0Y0        BUFG (Prop_bufg_I_O)         0.091     2.816 r  clk_IBUF_BUFG_inst/O
                         net (fo=19, routed)          1.522     4.339    clk_IBUF_BUFG
    SLICE_X15Y51         FDCE                                         r  x_sq_reg_reg[3]/C

Slack:                    inf
  Source:                 x[1]
                            (input port)
  Destination:            x_sq_reg_reg[2]/D
                            (rising edge-triggered cell FDCE clocked by sys_clk  {rise@0.000ns fall@5.000ns period=10.000ns})
  Path Group:             (none)
  Path Type:              Setup (Max at Slow Process Corner)
  Data Path Delay:        3.903ns  (logic 1.358ns (34.798%)  route 2.545ns (65.202%))
  Logic Levels:           3  (CARRY4=1 IBUF=1 LUT2=1)
  Clock Path Skew:        4.339ns (DCD - SCD + CPR)
    Destination Clock Delay (DCD):    4.339ns
    Source Clock Delay      (SCD):    0.000ns
    Clock Pessimism Removal (CPR):    0.000ns
  Clock Uncertainty:      0.025ns  ((TSJ^2 + TIJ^2)^1/2 + DJ) / 2 + PE
    Total System Jitter     (TSJ):    0.050ns
    Total Input Jitter      (TIJ):    0.000ns
    Discrete Jitter          (DJ):    0.000ns
    Phase Error              (PE):    0.000ns

    Location             Delay type                Incr(ns)  Path(ns)    Netlist Resource(s)
  -------------------------------------------------------------------    -------------------
    T10                                               0.000     0.000 r  x[1] (IN)
                         net (fo=0)                   0.000     0.000    x[1]
    T10                  IBUF (Prop_ibuf_I_O)         1.007     1.007 r  x_IBUF[1]_inst/O
                         net (fo=16, routed)          1.626     2.633    x_IBUF[1]
    SLICE_X4Y52          LUT2 (Prop_lut2_I0_O)        0.124     2.757 r  x_sq_reg[2]_i_6/O
                         net (fo=1, routed)           0.000     2.757    x_sq_reg[2]_i_6_n_0
    SLICE_X4Y52          CARRY4 (Prop_carry4_S[1]_O[1])
                                                      0.227     2.984 r  x_sq_reg_reg[2]_i_1/O[1]
                         net (fo=1, routed)           0.919     3.903    x_sq_reg0[2]
    SLICE_X13Y52         FDCE                                         r  x_sq_reg_reg[2]/D
  -------------------------------------------------------------------    -------------------

                         (clock sys_clk rise edge)    0.000     0.000 r  
    N15                                               0.000     0.000 r  clk (IN)
                         net (fo=0)                   0.000     0.000    clk
    N15                  IBUF (Prop_ibuf_I_O)         0.814     0.814 r  clk_IBUF_inst/O
                         net (fo=1, routed)           1.911     2.725    clk_IBUF
    BUFGCTRL_X0Y0        BUFG (Prop_bufg_I_O)         0.091     2.816 r  clk_IBUF_BUFG_inst/O
                         net (fo=19, routed)          1.522     4.339    clk_IBUF_BUFG
    SLICE_X13Y52         FDCE                                         r  x_sq_reg_reg[2]/C





Min Delay Paths
--------------------------------------------------------------------------------------
Slack:                    inf
  Source:                 rst
                            (input port)
  Destination:            sin_reg[1]/CLR
                            (removal check against rising-edge clock sys_clk  {rise@0.000ns fall@5.000ns period=10.000ns})
  Path Group:             (none)
  Path Type:              Removal (Min at Fast Process Corner)
  Data Path Delay:        0.664ns  (logic 0.238ns (35.759%)  route 0.427ns (64.241%))
  Logic Levels:           1  (IBUF=1)
  Clock Path Skew:        1.963ns (DCD - SCD - CPR)
    Destination Clock Delay (DCD):    1.963ns
    Source Clock Delay      (SCD):    0.000ns
    Clock Pessimism Removal (CPR):    -0.000ns

    Location             Delay type                Incr(ns)  Path(ns)    Netlist Resource(s)
  -------------------------------------------------------------------    -------------------
    V10                                               0.000     0.000 f  rst (IN)
                         net (fo=0)                   0.000     0.000    rst
    V10                  IBUF (Prop_ibuf_I_O)         0.238     0.238 f  rst_IBUF_inst/O
                         net (fo=19, routed)          0.427     0.664    rst_IBUF
    SLICE_X1Y59          FDCE                                         f  sin_reg[1]/CLR
  -------------------------------------------------------------------    -------------------

                         (clock sys_clk rise edge)    0.000     0.000 r  
    N15                                               0.000     0.000 r  clk (IN)
                         net (fo=0)                   0.000     0.000    clk
    N15                  IBUF (Prop_ibuf_I_O)         0.365     0.365 r  clk_IBUF_inst/O
                         net (fo=1, routed)           0.695     1.060    clk_IBUF
    BUFGCTRL_X0Y0        BUFG (Prop_bufg_I_O)         0.029     1.089 r  clk_IBUF_BUFG_inst/O
                         net (fo=19, routed)          0.874     1.963    clk_IBUF_BUFG
    SLICE_X1Y59          FDCE                                         r  sin_reg[1]/C

Slack:                    inf
  Source:                 rst
                            (input port)
  Destination:            sin_reg[2]/CLR
                            (removal check against rising-edge clock sys_clk  {rise@0.000ns fall@5.000ns period=10.000ns})
  Path Group:             (none)
  Path Type:              Removal (Min at Fast Process Corner)
  Data Path Delay:        0.664ns  (logic 0.238ns (35.759%)  route 0.427ns (64.241%))
  Logic Levels:           1  (IBUF=1)
  Clock Path Skew:        1.963ns (DCD - SCD - CPR)
    Destination Clock Delay (DCD):    1.963ns
    Source Clock Delay      (SCD):    0.000ns
    Clock Pessimism Removal (CPR):    -0.000ns

    Location             Delay type                Incr(ns)  Path(ns)    Netlist Resource(s)
  -------------------------------------------------------------------    -------------------
    V10                                               0.000     0.000 f  rst (IN)
                         net (fo=0)                   0.000     0.000    rst
    V10                  IBUF (Prop_ibuf_I_O)         0.238     0.238 f  rst_IBUF_inst/O
                         net (fo=19, routed)          0.427     0.664    rst_IBUF
    SLICE_X1Y59          FDCE                                         f  sin_reg[2]/CLR
  -------------------------------------------------------------------    -------------------

                         (clock sys_clk rise edge)    0.000     0.000 r  
    N15                                               0.000     0.000 r  clk (IN)
                         net (fo=0)                   0.000     0.000    clk
    N15                  IBUF (Prop_ibuf_I_O)         0.365     0.365 r  clk_IBUF_inst/O
                         net (fo=1, routed)           0.695     1.060    clk_IBUF
    BUFGCTRL_X0Y0        BUFG (Prop_bufg_I_O)         0.029     1.089 r  clk_IBUF_BUFG_inst/O
                         net (fo=19, routed)          0.874     1.963    clk_IBUF_BUFG
    SLICE_X1Y59          FDCE                                         r  sin_reg[2]/C

Slack:                    inf
  Source:                 rst
                            (input port)
  Destination:            sin_reg[3]/CLR
                            (removal check against rising-edge clock sys_clk  {rise@0.000ns fall@5.000ns period=10.000ns})
  Path Group:             (none)
  Path Type:              Removal (Min at Fast Process Corner)
  Data Path Delay:        0.664ns  (logic 0.238ns (35.759%)  route 0.427ns (64.241%))
  Logic Levels:           1  (IBUF=1)
  Clock Path Skew:        1.963ns (DCD - SCD - CPR)
    Destination Clock Delay (DCD):    1.963ns
    Source Clock Delay      (SCD):    0.000ns
    Clock Pessimism Removal (CPR):    -0.000ns

    Location             Delay type                Incr(ns)  Path(ns)    Netlist Resource(s)
  -------------------------------------------------------------------    -------------------
    V10                                               0.000     0.000 f  rst (IN)
                         net (fo=0)                   0.000     0.000    rst
    V10                  IBUF (Prop_ibuf_I_O)         0.238     0.238 f  rst_IBUF_inst/O
                         net (fo=19, routed)          0.427     0.664    rst_IBUF
    SLICE_X1Y59          FDCE                                         f  sin_reg[3]/CLR
  -------------------------------------------------------------------    -------------------

                         (clock sys_clk rise edge)    0.000     0.000 r  
    N15                                               0.000     0.000 r  clk (IN)
                         net (fo=0)                   0.000     0.000    clk
    N15                  IBUF (Prop_ibuf_I_O)         0.365     0.365 r  clk_IBUF_inst/O
                         net (fo=1, routed)           0.695     1.060    clk_IBUF
    BUFGCTRL_X0Y0        BUFG (Prop_bufg_I_O)         0.029     1.089 r  clk_IBUF_BUFG_inst/O
                         net (fo=19, routed)          0.874     1.963    clk_IBUF_BUFG
    SLICE_X1Y59          FDCE                                         r  sin_reg[3]/C

Slack:                    inf
  Source:                 rst
                            (input port)
  Destination:            sin_reg[4]/CLR
                            (removal check against rising-edge clock sys_clk  {rise@0.000ns fall@5.000ns period=10.000ns})
  Path Group:             (none)
  Path Type:              Removal (Min at Fast Process Corner)
  Data Path Delay:        0.664ns  (logic 0.238ns (35.759%)  route 0.427ns (64.241%))
  Logic Levels:           1  (IBUF=1)
  Clock Path Skew:        1.963ns (DCD - SCD - CPR)
    Destination Clock Delay (DCD):    1.963ns
    Source Clock Delay      (SCD):    0.000ns
    Clock Pessimism Removal (CPR):    -0.000ns

    Location             Delay type                Incr(ns)  Path(ns)    Netlist Resource(s)
  -------------------------------------------------------------------    -------------------
    V10                                               0.000     0.000 f  rst (IN)
                         net (fo=0)                   0.000     0.000    rst
    V10                  IBUF (Prop_ibuf_I_O)         0.238     0.238 f  rst_IBUF_inst/O
                         net (fo=19, routed)          0.427     0.664    rst_IBUF
    SLICE_X1Y59          FDCE                                         f  sin_reg[4]/CLR
  -------------------------------------------------------------------    -------------------

                         (clock sys_clk rise edge)    0.000     0.000 r  
    N15                                               0.000     0.000 r  clk (IN)
                         net (fo=0)                   0.000     0.000    clk
    N15                  IBUF (Prop_ibuf_I_O)         0.365     0.365 r  clk_IBUF_inst/O
                         net (fo=1, routed)           0.695     1.060    clk_IBUF
    BUFGCTRL_X0Y0        BUFG (Prop_bufg_I_O)         0.029     1.089 r  clk_IBUF_BUFG_inst/O
                         net (fo=19, routed)          0.874     1.963    clk_IBUF_BUFG
    SLICE_X1Y59          FDCE                                         r  sin_reg[4]/C

Slack:                    inf
  Source:                 rst
                            (input port)
  Destination:            sin_reg[5]/CLR
                            (removal check against rising-edge clock sys_clk  {rise@0.000ns fall@5.000ns period=10.000ns})
  Path Group:             (none)
  Path Type:              Removal (Min at Fast Process Corner)
  Data Path Delay:        0.728ns  (logic 0.238ns (32.646%)  route 0.490ns (67.354%))
  Logic Levels:           1  (IBUF=1)
  Clock Path Skew:        1.962ns (DCD - SCD - CPR)
    Destination Clock Delay (DCD):    1.962ns
    Source Clock Delay      (SCD):    0.000ns
    Clock Pessimism Removal (CPR):    -0.000ns

    Location             Delay type                Incr(ns)  Path(ns)    Netlist Resource(s)
  -------------------------------------------------------------------    -------------------
    V10                                               0.000     0.000 f  rst (IN)
                         net (fo=0)                   0.000     0.000    rst
    V10                  IBUF (Prop_ibuf_I_O)         0.238     0.238 f  rst_IBUF_inst/O
                         net (fo=19, routed)          0.490     0.728    rst_IBUF
    SLICE_X1Y60          FDCE                                         f  sin_reg[5]/CLR
  -------------------------------------------------------------------    -------------------

                         (clock sys_clk rise edge)    0.000     0.000 r  
    N15                                               0.000     0.000 r  clk (IN)
                         net (fo=0)                   0.000     0.000    clk
    N15                  IBUF (Prop_ibuf_I_O)         0.365     0.365 r  clk_IBUF_inst/O
                         net (fo=1, routed)           0.695     1.060    clk_IBUF
    BUFGCTRL_X0Y0        BUFG (Prop_bufg_I_O)         0.029     1.089 r  clk_IBUF_BUFG_inst/O
                         net (fo=19, routed)          0.873     1.962    clk_IBUF_BUFG
    SLICE_X1Y60          FDCE                                         r  sin_reg[5]/C

Slack:                    inf
  Source:                 rst
                            (input port)
  Destination:            sin_reg[6]/CLR
                            (removal check against rising-edge clock sys_clk  {rise@0.000ns fall@5.000ns period=10.000ns})
  Path Group:             (none)
  Path Type:              Removal (Min at Fast Process Corner)
  Data Path Delay:        0.728ns  (logic 0.238ns (32.646%)  route 0.490ns (67.354%))
  Logic Levels:           1  (IBUF=1)
  Clock Path Skew:        1.962ns (DCD - SCD - CPR)
    Destination Clock Delay (DCD):    1.962ns
    Source Clock Delay      (SCD):    0.000ns
    Clock Pessimism Removal (CPR):    -0.000ns

    Location             Delay type                Incr(ns)  Path(ns)    Netlist Resource(s)
  -------------------------------------------------------------------    -------------------
    V10                                               0.000     0.000 f  rst (IN)
                         net (fo=0)                   0.000     0.000    rst
    V10                  IBUF (Prop_ibuf_I_O)         0.238     0.238 f  rst_IBUF_inst/O
                         net (fo=19, routed)          0.490     0.728    rst_IBUF
    SLICE_X1Y60          FDCE                                         f  sin_reg[6]/CLR
  -------------------------------------------------------------------    -------------------

                         (clock sys_clk rise edge)    0.000     0.000 r  
    N15                                               0.000     0.000 r  clk (IN)
                         net (fo=0)                   0.000     0.000    clk
    N15                  IBUF (Prop_ibuf_I_O)         0.365     0.365 r  clk_IBUF_inst/O
                         net (fo=1, routed)           0.695     1.060    clk_IBUF
    BUFGCTRL_X0Y0        BUFG (Prop_bufg_I_O)         0.029     1.089 r  clk_IBUF_BUFG_inst/O
                         net (fo=19, routed)          0.873     1.962    clk_IBUF_BUFG
    SLICE_X1Y60          FDCE                                         r  sin_reg[6]/C

Slack:                    inf
  Source:                 rst
                            (input port)
  Destination:            sin_reg[7]/CLR
                            (removal check against rising-edge clock sys_clk  {rise@0.000ns fall@5.000ns period=10.000ns})
  Path Group:             (none)
  Path Type:              Removal (Min at Fast Process Corner)
  Data Path Delay:        0.728ns  (logic 0.238ns (32.646%)  route 0.490ns (67.354%))
  Logic Levels:           1  (IBUF=1)
  Clock Path Skew:        1.962ns (DCD - SCD - CPR)
    Destination Clock Delay (DCD):    1.962ns
    Source Clock Delay      (SCD):    0.000ns
    Clock Pessimism Removal (CPR):    -0.000ns

    Location             Delay type                Incr(ns)  Path(ns)    Netlist Resource(s)
  -------------------------------------------------------------------    -------------------
    V10                                               0.000     0.000 f  rst (IN)
                         net (fo=0)                   0.000     0.000    rst
    V10                  IBUF (Prop_ibuf_I_O)         0.238     0.238 f  rst_IBUF_inst/O
                         net (fo=19, routed)          0.490     0.728    rst_IBUF
    SLICE_X1Y60          FDCE                                         f  sin_reg[7]/CLR
  -------------------------------------------------------------------    -------------------

                         (clock sys_clk rise edge)    0.000     0.000 r  
    N15                                               0.000     0.000 r  clk (IN)
                         net (fo=0)                   0.000     0.000    clk
    N15                  IBUF (Prop_ibuf_I_O)         0.365     0.365 r  clk_IBUF_inst/O
                         net (fo=1, routed)           0.695     1.060    clk_IBUF
    BUFGCTRL_X0Y0        BUFG (Prop_bufg_I_O)         0.029     1.089 r  clk_IBUF_BUFG_inst/O
                         net (fo=19, routed)          0.873     1.962    clk_IBUF_BUFG
    SLICE_X1Y60          FDCE                                         r  sin_reg[7]/C

Slack:                    inf
  Source:                 rst
                            (input port)
  Destination:            x_sq_reg_reg[5]_replica_1/CLR
                            (removal check against rising-edge clock sys_clk  {rise@0.000ns fall@5.000ns period=10.000ns})
  Path Group:             (none)
  Path Type:              Removal (Min at Fast Process Corner)
  Data Path Delay:        0.961ns  (logic 0.238ns (24.715%)  route 0.723ns (75.285%))
  Logic Levels:           1  (IBUF=1)
  Clock Path Skew:        1.934ns (DCD - SCD - CPR)
    Destination Clock Delay (DCD):    1.934ns
    Source Clock Delay      (SCD):    0.000ns
    Clock Pessimism Removal (CPR):    -0.000ns

    Location             Delay type                Incr(ns)  Path(ns)    Netlist Resource(s)
  -------------------------------------------------------------------    -------------------
    V10                                               0.000     0.000 f  rst (IN)
                         net (fo=0)                   0.000     0.000    rst
    V10                  IBUF (Prop_ibuf_I_O)         0.238     0.238 f  rst_IBUF_inst/O
                         net (fo=19, routed)          0.723     0.961    rst_IBUF
    SLICE_X11Y50         FDCE                                         f  x_sq_reg_reg[5]_replica_1/CLR
  -------------------------------------------------------------------    -------------------

                         (clock sys_clk rise edge)    0.000     0.000 r  
    N15                                               0.000     0.000 r  clk (IN)
                         net (fo=0)                   0.000     0.000    clk
    N15                  IBUF (Prop_ibuf_I_O)         0.365     0.365 r  clk_IBUF_inst/O
                         net (fo=1, routed)           0.695     1.060    clk_IBUF
    BUFGCTRL_X0Y0        BUFG (Prop_bufg_I_O)         0.029     1.089 r  clk_IBUF_BUFG_inst/O
                         net (fo=19, routed)          0.845     1.934    clk_IBUF_BUFG
    SLICE_X11Y50         FDCE                                         r  x_sq_reg_reg[5]_replica_1/C

Slack:                    inf
  Source:                 rst
                            (input port)
  Destination:            x_sq_reg_reg[5]_replica_2/CLR
                            (removal check against rising-edge clock sys_clk  {rise@0.000ns fall@5.000ns period=10.000ns})
  Path Group:             (none)
  Path Type:              Removal (Min at Fast Process Corner)
  Data Path Delay:        0.961ns  (logic 0.238ns (24.715%)  route 0.723ns (75.285%))
  Logic Levels:           1  (IBUF=1)
  Clock Path Skew:        1.934ns (DCD - SCD - CPR)
    Destination Clock Delay (DCD):    1.934ns
    Source Clock Delay      (SCD):    0.000ns
    Clock Pessimism Removal (CPR):    -0.000ns

    Location             Delay type                Incr(ns)  Path(ns)    Netlist Resource(s)
  -------------------------------------------------------------------    -------------------
    V10                                               0.000     0.000 f  rst (IN)
                         net (fo=0)                   0.000     0.000    rst
    V10                  IBUF (Prop_ibuf_I_O)         0.238     0.238 f  rst_IBUF_inst/O
                         net (fo=19, routed)          0.723     0.961    rst_IBUF
    SLICE_X11Y50         FDCE                                         f  x_sq_reg_reg[5]_replica_2/CLR
  -------------------------------------------------------------------    -------------------

                         (clock sys_clk rise edge)    0.000     0.000 r  
    N15                                               0.000     0.000 r  clk (IN)
                         net (fo=0)                   0.000     0.000    clk
    N15                  IBUF (Prop_ibuf_I_O)         0.365     0.365 r  clk_IBUF_inst/O
                         net (fo=1, routed)           0.695     1.060    clk_IBUF
    BUFGCTRL_X0Y0        BUFG (Prop_bufg_I_O)         0.029     1.089 r  clk_IBUF_BUFG_inst/O
                         net (fo=19, routed)          0.845     1.934    clk_IBUF_BUFG
    SLICE_X11Y50         FDCE                                         r  x_sq_reg_reg[5]_replica_2/C

Slack:                    inf
  Source:                 rst
                            (input port)
  Destination:            x_sq_reg_reg[7]/CLR
                            (removal check against rising-edge clock sys_clk  {rise@0.000ns fall@5.000ns period=10.000ns})
  Path Group:             (none)
  Path Type:              Removal (Min at Fast Process Corner)
  Data Path Delay:        0.965ns  (logic 0.238ns (24.616%)  route 0.727ns (75.384%))
  Logic Levels:           1  (IBUF=1)
  Clock Path Skew:        1.933ns (DCD - SCD - CPR)
    Destination Clock Delay (DCD):    1.933ns
    Source Clock Delay      (SCD):    0.000ns
    Clock Pessimism Removal (CPR):    -0.000ns

    Location             Delay type                Incr(ns)  Path(ns)    Netlist Resource(s)
  -------------------------------------------------------------------    -------------------
    V10                                               0.000     0.000 f  rst (IN)
                         net (fo=0)                   0.000     0.000    rst
    V10                  IBUF (Prop_ibuf_I_O)         0.238     0.238 f  rst_IBUF_inst/O
                         net (fo=19, routed)          0.727     0.965    rst_IBUF
    SLICE_X13Y54         FDCE                                         f  x_sq_reg_reg[7]/CLR
  -------------------------------------------------------------------    -------------------

                         (clock sys_clk rise edge)    0.000     0.000 r  
    N15                                               0.000     0.000 r  clk (IN)
                         net (fo=0)                   0.000     0.000    clk
    N15                  IBUF (Prop_ibuf_I_O)         0.365     0.365 r  clk_IBUF_inst/O
                         net (fo=1, routed)           0.695     1.060    clk_IBUF
    BUFGCTRL_X0Y0        BUFG (Prop_bufg_I_O)         0.029     1.089 r  clk_IBUF_BUFG_inst/O
                         net (fo=19, routed)          0.844     1.933    clk_IBUF_BUFG
    SLICE_X13Y54         FDCE                                         r  x_sq_reg_reg[7]/C





